Model,item_upc,quantity,Products_price
1019,073096500235,4,1.9
1037,10039800019193,17,18.22
6012,176554006277,21,9
6022,825156107898,12,4.5
6029,847878000325,4,12.5
6032,825156107690,5,8.5
6034,685634100526,45,13.2
6046,847878000288,11,22.5
6058,825156107485,7,13.5
6059,825156107492,22,15
6062,176554005805,8,11.25
6065,825156107607,20,4.5
6073,685634100441,1,13.2
6076,825156107201,26,5
6084,825156106884,0,7.5
6109,825156106990,18,5
6155,685634001045,3,13.2
6160,9780811859417,81,10.83
6238,825156104385,5,4.5
6240,825156102664,1,10
6258,825156102398,32,8.5
6263,825156102343,19,4.5
6264,825156102350,8,4.5
6267,825156102381,12,10
6271,176554005379,15,9
6289,176554005232,19,7.92
6293,825156100639,30,4.5
6301,825156031209,6,11
6389,825156104255,47,4.5
6469,9781890159382,0,17.98
6492,9781890159191,21,10.9
6505,9781890159115,6,7.69
6558,5022782000936,32,3.5
6605,818631020577,24,5
6687,348132100244,3765,10.45
6815,5022782088330,27,3
6816,5022782099442,26,3
6846,9781890159139,3,10.9
6861,9781402224546,25,7.72
6862,9781402224539,37,7.72
KS10010,739122000109,0,15
7415,740805150080,69,5.75
7567,740805250087,234,5.75
7568,740805228161,77,12.67
7588,685634100335,38,9.35
7753,879959004717,124,7
7850,825156102565,12,3.5
7851,825156102572,6,3.5
7969,5022782222666,85,7.9
7970,5022782333119,82,5.5
8011,818631022854,18,3.25
8047,818631022021,76,5
8165,9780940208377,4,11.53
8279,898788000998,57,6
8320,818631021628,16,6
8321,817717006467,15,3.85
8328,827160106362,34,9
8331,818631021574,24,2.7
8454,9780811853576,0,10.83
8458,9780811850742,50,3.97
1975-19BKEA,6768903842205,14,3.47
1975-19CLEA,6768903842106,11,3.47
1975-23BKEA,6768903846302,28,4.83
1975-25BK,6768903846609,14,6.04
1975-29BKEA,6768903842601,0,3.94
1975-29CLEA,6768903842502,9,3.94
1990-110,669729221105,6,6.384
1990-203,669729222034,5,4.424
1990-47,669729200476,3,7.147
1990-F2,669729340028,7,16.898
2007-21,669729411131,7,3.584
2007-84,669729410844,1,3.003
2007-98,669729410868,4,8.183
2008M,669729410226,4,1.358
2009S,669729410363,5,1.204
2029-01,836224001499,16,105
2029-02,836224006555,10,141.43
2029-77,834194001068,40,9.95
2029-90,836224005961,16,7.5
2029-91,836224005978,24,7.5
2036-02,803938969100,0,101.5
3177-1,817717006887,61,2.75
3177-900,817717009000,33,8.8
3177-935,817717009352,136,3.85
6009-R175,825156108185,21,4.5
6009-R176,825156108178,0,3.5
6010-03,825156108093,65,5
6018-02,176554006215,15,5.25
6018-03,176554006208,24,5.25
6018-05,176554006239,26,5.25
6018-06,176554006246,46,5.5
6029-02,847878001308,0,12.5
6029-03,847878001476,57,6
6029-04,847878001469,40,3.74
6036-02,825156109397,3,7.5
6038-02,825156107904,17,5
6084-02,825156108680,30,7.5
6126-02,825156106488,16,6
6160-03,9781452101736,31,8.55
6213-02,176554005423,0,12.5
6238-10,825156107218,16,5
6238SP,825156104064,38,4.5
6252-01,5037353000116,37,19
6257-02,825156107140,18,5
6258-02,825156109007,37,4.5
6258-20,825156107386,49,4.5
6258-50,825156107324,48,3.5
6301-02,825156107072,58,6
6389-02,825156108482,14,4.5
6389-20,825156107263,24,15
6389-41,825156107355,84,3
6389-43,825156107300,33,3.5
6389-51,825156107188,100,4
6389SP,825156102510,34,4.5
6556-06EA,817717001158,35,3
6560-99,818631021208,12,2.1
6564-9,817717005491,52,3
6593-51,818631021512,35,4.75
6593-52,818631021529,24,4.75
6593-53,818631021536,36,4.75
6593-54,818631021543,33,4.75
6593-55,818631021550,20,4.75
6593-56,818631021567,31,4.75
6596-26,818631020263,36,4.75
6596-27,818631020270,53,4.75
6596-28,818631020287,30,4.75
6596-29,818631020294,22,4.75
6601-12,763290888528,44,29.95
6601-14,763290898985,93,8.84
6601-15,763290215485,33,12.62
6601-17,763290802050,120,29.95
6601-18,763290802067,37,29.95
6601-29,763290093274,32,50
6601-3,763290085316,57,29.95
6601-5,763290085323,82,31.69
6601-52,763290080274,47,31.69
6601-62,763290085392,10,16.25
6601-69,763290320080,7,50
6601-8,763290078783,69,29.95
6689-3,679359001176,35,6.63
6689-5,679359000001,31,13.65
6689-6,679359000322,14,16.53
6689-90,679359000421,27,16.02
6693-93,679359000728,14,7.97
6694-01,679359000957,12,13.02
6701-01,894147000012,427,7
6701-02,894147000029,72,16
6701-03,894147000319,200,7
6701-04,894147000098,136,7.5
6701-05,894147000081,102,7
6701-06,894147000111,173,11
6701-07,894147000197,91,12
6701-08,894147000418,129,11
6701-09,894147000128,77,22
6701-20,894147009459,37,8
6701-20P,894147002450,498,1
6701-21,894147000425,33,8
6701-21P,894147000920,350,0.65
6701-22,894147000432,65,8
6701-23,894147000449,87,8
6701-24,894147000821,57,8
6701-24P,894147000753,459,0.65
6701-27,894147000586,70,7.5
6701-31,894147009138,65,7.5
6701-41,894147000494,91,12
6701-42,894147000869,67,12
6701-43,894147000463,96,12
6701-44,894147000470,43,12
6701-46,894147000838,6,8.4
6701-47,894147000593,60,12.5
6701-57,894147003532,6,7.5
6701-59,894147003501,74,7.5
6701-61,894147003518,8,12
6701-63,894147003594,38,12
6716-2,679359000483,43,9.95
6755-02,699439009014,144,11.91
6755-04,699439009021,105,16.38
6755-08,699439009038,89,25.64
6755-10,699439009045,15,44.5
6755-22,699439009106,234,5.61
6755-24,699439009113,267,8.67
6755-27,699439009168,11,33.15
6755-28,699439009120,176,12.75
6755-29,699439009137,56,20.4
6755-31,699439009403,0,13
6755-76,699439109509,72,7.65
6762-04,827160106317,58,8.1
6762-14,827160106294,70,18
6762-25,827160112592,30,16.25
6762-26,827160112608,71,11.5
6764-1,827160112158,55,11.5
6764-2,827160112134,34,16.25
6764-40,827160112165,46,11.5
6764-42,827160112141,0,16.25
6764-43,827160112257,16,36
6765-01,827160100759,0,8
6765-04,827160100773,56,16
6765-04L,827160112066,44,16
6765-08,827160100797,43,31.25
6765-24,827160110086,287,10
6765-25,827160112080,2,9
6765-26,827160112073,33,10.25
6766-03,827160112028,39,11.5
6766-04,827160101862,50,16
6766-24,827160112127,57,10
6809-1,848631011015,43,4.5
6816-02,5022782888770,24,3.6
6892-38,9781492630883,7,5.13
7008-02,855559003275,7,11.98
7008-03,855559003282,0,11.98
7009-01,855559003305,30,11.98
7009-21,855559003206,31,5.98
7009-81,855559004302,3,119
7092-03,850735005029,41,12.63
7092-23,850735005012,57,7.45
7135-30,699439006051,76,20
7217-21,720184101019,129,3.77
7217-24,720184101040,55,12.08
7217-25,720184101156,60,21.16
7217-29,720184101088,57,15.08
7217-62,720184103020,22,6.63
7217-69,720184103082,0,13.45
7218-01,726893120037,77,2.59
7230BG,802190000330,0,4.35
7230BL,802190000095,8,4.35
7230BR,802190001689,1,4.35
7230C,802190000101,0,4.35
7230CC,802190000347,0,4.35
7230CI,802190000156,0,4.35
7230OC,802190001740,0,4.35
7230P,802190000323,0,4.35
7230PC,802190000187,0,4.35
7230PF,802190000132,0,4.35
7230R,802190000644,0,4.35
7230RC,802190000316,1,4.35
7230S,802190000149,0,4.35
7230V,802190000163,9,4.35
7230W,802190000217,0,4.35
7235-02,679359000858,29,7.38
7235-04,679359000865,20,9.92
7235-22,679359001343,22,7.38
7235-24,679359001350,29,9.92
7235-42,679359000018,21,12.4
7237-01,679359000919,26,11.55
7237-02,679359000926,68,10.7
7237-31,679359000759,0,12.92
7276-02,5022782888725,0,3.15
7284-21,720184207025,0,6.57
7289-01,184755000055,29,1.44
7289-02,184755000000,147,6.97
7289-04,184755000017,80,9.64
7289-08,184755000024,72,13.5
7289-16,184755000031,60,20.39
7289-22,184755000505,295,6.21
7289-24,184755000512,163,8.05
7289-26,184755000536,38,19.9
7289-28,184755000529,65,11.75
7289-32,184755000604,90,9.77
7289-34,184755000611,63,14.83
7289-38,184755000628,41,23.6
7315-01,761236900600,61,5.72
7315-02,761236900617,57,9.68
7315-04,761236900624,34,15.72
7315-08,761236900631,28,24.75
7315-12ML,PACPDK,139,1.52
7316-05,761236501067,14,14.4
7323-51,761236900686,43,5.59
7323-52,761236900693,39,9.98
7324-01,761236900310,33,6.78
7324-02,761236900358,22,6.78
7324-03,761236900327,16,6.78
7324-04,761236900341,51,6.78
7324-11,761236900907,35,3.71
7324-12,761236901027,54,3.71
7324-13,761236900990,15,3.71
7324-14,761236901010,38,3.71
7324-16,761236901003,34,3.71
7361-1,739122002165,20,9
7361-2,739122002172,23,9
7366-01,739122002103,80,9
7376HB,739122000222,10,11
7376PG,739122000161,7,11
7376SA,739122000215,31,11
7376SS,739122000239,26,11
7376SY,739122000154,29,11
7379-2,739122000246,21,23
7552-08,685634101073,6,13.2
7552-09,685634101455,34,13.2
7552-11,685634101851,19,19.8
7565-2,740805200020,243,2.34
7566-2,740805250049,164,3.65
7589-3,685634302418,17,7.15
7589-4,685634302432,1,7.15
7590-01,685634000246,88,5.5
7590-06,685634000284,7,5.5
7605-01EA,022600920502,112,1.99
7605-02EA,022600930501,79,2.05
7605-03EA,022600940500,71,2.4
7605-05EA,022600926207,32,2.4
7605-07EA,022600642039,78,2.4
7605-10EA,022600973201,76,2.4
7605-12EA,022600646037,6,2.83
7605-15EA,022600931508,83,2.4
7605-16EA,022600960034,91,2.83
7605-17EA,022600947219,94,2.83
7605-18EA,022600647201,0,3.48
7605-20EA,022600957058,82,3.48
7605-21EA,022600957010,80,2.83
7605-22EA,022600642084,82,2.83
7605-24EA,022600228875,89,10.11
7605-25EA,022600019619,54,3.48
7605-26EA,022600228882,109,3.48
7605-27EA,022600020158,62,2.4
7605-29EA,022600019879,84,3.48
7605-30EA,022600927204,77,2.83
7606-01,022600642145,68,8.47
7606-02,022600972525,51,9.2
7606-07,022600647140,91,8.47
7606-08,022600926429,65,8.47
7606-093,022600643135,40,10.11
7606-098,022600906681,46,10.11
7606-10,022600937524,77,7.33
7606-14,022600926740,59,10.11
7607-01,302340300421,27,3.17
7607-04,302340096584,41,3.17
BMS26616,677613266163,0,26.25
SEN889-FPK,855559008010,18,14
SEN890-OPK,855559008027,6,12.5
SS100-79,646709100797,44,6.77
KX1302-AG-C,852531004060,0,11.55
KX1307-BK-A,852531004244,1,11.55
KX1307-BK-B,852531004251,0,11.55
KX1307-BK-C,852531004268,0,11.55
KX1307-BK-D,852531004275,0,11.55
KX1310-BK-A,852531004367,2,11.55
KX1310-BK-B,852531004374,0,11.55
KX1310-BK-C,852531004381,0,11.55
KX1310-BK-D,852531004398,0,11.55
EBC5308-PL-OS,763036271898,5,13.95
RR7010-RD-OS,017036825699,10,5
RR8019-WH-OS,017036417252,4,1.6
BI-014320,6959532315127,20,25.54
BI-014332,6959532315912,15,15.79
VI-B0303,731882511505,0,27
VI-B0309,731882511499,5,27
VI-BU-0501,731882511659,21,25.6
VI-BU-0503,731882511666,48,25.6
VI-F0303,731882511543,56,25.6
VI-F0309,731882511536,33,25.6
VI-M0603,731882511710,48,24.75
VI-P0808,731882511598,23,35.9
SS760-25,646709760250,28,12.49
SS760-26,646709760267,21,12.49
SS760-27,646709760274,10,12.49
SS520-30,646709520304,26,10.4
SS690-07,646709690076,20,24.97
SS510-81,646709510817,29,10.4
BL80275,735380802752,87,8.813
UMDX-TC,5060140200710,10,6.3
SS520-20,646709520205,10,20.83
SS520-00,646709520007,26,9.16
SS690-06,646709690069,37,15.75
SS690-04,646709690045,20,16.63
SS690-03,646709690038,36,16.63
C114-BK-OS,883124087535,9,9.08
C114-BK-X0,883124087542,9,9.08
C114-PK-X0,883124091785,0,9.08
C114-RD-OS,883124091754,0,9.08
C114-RD-X0,883124091761,5,9.08
C114-PK-OS,883124091778,12,9.08
C114-WH-OS,883124091730,0,9.08
C114-WH-X0,883124091747,0,9.08
OLL2066-WH-OS,813793044126,8,4
SS510-85,646709510855,40,7.92
RR7002-PK-OS,017036326691,12,3.5
RR1037-RBK-ML,017036465741,14,2.5
RR1037-RBK-SM,017036465734,3,2.5
SS921-15,646709921156,26,8.41
GW1303-BR-OS,081159834494,18,14.95
GW1623-NP-OS,013189250647,7,14.5
GW1626-MEB-OS,013189250500,14,15.95
EBC1853-BK-OS,763036006476,0,9.95
OLB4100-BK-OQ,813793050592,14,15
AK8012-BK-OS,883045901064,0,11.5
RR1046-PK-SM,017036916267,0,4
OLB4100-BK-OS,813793012460,11,13
OLB4100-RD-OQ,813793050608,7,15
OLB4100-RD-OS,813793014259,23,13
OLL2066-BK-OS,813793016468,19,4
OLL2066-BK-X2,813793048155,16,5
OLL2066-BK-X4,813793048193,7,5
OLL2066-HP-OS,813793022438,5,4
OLL2066-HP-X2,813793048179,11,5
OLL2066-HP-X4,813793048216,14,5
OLL2066-RD-OS,813793022414,9,4
OLL2066-RD-X2,813793048162,9,5
OLL2066-WH-X2,813793059656,2,5
OLL2066-WH-X4,813793059663,6,5
SE0497-04,716770043153,28,5.75
SE0497-14,716770043177,26,5.75
SE1105-05,716770004024,24,4.95
SE1107-09,716770004048,18,4.6
DJ0949-09,782421006501,13,12.7
DJ1010-02,782421152703,21,23.72
9876-43,894757001973,12,10
BL04091,853858007161,35,18.732
BLBN32262,735380322625,23,8.75
BLBN32265,735380322656,17,8.316
PD1976-12,603912755626,17,9.5
SE0497-30,716770085252,26,5.7
SE0497-40,716770085276,32,5.7
SE1118-20,716770048042,20,8.75
SE5665-10,716770033390,14,4.85
XRAB576,811847013104,34,4.74
XRAE385,848518018830,18,4.45
XRMI200,811847011902,40,18.9
DJ0690-21,782421020439,12,20.02
SE1326-10,716770090393,15,8.95
SE1118-10,716770048059,32,8
SE0044-14,716770050205,17,9.85
PD1908-00,603912183962,41,12.5
BL05510,735380055103,35,5.558
PD1985-11,603912757583,12,14
PD3035-11,603912312584,9,13.5
PD3723-00,603912272062,18,35.5
SS697-30,646709697303,17,32.27
PD1970-00,603912755510,12,22
PDRD530,603912755435,5,82.5
SE6893-20,716770042972,22,11.7
SE0044-50,716770051660,18,10.85
SE0004-05,716770065155,0,7.35
SE0004-06,716770065162,0,7.5
SE0004-15,716770066701,24,8.5
SE0004-16,716770066718,5,8.5
SE0004-17,716770066725,14,9.5
SE0004-18,716770066732,13,9.5
SE0004-35,716770066800,16,5.95
SE0004-36,716770066817,20,5.95
PD3766-00,603912746983,6,265
NT2804-1,782631280418,9,8.95
NT2804-3,782631280432,16,8.95
SE0044-04,716770050199,17,9.85
BMS26516,677613265166,0,37.54
BMS26519,677613265197,0,37.54
BMS26716,677613267160,0,42
SE0004-41,716770073389,20,8.95
NT2358-1,782631235814,4,34.6
SE0420-20,716770055637,9,14.7
DJ2403-01,782421059538,11,419.82
EN-RS-1004-2,844477011004,32,18.99
SE1790-12,716770053343,10,19.2
SS720-08,646709720087,24,6.13
HP2133,818631021338,1,7.4
XRAB904,811847014309,32,10.26
LP6071465,3700436071465,5,37.5
NOBT-W34-BK,9342851001487,23,32.5
NOBT-W34-PK,9342851001661,24,32.5
NOBT-W34-PR,9342851001494,47,32.5
NOBT-W61PK,9342851002620,13,40
NOBT-W61PU,9342851002552,15,40
NOBT-W61RG,9342851002460,0,40
NOBT-W61TBL,9342851002590,17,40
PD3736-15,603912334319,17,9
PD4926-12,603912752106,6,82.5
PDRD532,603912757354,6,102.5
NOBT-W55BK,9342851002538,13,42
LP6071786,3700436071786,8,45.99
BL37101,819835020158,29,12.285
PDRD525,603912751475,20,75
PD1975-00,603912755565,2,32
PDRD531,603912757316,7,102.5
PDRD529,603912755213,17,93.5
SE0497-15,716770043184,16,5.75
SE0542-04,716770002594,19,6.6
SE0542-12,716770002600,12,6.6
SE0542-14,716770002617,28,6.6
PDRD526,603912751482,10,61.5
PD3233-11,603912325867,16,26
SS099-21,646709099213,27,6.66
8370-31,760921346020,7,5.4
8370-81,760921345986,8,5.4
8280-37,879959003260,38,10
DLARPR3,813324020100,0,15.15
SE1370-20,716770055736,33,8.45
SE1370-10,716770055729,0,8.45
SE1370-30,716770055743,29,8.45
SS326-02,646709326029,30,37.47
SS760-40,646709760403,36,8.32
PD3986-27,603912340648,7,22
CRC-SKPOWC48,847878001650,9,20
BAHMP05,679359001237,12,13.62
BAHMPFM05,679359001251,19,13.62
7757-08,3760139882782,9,13
EBI-MAS052,814487021621,12,10
EBI-MAS252,814487021614,13,3.5
EBI-ML052,814487021676,35,7
EB-ML017,814487021768,21,7
EB-ML021,814487021706,11,7
EB-ML022,814487021744,16,7
EB-ML068,814487021720,23,7
INT042F,854397006561,227,1.25
FSG45597,5060057872383,0,6.5
7751-05,879959004779,25,6
8127-88,609224031472,1,10.45
INT002,854397006011,28,12.48
INT003,854397006028,74,12.48
INT003F,854397006486,0,1.25
INT004,854397006035,36,12.48
9876-91,894757001621,0,2.5
EBI-HSV052T,814487021584,6,6.5
INT038-60ML,854397006929,13,6.98
INT039-120ML,854397006875,12,9.97
INT040-60ML,854397006936,23,6.98
INT041-120ML,854397006899,9,9.97
INT042-120ML,854397006264,7,9.97
INT042-60ML,854397006943,23,6.98
SE2645-05,716770086761,11,9.7
SE2645-10,716770086778,13,9.7
SE6892-15,716770086785,22,10.5
BL12083,735380120832,38,11.704
BL16413,735380164133,29,7.735
BL16423,735380164232,37,7.763
BL16433,735380164331,34,8.057
BL16443,735380164430,35,9.667
BL16463,735380164638,62,9.338
BL26413,735380264130,42,17.962
BL57593,735380575939,29,7.091
7757-02,3760139882058,35,12.56
7757-03,3760139882065,34,12.56
7757-04,3760139882072,30,12.56
7757-071,3760139882508,37,12.56
7757-01,3760139882041,43,12.56
SHU2216,697309022163,13,11.5
SEN414,855559007013,6,8.48
SEN434,855559007075,10,8.48
SEN444,855559007105,3,8.48
SEN454,855559007136,14,8.48
SEN424,855559007044,9,8.48
PD5621-22,603912753370,5,32
PD5622-21,603912361261,11,34.5
PD5623-21,603912361278,4,37
PD5621-21,603912361254,11,32
PD5623-29,603912361339,5,37
7757-24,3760139882270,29,14.25
BL68328,819835020516,15,23.443
BL68318,819835020523,15,21.119
8254-84,891306000159,8,7.48
8254-12,891306000173,0,5.48
8254-19,891306000234,0,21.48
8254-09,891306000227,4,49.48
8254-49,892172001295,0,7.48
8254-44,892172001370,0,9.98
8254-52,891306000487,0,7.98
8254-54,891306000432,32,11.98
8254-23,892172001172,0,9.98
8254-37,891306000012,0,9.98
8254-38,892172001356,0,14.98
SHU6410,697309064101,12,10.25
SHU6421,697309064217,12,10.25
KL0505,844915090400,0,9.25
STR7918,4041937579180,0,13.95
BM-DD-R6EA,817483011528,29,8.43
SLQ-025,894147000258,388,0.6
SLQ-928,894147009282,89,5
7607-07,302340853279,57,2.51
7624-03EA,016169060038,36,3.02
7624-04EA,016169080036,29,3.02
7624-21EA,016169050121,7,12.62
7629-01,605632860000,155,1.04
7629-03,605632860154,174,1.04
7629-04,605632860208,129,1.04
7629-05,605632860253,120,1.04
7705-05,726893110748,27,2.81
7705-06,726893110762,36,2.81
7705-21,726893112018,73,11.02
7624-05EA,10016169090032,21,3.02
7705-03,726893110786,26,2.81
7705-33,726893114944,36,2.81
8015-21,070907298602,0,1.99
HP2959,818631029594,11,6.05
IDWXL-03,761236901126,72,1.7
IDWXT-03,761236901119,86,1.7
SE5651-00,716770034397,29,3.45
SE5651-03,716770034601,27,3.45
SE1408-01,716770004512,19,3.45
NT2653-2,782631265323,19,6.7
7607-05,302340300452,48,3.17
7624-01EA,016169050039,24,3.02
7627-77,070907275122,66,11.25
8284-807,785123869573,7,5.4
8284-808,785123869566,6,5.4
7914-02,646709902018,25,19.42
PD4402-00,603912320206,23,5
KL0642,844915090578,26,6.25
SHTOU139PNK,8714273580788,15,15.95
SS099-04,646709099046,35,11.65
IBIC2319-2,847841023191,10,6.65
SHTOU139BLK,8714273580801,10,15.95
PD3703-00,603912247961,10,9
SE6843-30,716770051318,11,7.6
SS100-46,646709100469,18,5.72
RGH001,5060363867332,12,48
SHTOU254BLK,8714273291172,0,29.95
SHTOU256BLK,8714273291196,0,29.95
SHTOU257BLK,8714273291240,0,23.95
SHTOU293BLK,8714273292513,0,9.95
PL5051-WH-ML,017036569272,10,7.5
PL5051-WH-SM,017036569289,6,7.5
PL5070-BK-OS,017036864810,8,5
RR2037-RD-ML,017036286759,0,9
RR2037-RD-SM,017036303647,0,9
RR7002-LM-OS,017036326684,0,3.5
PD2153-23,603912214963,13,30
PD4025-23,603912296624,4,16
SB0084,PABVPX,25,21.35
SB0121,3700974823236,9,11.35
WS0088,713079900088,76,8.25
DJ1313-05,782421024093,7,12.94
WS8015,713079908015,18,9.98
DJ1311-01,782421176402,44,9.8
DJ1312-01,782421176808,0,9.8
SE2200-25,716770043047,47,9.5
BABE20,679359001039,38,11.12
BAHCC20,679359001015,5,10.17
PF-ER-15,854854005366,25,12.9
BL81900,702730686201,37,5.362
BL81902,702730686218,40,5.362
BM-OFY-C-110,817483011214,46,1.79
PD4434-23,603912323504,13,16.5
7135-32EA,699439006075,0,2.1
7757-11,3760139882034,45,15.29
SE2200-00,716770005618,71,9.35
XRAC323,811847016624,32,14.49
8635-22,704155576600,18,7.54
NOBT-W55PK,9342851002248,21,44.5
NOBT-W55PU,9342851002293,34,42
PF-CR-79B,854854005618,11,8.5
DJ2100-01,782421566005,17,10.68
SE1574-15,716770089830,2,16.35
SE1574-10,716770089823,8,16.35
SE1574-05,716770089816,7,16.35
SE1574-20,716770092168,10,14.85
SE1574-25,716770092175,6,14.85
SE1575-05,716770081360,0,19.45
SE1575-10,716770081377,19,19.45
SE1575-15,716770081384,21,19.45
SE1576-05,716770081391,19,18.5
SE1576-10,716770081407,6,18.5
SE1576-15,716770081414,21,18.5
PD3869-23,603912259391,8,12.5
SU-S100,8887500730017,71,17
SU-S250,8887500730024,93,31.55
8254-04,891306000067,83,15.48
8254-02,891306000036,0,8.98
8254-69,891306000456,9,10.48
8254-70,891306000401,43,17.48
8254-74,813362024139,28,21.98
SLQ-037,894147000371,35,9
BAOWE17,679359001022,19,14.32
BC-H2OL02,720184881027,23,6.19
BAHC05,679359000964,64,13.62
SE6810-30,716770031914,0,11.75
7750-009,814487024615,22,9.5
7750-01,898788000912,32,9.5
7750-010,814487024592,33,9.5
7750-011,814487024608,6,9.5
7750-02,898788000929,0,9.5
7750-03,898788000936,44,9.5
7750-04,898788000943,12,9.5
SE6810-10,716770031891,2,7.6
SE6810-20,716770031907,5,8.6
SE2394-00,716770012814,32,6.7
SE2396-00,716770019486,54,7.25
SE2396-10,716770019578,37,7.25
HP2749,818631027491,51,2.5
7970-2,5022782333126,62,6
7970-3,5022782333133,29,6.5
7970-5,5022782333164,49,2.25
7970-6,5022782333171,20,3.95
7970-9,5022782333263,31,4.75
WS2297,713079902297,57,8.98
WS90223,713079902235,33,8.79
WS90224,713079902242,27,9.22
INT052F,854397006677,0,1.25
INT049,854397006424,23,9.48
WS5007,713079905007,254,0.52
WS5021,713079905021,19,11.49
WS5045,713079905045,38,16.99
WS6028,713079906028,20,11.99
WS7025,713079907025,38,11.99
SLQ-0968,894147009688,50,9
SKSPNK4PS,071819003285,30,11.7
SLQ-0804,894147000845,20,18
SS100-01,646709100018,53,4.46
SS100-02,646709100025,31,4.46
SS100-04,646709100049,13,4.46
SS100-87,646709100872,18,20.83
SHTOU120BLK,8714273952004,0,9.95
BL00011,853858007024,55,1.505
BL00013,853858007048,95,1.505
PDRD212,603912291360,0,16
PDRD227,603912291629,21,16
PD3984-23,603912340341,11,30
XRAD657,848518012357,19,29.13
IBIC2321-2,847841023214,12,6.65
SS261-09,646709261092,14,5.24
8284-200,760921345757,16,4.49
8284-206,760921345733,8,5.4
8284-43,013189317241,4,5.4
8370-808B,785123869849,11,5.4
SS770-15,646709770150,30,12.49
SS770-16,646709770167,22,13.11
PD2176-23,603912357653,10,41.5
KHE-NV090,825156109830,7,4.5
KHE-NV091,825156109823,21,4.5
KHE-NV092,825156109847,20,3.5
8635-04,704155580164,21,7.54
8635-05,704155580232,73,7.54
8635-02,704155580089,11,7.54
GLAS-56,4890808063200,9,16.5
GLAS-83,4890808063477,10,14.5
KL933,844915091247,6,79.5
KL933R,844915091308,22,84
PD2948-00,603912337365,12,18.5
KL007,844915091582,13,199
9876-06,894757001577,6,25
HP3043,818631030439,12,6
DJ1362-07,782421006754,69,5.27
SHU2311,697309023115,11,14
SEN445,855559009024,17,7.98
SEN446,855559009031,16,7.98
LITBT-503,685634101905,1,6.5
SHU2207,697309022071,10,11.5
SHU2210,697309022101,25,11.5
SHU2201,697309022019,11,11.5
SHU2200,697309022002,15,11.5
SHU2209,697309022095,12,11.5
SHU2214,697309022149,14,11.5
SHU2202,697309022026,24,11.5
7757-081,3760139882812,19,8.58
7757-083,3760139882829,21,8.58
DJ1301-50,782421995119,41,12
7757-76,3760139882409,2,11.78
7757-78,3760139882423,22,11.78
8070-03,067981087116,28,7.94
PD2188-00,603912231670,12,47
SS913-01,646709913014,19,20.59
IBIC2317-2,847841023177,6,6.65
IBIC2318-2,847841023184,18,6.65
IBIC2320-2,847841023207,18,6.65
SHTOU047BLK,8714273309341,14,7.95
DJ1310-02,782421176204,12,10.45
DJ1311-02,782421176600,16,10.45
DJ1312-02,782421177003,13,10.45
DJ2180-02,782421441500,15,11.1
DJ2180-03,782421441609,80,16.7
XRAC701,848518001313,45,15.67
OXAJ1073-CLR,840215111012,15,12
PF-ER-20,854854005243,8,17.9
PF-ER-25,854854005250,0,18.9
KL946,844915091438,20,29.98
PD3607-26,603912133684,9,5.5
PD3807-00,603912149944,16,14
PD4408-00,603912320558,13,7.5
SE2610-10,716770033710,8,8.1
SPF-54,669729200544,1,7.518
DL60115,813324022975,0,10
FSG63953,5060462633944,1,8.5
NT2284-5,782631228458,7,10.8
PD3880-23,603912310399,3,330
PD3987-27,603912340877,15,12
PD3990-27,603912340907,10,12
SHTOU004BLK,8714273074201,18,7.5
SHTOU004RED,8714273074218,23,7.5
SI60000,752875600006,28,40.65
SS694-03,646709694036,35,8.63
SS980-31,646709980313,37,27.38
PD3804-23,603912105100,39,12.5
SHTOU002BLK,8714273074096,28,5.75
SHTOU002RED,8714273074102,12,5.75
PD4419-23,603912320572,6,14.5
PD2185-01,603912307924,13,41.5
PD4424-00,603912320459,6,24.5
PD3609-00,603912323177,12,11
PD4413-23,603912320312,3,9
PD3996-27,603912343137,10,17
PD3741-23,603912312416,16,23.5
PD2128-23,603912184426,15,122.5
PD3988-27,603912340884,0,26
SS100-66,646709100667,50,8.96
PD4435-00,603912326604,10,13.5
PD3977-27,603912340457,22,12
PD3613-00,603912329605,7,11
PD3624-26,603912333879,2,11
PD2198-00,603912247411,27,77.5
PD3805-00,603912105254,21,8
DL0050,813324022289,37,14
PD2177-00,603912252620,16,9
PD3800-23,603912247589,7,7
PD3801-26,603912105018,16,8
PD3879-01,603912304404,13,175
SHTOU001BLK,8714273074034,9,5.95
SHTOU001MET,8714273074065,2,4.95
SHTOU001RED,8714273074041,15,5.95
SHTOU077PUR,8714273950642,9,11.95
HP2957,818631029570,22,2.75
8127-71,609224031571,3,76.45
MY46580,4260152465805,17,22.8
PD2184-00,603912230604,9,15
PK001H,726633973466,5,8
PK003X,726633973657,3,8
PK013H,726633973404,4,8
ZOLO-PP-8B,726633974524,11,7
ZOLO-PP-CP,726633974517,5,7
ZOLO-PP-RE,726633974531,19,7
ZOLO-PP-SC,726633974500,3,7
ZOLO-PP-STS,726633974494,12,7
SS100-34,646709100346,18,5.42
PF-CR-60,852184004332,32,5.9
XRAE801,848518023087,7,36.69
KL921,844915091131,0,14.25
PD3908-23,603912307962,7,7.5
7909-10,646709696078,27,14.58
PD3878-00,603912289794,8,38.5
SS100-89,646709100896,40,7.29
SE2590-00,716770013088,22,7.5
IBIM3060-2,847841030601,9,50
RR7019-BK-OS,017036720062,0,8
PD3742-23,603912312447,3,27
MP3922-BK-LX,845830071536,0,10.95
MP3922-BK-SM,845830071529,0,10.95
SS100-63,646709100636,15,7.81
SS921-16,646709921163,31,8.32
PD2183-23,603912328875,15,35
PD4428-23,603912320497,0,26.5
PD3926-00,603912358049,0,21.5
PD4320-01,603912314397,26,18
PD4320-02,603912314403,26,19.5
PD4560-23,603912302912,21,17.5
DJ1090-10,782421018177,13,33.43
DJ1090-11,782421018184,13,41.22
PL5002-BK-OS,017036797064,10,5
MP810-BK-LX,845830043496,2,9
MP810-BK-SM,845830043458,2,9
MP444-AN-LX,845830048422,0,8
MP153-BK-L0,845830044080,7,11.5
MP153-BK-S0,845830044103,0,11.5
MP153-BK-X0,845830044110,3,11.5
MP4420-BK-SM,845830045230,0,9.5
MP4420-BL-LX,845830045278,0,9.5
MP4420-BL-SM,845830045285,0,9.5
MP4420-RD-LX,845830045254,0,9.5
MP4420-RD-SM,845830045261,0,9.5
MP442-BK-SM,845830041706,0,8.95
MP444-AN-SM,845830048415,0,8
MP5000-BK-OS,845830041690,0,5.75
MP801-BK-SM,845830043038,0,8
MP801-RD-LX,845830044394,0,8
MP801-RD-SM,845830044400,0,8
MP806-BK-OS,845830010535,0,5.75
MP818-BK-SM,845830043892,1,10
MP820-BK-LX,845830048255,2,9
MP820-BK-SM,845830048248,0,9
MP822-BK-LX,845830040488,1,8
MP822-BK-SM,845830040495,0,8
C7214-BK-X0,883124164908,3,6.75
PD4454-23,603912342819,17,30.5
PD3461-23,603912338850,19,16.5
PD3466-23,603912338904,13,27.5
PD4457-23,603912342857,6,12
RR1037-BK-ML,017036647277,2,2.5
RR1037-BK-SM,017036647284,0,2.5
MP0004-BK-OS,845830055451,0,8.95
MP0194-TQ-OS,845830062282,0,6
MP145232-BR-S0,845830073523,4,8.95
MP145232-BR-X0,845830073530,6,8.95
MP153-BK-M0,845830044097,5,11.5
MP421B,845830040525,7,7
MP4420-BK-LX,845830045247,0,9.5
MP442-BK-LX,845830041713,0,8.95
MP450-AN-OS,845830042109,0,6
MP454232-BR-SM,845830073554,0,7.95
MP801-BK-LX,845830043045,0,8
MP891-BK-OS,845830070379,1,15.95
MP9004-BK-SM,845830055529,0,13.95
PL25097-BK-1X,017036182754,10,7
PL25097-BK-OS,017036160417,1,6.5
PL27020-BK-1X,017036615955,5,5
PL27020-BK-OS,017036615917,6,4.5
PL27020-PK-OS,017036615924,0,4.5
PL27028-BK-1X,017036639586,10,6.5
PW1002,726633973329,19,3
RR1148-BK-ML,017036334344,5,3.5
RR1148-BK-SM,017036334788,0,3.5
RR7002-WH-OS,017036971853,9,3.5
RR7065-RD-OS,017036616983,5,7
SOH331-BK-44,760299053087,2,19.95
SOH331-RD-44,760299235360,3,19.95
SOH331-WH-42,760299053155,2,19.95
SOH331-WH-44,760299053162,6,19.95
PD3462-23,603912338867,12,17.5
PD5623-22,603912753394,7,37
SHTOU043BLK,8714273308580,0,11.95
C0100-BK-OS,883124084442,4,3.3
C0100-BK-X0,883124084459,0,3.3
C0100-RD-OS,883124084466,18,3.3
C0100-RD-X0,883124084473,4,3.3
C0100-WH-OS,883124084480,7,3.3
C0100-WH-X0,883124084497,9,3.3
SK1083,071819001083,13,14.6
SK1274,071819001274,119,8.35
SK1311,071819001311,23,11.7
SLQ-0991,894147009916,23,7
SS700-01,646709700010,28,8.75
8162-27,9781592335435,18,13.8
8162-38,9781592336456,17,16.19
8162-50,9781592336661,18,7.8
8162-52,9781592336647,73,7.8
8162-55,9781592337934,39,7.8
8468-09,9781618371614,65,9.6
8468-20,9781618372819,26,7.4
SY0303,9781626360303,9,7.4
SY2074,9781629142074,6,9.69
SY3274,9781632203274,3,11.43
SY3342,9781620873342,6,7.4
SY3440,9781634503440,29,8.57
SY4764,9781629144764,8,7.4
SY6114,9781620876114,1,9.69
KHE-BGD84,825156108642,12,6
KHE-BGR146,825156108437,54,3
SY5743,9781634505741,15,8.57
SE0374-00,716770035523,41,4.25
DJ1315-01,782421177409,6,12.59
HP2580,818631025800,38,4.6
BL05522,702730681749,28,4.214
BL26110,735380261108,25,5.488
BL12051,702730698006,13,6.993
BL12052,702730698013,39,6.993
PD5505-21,603912350005,13,27
PD5509-21,603912350180,11,29
PD5512-21,603912350036,9,24
SE6875-00,716770031471,19,16.5
SE6871-03,716770034762,19,20.95
DJ1090-16,782421031787,26,16.1
HP2917,818631029174,14,17.1
NSN-1130-17,657447094040,22,10
HP2995,818631029952,10,19.25
NOBT-W52BK,9342851002156,20,23.5
BL33311,735380333119,59,6.307
BL23110,735380231101,28,2.667
SE1233-12,716770017918,20,5.35
BL58110,735380581107,24,6.657
NSN-1130-13,657447094033,19,10
PD5501-21,603912349887,21,13.5
PD5501-29,603912349900,9,13.5
PD5502-29,603912349931,14,14.5
PD5504-29,603912349993,12,22
PD5506-21,603912350159,9,17.5
PD5508-21,603912350173,15,24
PD5508-29,603912350265,35,24
PD3366-21,603912160352,9,23
PD3360-21,603912329889,8,25
PD3360-29,603912329902,4,17.5
SE1563-30,716770092069,0,38.5
STR31307,4041937313074,4,89.78
HP2919,818631029198,9,17.1
HP3055,818631030552,12,12
HP3056,818631030569,18,12
PD5502-21,603912349917,8,14.5
PD5504-21,603912349979,17,22
PD5516-21,603912350340,13,22.5
PD3386-00,603912224184,8,35.5
INT032,854397006196,48,9.98
INT032-2,854397006189,39,7.48
INT039F-3ML,850000918108,192,1.25
INT040,854397006240,20,9.97
INT040F,854397006554,138,1.2
INT041F-3ML,850000918115,74,1.25
9876-22,894757001812,14,27.5
9876-24,894757001829,19,27.5
HP3250,818631032501,11,5.5
HP3255,818631032556,0,8
HP3280,818631032808,8,6.5
KHE-NVS98,825156109601,34,3.5
KL948,844915091537,8,13.25
VI-SC001,731882511567,73,3.85
SS700-03,646709700034,15,8.32
SS720-01,646709720018,22,5.83
PD4404-23,603912320220,17,7.5
PD2185-00,603912230635,17,36
DJ1471-06,782421017613,2,11.87
PD2107-00,603912131369,18,12.5
MY46621,4260152466215,2,81.4
DJ1471-09,782421017644,8,11.89
9982-04,716770057129,60,4
9982-05,716770057112,79,4
HP2352,818631023523,2,7.3
PD3260-20,603912294569,12,15
HP2969,818631029693,14,4
8127-43,609224031434,4,30.25
BL88373,819835021957,11,18.067
PD2154-23,603912311860,13,36
PD2138-00,603912209563,9,6.5
GW1818-SWPK-OS,723466525350,8,15.95
GW1872-DSBL-OS,723466525619,15,16.95
MP129236-BK-S0,845830073066,0,11.5
MP462236-BK-SM,845830073172,0,10.5
SHTMCG001TRA,8714273290496,5,35.95
SHTMCG002TRA,8714273290564,11,35.95
PD4405-23,603912320237,8,5.5
RR20004-RD-SM,017036681097,0,7
ET7822,758477200125,1640,3.4
PD3903-15,603912115505,18,5
LP6030875,3700436031421,19,14.5
PD4453-23,603912342611,9,11
PK027H,726633978331,4,8
PK027X,726633978355,6,8
RR20004-RD-ML,017036681080,0,7
STM4013-RD-OS,888208062682,4,4
STM4013-WH-OS,888208093105,8,4
SE1498-47,716770073716,20,18.75
SS324-03,646709324032,15,47.88
7911-13,646709412012,26,14.58
RR1001-PK-L0,017036749407,10,7
RR1001-PK-M0,017036749681,0,7
RR1001-PK-S0,017036749698,1,7
AA1008-BK-OS,883045908391,0,4.25
AA1010-BK-OS,883045908414,0,4.25
AA1011-BK-OS,883045908421,0,3.25
C7200-MR-L0,883124164373,2,22.44
PD4933-12,603912752175,4,37
PD4452-23,603912342390,13,12.5
SS200-01,646709200015,10,88
PD3464-23,603912338881,15,32
SS620-01,646709620011,27,14.36
SS691-03,646709691035,13,25.4
STR7930,4041937579302,1,33.53
SS620-51,646709620516,13,27.06
MP826-BK-OS,845830041522,0,8.5
MP9004-BK-LX,845830055512,0,13.95
MP420-BK-SM,845830040549,0,10
PD3865-15,603912361049,17,10.5
PD3865-23,603912361056,29,10.5
AA1005-BK-OS,883045908360,0,4.25
MP006-RD-M0,845830073448,0,12.95
SS100-27,646709100278,28,9.89
SS100-28,646709100285,44,9.68
7911-12,646709202019,58,36.83
FSG52421,5060057879061,13,11
KL300BL,844915090899,26,5.48
7909-01,646709690014,32,31.82
SS326-01,646709326012,9,30.59
7924-36,646709325015,28,29.66
SS100-00,646709100001,33,21.21
SS697-50,646709697501,10,33.56
SS620-50,646709620509,27,27.06
SS520-17,646709520175,44,16.45
SS770-19,646709770198,31,15.93
SS099-20,646709099206,27,12.91
SS099-23,646709099237,11,12.8
SS099-31,646709099312,29,8.75
SS480-01,646709480011,23,20.83
SS480-05,646709480059,26,24.97
SS480-31,646709480318,7,14.58
SS099-26,646709099268,5,13.43
SS480-03,646709480035,13,16.65
SS480-33,646709480332,8,14.58
SS480-30,646709480301,13,14.58
SS480-32,646709480325,28,14.58
NT0203,782631002034,65,9.3
SE1109-07,716770016287,21,6.25
SE1102-04,716770003980,13,4.85
SE1101-10,716770018083,24,5.45
SE1106-09,716770004031,28,4.6
SE1109-05,716770013002,21,5.85
SE1104-05,716770004000,25,7
SE1024-00,716770058669,15,20.35
SE0054-10,716770028792,20,11.2
HP2583,818631025831,28,4.6
WS2259,713079902259,52,8.8
WS2273,713079902273,93,6.59
HP2197,818631021970,42,4.5
MAS206,879959004502,50,3.5
MAS217,879959004533,23,3.5
MAS220,879959004557,19,3.5
MAS221,879959004571,28,3.5
MAS222,879959004564,21,3.5
MAS268,879959004519,22,3.5
7750-201,879959004373,43,3.5
7750-2022,879959004403,0,3.5
7750-203,879959004397,11,3.5
7750-204,879959004489,19,3.5
7750-207,879959004380,43,3.5
7750-209,814487024691,0,3.5
7750-210,814487024677,52,3.5
7750-211,814487024684,17,3.5
8280-31,814487020426,14,10
8280-39,898788000875,22,10
8280-M075,879959003253,32,10
INT043,854397006271,26,8.48
INT044,854397006288,28,8.48
INT045,854397006295,60,8.48
8280-36,879959003185,15,10
SE1008-00,716770003812,9,13.6
SE1018-00,716770015365,28,13.95
SE1020-00,716770056139,0,13.7
SE5675-10,716770091048,16,13
SE1009-00,716770021854,24,27.35
SE1030-00,716770014887,22,14.35
SE1565-15,716770090294,17,41.75
XRAE919,848518024220,10,29.412
BL10585,702730687017,24,10.738
BL10680,702730697955,21,7.364
BL10685,702730697948,21,7.35
SLQ-0996,894147009961,417,5
INT007-2,854397006066,97,6.98
INT007-8,854397006080,36,13
INT001,854397006004,53,12.48
INT001F,854397006462,0,1.25
8280-34,898788000882,12,10
8280-35,898788000950,21,10
INT033-2,854397006127,12,7.48
INT033F,854397006523,50,1.25
WS9043,713079909043,49,8.69
WS9104,713079909104,126,0.49
XRAC705,848518001351,12,14.56
SLQ-0998,894147009985,84,5.5
SLQ-036,894147000364,18,5.5
SLQ-035,894147000357,32,5.5
7634-02,894147000104,11,7
7634-01,894147000050,120,7
7634-03,894147000142,34,7
7634-04,894147000074,17,7
7634-05,894147000166,58,7
7634-06,894147000067,33,7
SLQ-0969,894147009695,51,5.5
SLQ-0997,894147009978,224,5
SLQ-131,894147001316,444,0.6
SLQ-0999,894147009992,118,5.5
SLQ-908,894147009084,17,5
SLQ-098,894147000982,17,6
INT035-8,854397006172,36,13.98
INT035-2,854397006158,36,7.48
INT007,854397006073,100,9.5
INT035,854397006165,88,10
DV1928,834838001997,23,11.07
DV1959,834838002000,32,15.5
7633-22,894147000241,31,8
7633-23,894147000289,51,8
7633-24,894147000296,39,8
7633-25,894147000500,78,8
SLQ-056,894147000562,9,6.5
ZOLO-BD,726633974463,15,10.5
ZOLO-DT,726633974470,13,10.5
ZOLO-F,726633974425,14,10.5
ZOLO-GF,726633974418,14,10.5
ZOLO-O,726633974449,14,10.5
ZOLO-PT,726633974456,11,10.5
BM-CC,817483010606,104,4.99
BL24162,735380241629,30,2.59
PD3250-23,603912294392,6,21.5
PD3259-23,603912294521,116,13.5
PD3260-15,603912294552,41,15
BL10070,735380100704,25,10.255
BL10071,735380100711,17,10.255
BL10073,735380100735,50,9.73
CN-09-0602-11,643380986375,10,19.86
IBIC3061-2,847841030618,0,50
DJ0200-00,782421100209,0,10.78
DJ0212-01,782421103903,16,13.46
DJ0212-03,782421104504,7,13.46
DJ0244-01,782421109806,13,7.56
DJ0244-02,782421110000,7,8.06
DJ0244-03,782421110208,22,9.7
DJ0244-04,782421110406,16,7.56
DJ0244-05,782421110604,33,8.06
DJ0244-06,782421110802,0,9.7
DJ0263-01,782421117009,6,12.7
DJ0266-01,782421118105,9,19.58
DJ0268-00,782421118808,0,38.63
DJ0268-01,782421119003,8,38.63
DJ0274-00,782421122805,0,35.01
DJ0279-31,782421555009,3,8.64
DJ0279-33,782421555207,8,9.5
DJ0283-01,782421550301,20,7.85
DJ0283-02,782421550400,17,7.85
DJ0283-03,782421932411,12,7.85
DJ0284-01,782421509507,23,7.85
DJ0284-03,782421931216,3,7.85
DJ0287-01,782421123901,20,13.38
DJ0287-02,782421124106,10,13.38
DJ0287-05,782421787714,36,13.38
DJ0287-06,782421932619,5,22.8
DJ0287-50,782421905316,16,22.28
DJ0288-10,782421930912,1,20.74
DJ0290-08,782421511807,11,8.63
DJ1015-00,782421432508,0,10.68
DJ1015-01,782421153403,7,9.37
DJ1015-06,782421154202,10,11.83
DJ1015-27,782421000349,4,42.54
DJ1015-28,782421000356,3,52.54
SE2644-30,716770055644,20,6.25
BL58703,735380587031,29,7.728
SE1932-01,716770039637,22,19.95
BL10030,735380100308,18,10.255
BL10031,735380100315,29,10.255
BL10033,735380100339,33,9.793
BL10090,735380100902,16,9.758
BL10091,735380100919,24,9.758
BL10093,735380100933,49,9.31
BL10120,735380101206,24,9.625
BL10121,735380101213,25,9.625
BL10123,735380101237,26,9.443
BL11310,702730698211,20,10.01
BL11312,702730698235,32,9.73
BL11320,702730698174,27,10.318
BL11322,702730698198,25,10.318
BL11353,735380113537,43,10.08
BL11393,735380113933,35,8.848
BL12053,735380120535,14,7.231
BL12057,819835022213,30,7.231
BL13620,819835023159,50,4.088
BL13621,819835023166,24,4.088
BL13723,819835022367,33,13.363
BL14603,819835021193,41,7.357
BL14606,819835021216,24,7.329
BL14607,819835021209,24,7.35
BL14623,819835023074,36,5.341
BL16420,735380164201,20,7.147
BL16421,702730697993,15,7.154
BL16422,735380164225,17,7.14
BL16460,735380164607,22,8.988
BL16462,735380164621,20,8.988
BL16483,702730699492,58,7.616
BL16493,702730699508,50,8.687
BL16513,702730699300,32,7.735
BL16523,702730699294,42,7.749
BL16563,702730699287,23,9.345
BL16583,702730699270,26,7.546
BL18601,702730699522,32,3.374
BL18701,702730699515,14,3.962
BL26113,735380261139,23,5.558
BL26117,819835022206,26,5.565
BL29110,819835021551,23,8.162
BL52393,702730699249,20,11.669
BL58113,735380581138,61,6.468
BL59500,819835021483,17,6.531
BL59600,819835021513,16,8.855
BL74807,702730682371,38,10.066
BL83713,702730682630,56,8.624
BL89700,819835021520,44,8.26
CN-09-0601-10,643380986368,19,19.86
DJ0279-08,782421472702,18,8.95
DJ0284-02,782421509408,14,7.85
DJ0735-01,782421024291,12,39.52
DJ0735-02,782421024307,8,39.52
DJ0735-03,782421024314,7,39.52
HP2750,818631027507,11,3.75
HP2751,818631027514,14,3.75
KL965,844915091667,11,5.48
NT2386-1,782631238617,12,11.3
PD2173-00,603912226188,8,24.5
PD3253-23,603912294422,21,15
PD3262-23,603912294729,14,30.5
PD5306-11,603912736663,9,12.5
PD5307-11,603912736731,9,12
PD5308-11,603912736687,4,15
PD5308-12,603912742305,11,15
PD5503-21,603912349948,13,18
PD5510-21,603912350197,7,34
PD5530-22,603912746495,6,12.5
PD5560-21,603912750775,18,24.5
PD5561-21,603912750812,8,27.5
PD5561-22,603912750829,2,27.5
SE0004-31,716770065094,14,4.45
SE0004-32,716770065100,18,4.45
SE1929-01,716770018342,19,19.95
SE2644-25,716770055651,29,6.25
DJ0616-00,782421661717,25,19.58
SE0379-11,716770017963,31,9.7
PD3255-20,603912294477,23,21
SE8366-14,716770023711,17,11.45
PD4429-23,603912320510,12,22
PD3367-21,603912173307,11,30
DJ3200-11,782421031084,6,12.75
SHTPMP001BLK,8714273291400,12,14.95
SHTPMP001RED,8714273291325,16,14.95
SHTPMP001TRA,8714273291318,14,14.95
SHTPMP003TRA,8714273291547,9,19.95
SE0633-04,716770016096,0,8.7
SE0727-14,716770026699,19,17.45
SE1329-04,716770032485,18,9.5
BL11311,702730698228,45,10.01
BL11321,702730698181,12,10.318
BL12603,819835022381,39,13.468
BL13413,819835022398,26,14.427
BL13483,819835022374,20,12.866
BL13493,819835022350,17,14.217
BL13713,819835022404,38,13.643
BL13813,819835022749,21,15.071
BL13823,819835023043,21,13.342
BL17433,819835020851,36,12.754
BL17437,819835020813,26,12.089
BL17463,819835020868,16,14.945
BL17467,819835020875,23,14.945
BL27463,819835021124,19,16.954
BL27467,819835020882,24,16.947
SE0372-00,716770064103,16,17.7
PD3366-12,603912160345,10,23
SE2656-55,716770059291,18,11.75
BMS31915,677613319159,0,7.09
BMS31916,677613319166,0,7.09
SHTPMP002BLK,8714273291530,15,17.95
SHTPMP002BLU,8714273291523,23,17.95
SHTPMP002TRA,8714273291462,9,17.95
SHTPMP004BLK,8714273291813,3,24.95
SHTPMP006TRA,8714273291899,12,27.95
BL23171,735380231712,0,2.667
PD3260-23,603912294576,15,15
BL16490,702730698617,35,8.631
BL16492,702730698594,27,8.61
DJ3202-05,782421054809,16,12.85
XRAF197,848518025791,26,17.53
NT1895-1,782631189513,14,15.95
BL61911,853858007598,42,5.677
BL77101,853858007956,39,7.364
BL91911,853858007444,33,4.536
SE1421-03,716770028242,40,4.35
8619-01,847878000264,40,6
8619-02,847878000257,33,6
8619-03,847878000240,31,6
BL06422,735380064228,47,6.447
BL12593,735380125936,27,11.704
BL16453,735380164539,25,13.258
BL16473,735380164737,21,13.279
BL26293,735380262938,44,9.002
BL26423,735380264239,21,19.376
BL26443,735380264437,21,22.456
BL26993,735380269937,48,9.954
BL55307,735380553074,27,16.765
PD3747-23,603912299502,9,9.5
PD4223-20,603912270600,29,11
PD4223-21,603912236859,29,11
PD4231-20,603912293715,24,30
PD4231-21,603912293708,6,30
PD4231-23,603912293692,15,30
SN95002,752875950026,2,1.6
SN95003,752875950033,18,1.6
SN95004,752875950040,41,1.6
SN95107,752875951078,83,1.6
SN95111,752875951115,87,1.51
SN95112,752875951122,0,2.25
SN95113,752875951139,0,2.25
SS730-01,646709730017,28,6.25
7624-02EA,016169070037,36,3.02
7629-02,605632860109,222,1.04
SS921-24,646709921248,23,6.84
SN95005,752875950057,31,8.82
NX1124,5060274221124,16,15
BL24110,735380241100,31,2.59
SE1007-20,716770068033,17,31
SE1021-00,716770023087,22,13.6
SE1034-00,716770018137,19,19.25
ET7819,758477200071,282,3.4
ET7818,758477200088,3786,3.4
PD3903-23,603912115413,12,5
XRAF448,848518028051,5,150.378
BM-JJP-C,817483013492,25,4.62
BM-JTS-C,817483013393,4,4.62
JI10102,603912747126,10,50
HP2338,818631023387,13,8.65
9855-01,818631022267,12,3.75
HP2304,818631023042,6,9.7
HP2336,818631023363,25,4
HP2483,818631024834,18,4
9849-01,818631022946,15,3.25
9849-02,818631023264,13,3.25
BMS87519,677613875198,0,27.3
NSN-0403-14,657447100130,9,18.7
NSN-0403-15,657447100147,16,18.7
PD3221-20,603912313680,9,30
PDRD239,603912296730,16,16.5
9876-34,894757001911,21,35
BI-014174,6959532310962,0,12.1
BI-014244,6959532312751,8,26.1
BI-014322,6959532314977,0,13.44
BI-014467-1,6959532319491,0,36.96
BI-014490,6959532319859,36,8.18
BI-014503,6959532319989,41,11.14
BI-040068,6959532322682,10,26.94
BL10180,735380101800,33,3.948
BL10181,735380101817,26,3.948
BL12610,819835022800,56,3.843
BL12615,819835022824,37,3.843
BL12620,819835022831,21,4.494
BL32291,819835021582,8,25.109
BL370815,850002870220,51,2.849
BL70815,853858007369,50,2.282
BL72815,853858007581,43,2.499
BL80231,819835021803,12,9.863
BL80232,819835021810,12,11.088
BL80238,819835021827,0,12.495
BL80805,819835022343,12,16.527
BL88371,819835021933,3,17.815
BL95610,735380956103,14,6.769
BL95630,735380956301,20,6.769
BL95845,819835020752,0,6.433
BM-LSR-BL,817483013560,22,4.52
BM-LSR-BU,817483013577,0,4.52
BM-LSX-BL,817483013591,36,4.52
BM-LSX-BU,817483013607,3,4.52
BM-PRO-BL,817483012815,12,6.02
BMS30532,677613305329,0,8.66
BMS30534,677613305343,0,8.66
BMS3-20416,677613320469,0,70.04
BMS3-20616,677613320667,13,32.41
BMS3-21516,677613321565,0,35.02
BMS87125,677613871251,0,18.46
BMS87225,677613872258,0,21
BMS87316,677613873163,0,20.13
BMS87516,677613875167,0,27.3
BMS87601,677613876010,0,31.34
BMS88125,677613881250,0,52.5
BMS88225,677613882257,0,96.25
BM-SL2-BL-110,817483012563,23,4.78
BM-SL2-G-110,817483012570,7,4.78
DJ0690-07,782421019310,0,8.64
DJ0690-08,782421019235,0,8.93
DJ0690-09,782421019242,11,9.19
DJ0690-12,782421019273,6,8.93
DJ0691-01,782421020460,9,14.93
DJ0691-02,782421020491,7,14.93
DJ0693-03,782421021139,9,16.68
DJ1362-06,782421006747,60,7.2
DJ2102-01,782421069414,7,11.68
DJ2102-03,782421069438,2,11.68
DJ7017-02,782421055059,0,20.16
DJ7017-03,782421055066,8,13.8
DJ7017-04,782421055073,19,20.16
DJ7017-05,782421055080,17,13.8
DJ7017-08,782421068172,5,15.07
DJ7017-09,782421068189,4,15.07
ELV01,5060442520004,0,115
FSG40170,5060108819848,22,10
FSG54811,5060108815734,11,53
HP2325,818631023257,12,8.75
HP2735,818631027354,10,3.25
IBIC2310-2,847841023108,8,6.65
IBIC2311-2,847841023115,19,6.65
IBIC2315-2,847841023153,2,6.65
LL1692,7350022271692,15,21.252
LL8226,7350022278226,1,61.852
LP6070833,3700436070833,19,40
LP6071083,3700436071083,22,40
LP6071601,3700436071601,29,19
NOBT-W54-BK,9342851002279,17,26
NOBT-W54-PU,9342851002286,7,26
NOBT-W58MPK,9342851002491,7,29.75
NOBT-W59NBL,9342851002507,7,30.75
NOBT-W63PK,9342851002576,18,46
NOBT-W63PU,9342851002583,14,46
NSN-0405-12,657447101588,7,16.6
NSN-0405-13,657447091995,6,16.6
NSN-0405-15,657447093869,0,16.6
NSN-0405-17,657447093876,12,16.6
NSN-0405-24,657447091988,0,31.15
NSN-0405-35,657447095696,7,30.25
NSN-0473-21,657447099410,20,3.35
NSN-0473-27,657447099403,0,3.35
NSN-0473-31,657447099380,19,3.35
NSN-0473-35,657447099397,9,3.35
NSN-0473-37,657447099373,5,3.35
NSN-0473-41,657447099359,33,3.35
NSN-0473-47,657447099342,0,3.35
NSN-0475-17,657447095184,9,5.6
NSN-0553-14,657447098734,12,35.65
NSN-1116-11,657447093432,39,2.15
NSN-1116-29,657447093425,62,2.15
NSN-1235-13,657447099939,5,11.1
NT2413-1,782631241310,12,6.85
NT2696,782631269604,16,10.05
NXREVOINS,5060274221216,12,87.5
OX1331-BLK,840215114822,22,23
OXAJ1043-CLR,840215100405,22,6.5
OXAJ1069-CLR,840215110817,6,29.5
OXAJ1077-CLR,840215114440,25,3.5
OXAJ1077-RBY,840215114464,10,3.5
OXHUJ101-CBL,840215119667,16,3.5
OXHUJ101-ICE,840215119643,15,3.5
OXHUJ101-STN,840215119650,15,3.5
OXHUJ101-TAR,840215119636,19,3.5
OXHUJ104-CBL,840215120076,1,18
OXHUJ105-CBL,840215120083,7,13
OXHUJ105-STN,840215119728,9,13
OXHUJ105-TAR,840215119711,4,13
OXHUJ106-CBL,840215119766,2,13
OXHUJ108-ICE,840215119810,6,39.5
OXHUJ109-TAR,840215119827,5,36
OXHUJ110-CBL,840215120090,8,34.5
OXHUJ110-ICE,840215119841,15,34.5
OXHUJ111-CBL,840215120106,6,13
OXHUJ112-CBL,840215120113,5,12
OXHUJ112-ICE,840215119896,6,12
OXHUJ112-TAR,840215119865,5,12
OXS3024-BLIC,840215119544,4,14
PD4220-12,603912235500,19,12.5
PD4536-23,603912300901,2,45
PD4601-23,603912331974,7,10.5
PD4602-23,603912331981,33,13.5
PD4603-23,603912331998,15,18.5
PD4623-23,603912332193,5,14.5
PD4693-23,603912364170,22,14.5
PD4935-12,603912753707,10,44
PD5902-23,603912358384,10,13.5
PD5905-23,603912358414,26,8
PF-CR-73B,854854005571,22,8.5
PF-CR-74B,854854005540,23,8.5
PF-CR-75B,854854005557,17,8.5
PF-CR-76B,854854005588,32,8.5
PF-CR-77B,854854005595,7,8.5
PF-CR-78B,854854005601,6,8.5
PF-CR-80B,854854005625,19,8.5
PF-CR-81B,854854005632,16,8.5
PF-CR-82B,854854005649,11,8.5
PF-CR-84B,854854005663,29,8.5
PF-CR-85B,854854005670,17,8.5
PF-CR-90B,854854005809,36,11.5
PF-CR-91B,854854005816,11,11.5
PF-CR-92B,854854005823,15,11.5
PF-CR-93B,854854005830,8,11.5
PHSBOL040BLK,053176855745,8,6.6
SAT5115,4049369015115,65,2.9625
SE0415-05,716770087256,16,16
SE1197-00,716770072955,26,7.25
SE1368-25,716770062376,15,2.7
SE1408-03,716770061959,17,6
SE1434-20,716770087768,25,2.5
SE1434-30,716770087775,35,3.45
SE1455-25,716770062475,25,3.6
SE1575-20,716770092182,7,17.6
SE1575-25,716770092199,6,17.6
SE1576-20,716770092205,7,20.45
SE1580-35,716770092663,4,15.45
SE1581-25,716770092687,13,16
SE1581-30,716770092694,13,16
SE1582-05,716770090188,20,10.6
SE1582-10,716770090195,10,9.6
SE1840-10,716770087485,19,14.5
SE5639-10,716770080080,10,9.2
STR1513,4041937315139,0,7.87
STR1515,4041937315153,0,8.78
USQCL,847878001414,25,7.5
USQCL-RED,847878002237,20,7.5
USQCM,847878001407,34,7
USQCMR,847878002220,7,7
VI-P1508,789185757014,0,28.2
VI-P1513,789185757021,14,28.2
XRAD653,848518012302,17,11.37
JI10101,603912747119,12,50
LL7908,7350022277908,1,50.694
IBIC2323-2,847841023238,24,6.65
PD5927-23,603912358636,9,29
PD5928-23,603912358643,7,34.5
LL7694,7350022277694,0,30.49
HP2706,818631027064,18,6
PD4925-12,603912752090,5,57.5
SE0407-03,716770052339,17,15.95
PD4943-12,603912757446,16,90
PF-CR-70,854854005526,18,29.9
PHSBDN901P,053176856230,11,6.92
PHSBDN904C,053176856285,0,6.92
PHSBDN907BLK,053176856322,4,6.92
PHSBDN908C,053176856339,0,6.92
PHSBDN912C,053176856414,8,6.92
PHSBDN915BLK,053176856452,0,6.92
XRAF535,848518028792,26,17.01
SE1408-15,716770092113,9,6.85
HP2298,818631022984,9,8.75
VI-M0201,854306004183,0,14.85
BMS3-29816,677613298164,0,29.19
FE-FF-1016-03,617353154832,28,52
GIGA01000-BL,758477700014,110,11.4
GIGA01000-PU,758477700366,249,11.4
GIGA01000-TB,758477700243,176,11.4
GIGA01001-BL,758477700267,216,11.1
GIGA01001-PK,758477700236,132,11.1
GIGA01001-PU,758477700250,288,11.1
GIGA01001-TB,758477700274,160,11.1
HO11,5060354560617,0,50
HP2971,818631034444,17,4.5
HP2972,818631034437,32,4.5
LHCDM61082,5060428807419,50,57.6
NT2525-2,782631252521,11,7.05
PD4460-23,603912343427,14,13.5
PD4609-23,603912332056,4,33
PD4633-23,603912332292,7,23.5
PD4920-12,603912752045,9,18
PD4921-12,603912752052,20,29
PD4931-12,603912752151,14,25
PD4939-12,603912755732,13,32
SE0583-05,716770090461,12,41.95
SE4350-35,716770091437,21,59.25
SHTELE004BLK,8714273925008,0,44.95
VHIT265,896909001985,90,51.05
VI-M0203,854306004213,52,14.85
VI-M0305,854306004220,37,14.85
VI-M0402,854306004268,0,14.85
VI-M0403,854306004275,16,14.85
VI-N0202,854306004398,33,21.3
VI-N0205,854306004374,29,21.3
VI-P0102,854306004411,56,19.8
VI-P0103,854306004428,0,19.8
ZE-RS-1851,844477011851,25,20.99
SE2617-05,716770091215,31,11.45
DJ1010-10,782421055011,36,11.7
SS099-43,646709099435,20,9.78
SS099-44,646709099442,30,9.78
SE1036-60,716770084019,18,18.7
PF-BS-31B,854854005335,18,17.5
PF-CR-13B,854854005724,18,7.5
PF-CR-13C,854854005731,18,7.5
PF-BS-31C,854854005328,10,17.5
BL00899,853858007116,331,1.505
7975-01,818631020652,36,3
7975T-01,818631022748,22,4
9855-02,818631022250,13,3.75
9900-03EA,854885001382,26,1.35
9849-21,818631022960,14,3.25
BM-RP1-BL-110,817483011641,9,2.88
BM-RP1-BU-110,817483011634,11,2.88
BM-RP2-BL-110,817483011658,9,2.88
BM-SLO-BL-110,817483011917,11,4.78
SE1429-04,716770021168,20,3.1
BL52303,735380523039,30,11.669
BI-014218,6959532311761,26,16.58
BL00102,853858007062,65,2.324
BL00202,853858007079,54,2.324
BL00312,853858007086,67,2.324
BL00402,853858007093,71,2.324
BL00502,853858007314,22,2.324
BL00602,853858007109,72,2.324
BL11000,702730691311,26,6.419
BL310185,702730699423,16,12.544
BL41923,735380419233,24,10.451
DJ7017-01,782421055042,6,13.8
EN-RS-9902-2,844477009902,12,70.99
FPIPRIDESMALL,760488747063,7,24.92
NSN-0405-11,657447095658,0,16.6
NSN-0405-23,657447091971,0,31.15
NSN-0405-65,657447095757,7,18.7
NSN-0408-06,657447097171,1,29.75
NSN-1116-43,657447095856,0,5.7
NXREVOS,5060274221223,15,110
PD4691-23,603912363821,0,18
PDRD173,603912362862,2,490
SE1427-00,716770018519,30,3.95
SE4805-05,716770086594,10,46.2
STR1563,4041937315634,0,17.78
PD4561-23,603912302929,5,38.5
PD4562-23,603912302936,12,35.5
PF-BS-30B,854854005175,16,17.5
PF-CR-30C,852184004394,26,8.5
PD3869-12,603912259377,13,11
IBIM2334-2,847841023344,13,6.65
MS4086-RD-LX,671241074503,0,8.5
MS4086-RD-SM,671241074497,0,8.5
PD3867-15,603912298253,10,13
PD3867-23,603912298260,10,14
SS326-30,646709326302,26,9.99
8280-67,879959004823,32,9.5
KS10244,739122102445,27,11
PD4423-23,603912320442,10,17.5
PD3855-01,603912255423,9,16
PD3855-02,603912255430,15,16
PL5070-WH-OS,017036864940,14,5
RGRCP074,5060404818293,11,15.5
HP3242,818631032426,11,20.25
PD3727-01,603912307894,21,12.5
RGRHD041,5060404815773,10,37
RGRR079,506040481866,20,52
NXG001,5060274220066,8,18.5
IBIC2610-2,847841026109,12,6.65
IBIC2611-2,847841026116,11,6.65
SHTOU077MET,8714273798435,6,11.95
SE1403-05,716770004413,24,5.95
PD3669-23,603912323962,11,48
PD3668-23,603912325645,9,41.5
XRAF584,848518029423,1,691.68
SE1398-20,716770043290,4,4.1
HP3253,818631032532,16,5.95
HP3256,818631032563,2,4.45
HP3257,818631032570,20,4.45
HP3259,818631032594,19,4.45
HP2837,818631028375,21,1.95
PD7507-60,603912144222,54,5.5
PD7507-68,603912144246,40,5.5
HP2855,818631028559,38,3.9
HP2717,818631027170,45,6.25
HP2954,818631029549,22,6
8280-32,898788000820,10,10
INT008,854397006097,25,8.48
INT009,854397006103,36,8.48
INT050-120ML,854397006448,31,8.48
INT010,854397006110,57,8.48
INT046-120ML,854397006363,67,8.48
7627-08EA,070907073032,75,3.48
SE0004-24,716770065087,0,9.95
9845-39,735380301507,21,10.458
DJ1015-31,782421014391,5,34.35
DJ1015-32,782421014407,3,34.35
DJ1015-33,782421014414,20,34.35
DJ1015-40,782421024437,12,19.4
DJ1015-41,782421024444,10,19.4
SE5624-00,716770064875,9,9.75
BL52306,735380523060,18,11.669
DJ0276-02,782421005665,16,30.01
DJ0276-06,782421014322,19,30.01
DJ0682-20,782421014186,67,5.32
DJ0683-10,782421005573,15,9.03
DJ1015-21,782421522308,16,34.35
DJ1015-22,782421522407,4,34.35
NSN-1111-11,657447100369,10,4.1
SE1459-03,716770047090,7,4.2
BL12011,735380120115,18,9.905
BL12012,735380120122,17,9.912
BL00989,853858007123,76,2.422
BL06512,735380065126,25,7.154
BL08493,702730698990,27,5.432
BL08523,819835021094,35,5.572
BL09523,819835021100,17,5.579
BL09995,853858007246,41,2.002
BL13129,853858007550,11,4.795
BL13600,819835020240,28,4.55
BL15017,735380150174,41,12.635
BL20105,819835022411,18,3.927
BL26623,819835022725,18,27.195
BL26643,819835022695,32,32.998
BL26646,819835022701,18,32.998
BL26893,702730698907,43,11.459
BL30151,735380301514,12,10.458
BL30152,735380301521,18,10.458
BL32095,853858007529,44,3.493
BL36447,702730682203,37,14.707
BL43010,819835023241,11,12.754
BL43011,819835023258,24,12.754
BL52286,735380522865,26,14.021
BL52333,819835021469,26,13.097
BL52801,735380528010,37,9.345
BL57323,702730699317,50,8.967
BL60201,735380602017,39,9.338
BL93652,853858007628,111,3.381
DJ0690-42,782421068769,5,16.08
DJ0690-43,782421068776,13,22.53
DJ0720-01,782421022266,12,12.83
DJ0720-02,782421022273,10,14.96
DJ0720-03,782421022280,9,12.83
DJ0720-04,782421022297,9,14.96
DJ1015-36,782421021856,19,54.38
DJ1015-37,782421021863,9,54.38
DJ1360-30,782421006389,19,6.33
DJ1471-03,782421013615,0,9.5
DJ1471-04,782421013622,22,9.5
DJ1471-11,782421022181,2,11.87
DJ1471-14,782421022211,20,11.87
DJ5334-05,782421057138,6,16.72
DJ5410-04,782421013653,7,21.13
DJ8060-05,782421057442,17,42.9
IB2627-2,847841026277,9,6.65
IB2628-2,847841026284,9,6.65
IB2631-2,847841026314,9,6.65
IB2632-2,847841026321,10,6.65
NSN-0475-14,657447095177,0,5.6
NSN-0475-24,657447095207,0,6.35
NSN-0475-27,657447095214,26,6.35
NSN-1111-33,657447101380,10,4.1
NSN-1116-63,657447097461,9,5.2
NT2617-1,782631261714,14,7.05
NT2617-2,782631261721,14,7.05
NT2693,782631269307,15,9.8
NT2854-1,782631285413,13,17.15
NSN-1227-13,657447093647,12,9
IDPLS-12ML,PACPDN,180,1.04
DJ1399-03,782421591700,29,4.9
BL73533,819835023227,16,7.91
SE0409-30,716770078575,20,8.6
WS3249,713079903249,45,8.99
NSN-1253-15,657447097560,0,13.2
OXAJ1071-BLK,840215110947,3,14
OXAJ1071-CLR,840215110985,6,14
UMBM-CR-BA,5060140200611,0,3.5
UMBM-CR-GL,5060140200628,0,3.5
SI20730,752875207304,6,10.45
BL53712,702730691298,27,10.059
BL04312,853858007178,24,4.557
DJ0735-95BU,782421025533,31,7.96
OX3029-CLR,840215119384,38,36
EN-KT-8912,844477008912,13,13.99
PDRD424,603912751895,16,6
CECO1019-04,638258900782,73,6.825
CECO1001-03,638258900423,32,6.85
CECO1001-07,638258900430,78,11.25
CECO1001-12,638258900447,27,14.95
CECO1003-03,638258900539,0,6.85
CECO1003-07,638258900546,66,11.25
CECO1004-03,638258900584,52,6.85
CECO1004-07,638258900591,16,11.25
CECO1005-03,638258900638,74,6.85
CECO1005-12,638258900652,16,14.95
CECO1006-07,638258900690,0,11.25
CECO1006-12,638258900706,38,14.95
CECO1004-12,638258900607,15,14.95
BI-BM009150H,6959532319255,24,9.24
BI-BM009196K,6959532330106,45,10.92
BI-BM009201K,6959532330151,0,15.74
INT033,854397006134,24,10
BL27913,702730686362,24,18.41
DJ1312-20,782421003418,13,6.85
DJ1312-22,782421003432,34,6.85
DJ1360-58,782421070076,16,6.42
DJ1360-55,782421070045,14,6.42
DJ1360-57,782421070069,15,6.42
DJ1360-56,782421070052,12,6.42
SE0595-14,716770014931,14,12.85
SE1605-10,716770049063,22,7.5
PD3841-00,603912254204,8,14.5
CN-07-0205-10,642610430336,9,10.46
PD1986-12,603912757798,2,21
PD1986-14,603912757804,11,21
SS100-44,646709100445,14,10.93
SS100-43,646709100438,29,7.29
SS100-45,646709100452,18,9.36
SE1429-14,716770021175,36,3.1
SE1429-00,716770021151,62,3.1
SE1725-00,716770054685,0,2.1
SE1609-00,716770052254,15,5.45
SE1623-01,716770046390,17,4.45
PD1988-12,603912757897,18,18
IDSLK-01,761236900754,54,4.81
IDSLK-02,761236900761,39,7.21
IDSLK-04,761236900778,43,10.82
PD4448-23,603912342291,24,9
IBIC2409-2,847841024099,0,16.25
IBIC2411-2,847841024112,7,16.25
IBIC2412-2,847841024129,11,16.25
IBIC2408-2,847841024082,7,16.25
IBIC2413-2,847841024136,17,16.25
IBIC2410-2,847841024105,10,16.25
PD2117-23,603912323955,15,21
SE2385-10,716770053688,63,5.1
KS10071,739122000710,12,8.5
KS10074,739122000741,17,8.5
DJ1362-08,782421006761,48,5.27
BL57553,735380575533,28,5.838
PDRD423,603912751888,22,6
SE0929-15,716770068538,20,13.35
SE1514-25,716770065766,18,11.75
SE0004-21,716770065032,8,9.95
SE0004-22,716770065049,17,9.95
SE0004-23,716770065070,0,9.95
SE0004-25,716770065056,0,9
SE0004-26,716770065063,0,9.95
DJ5705-01,782421007539,5,9.03
SS100-50,646709100506,17,10.3
BL73503,819835023197,31,7.917
SE1583-05,716770090560,24,6.6
8070-11,067981089127,47,5.32
PDRD283-23,603912357967,16,28
PDRD281-19,603912357950,10,26
PD3883-24,603912272512,13,32
DJ1312-15,782421023355,32,8.74
PDRD410,603912750614,11,192.5
PDRD412,603912750638,17,85
PDRD411,603912750621,0,137.5
PDRD413,603912750645,1,150
PD1441-12,603912750362,9,13.5
8001-22,854397006684,25,9.48
HP2851,818631028511,12,4
HP2850,818631028504,16,4
DJ3900-07,782421027032,27,11.6
CRC-SKVRRET,847878001513,15,3.5
SEN520,855559007419,29,8.25
STR1510,4041937315108,0,7.2
8254-08,891306000074,0,27.98
8254-20,891306000302,9,32.48
STR0415,4041937404154,0,29.02
IDGLD-17,761236900723,68,21.52
IDGLD-08,761236900556,151,12.64
IDGLD-02,761236900532,127,6.31
IDGLD-01,761236900525,174,3.71
IDKRT-02,761236900792,10,5.85
IDPLS-02,761236900570,164,6.6
IDPLS-01,761236900563,157,3.71
IDPLS-08,761236900594,27,13.2
IDPLS-04,761236900587,120,8.86
IDZTY-08,761236902703,39,8.55
IDZTY-04,761236901058,28,6.11
OXAJ1077-BLK,840215114433,30,3.5
DJ1313-06,782421024208,23,12.94
WS2044,713079902044,79,8.15
WS2082,713079902082,104,11.98
PD1927-00,603912229295,11,20
INT006,854397006059,46,13.48
INT006F,854397006622,109,1.25
INT005,854397006042,27,13.48
DJ0276-01,782421005658,14,26.67
SE0597-00,716770012821,5,9.75
SEN554,855559007594,25,8.25
PD2172-00,603912225556,13,9
SS100-24,646709100247,44,7.81
SEN480,855559007228,29,5.38
WS0040,713079900040,121,5.97
WS90431,713079904314,56,4.25
WS90434,713079904345,46,8.99
WS90414,713079904147,55,8.99
WS90411,713079904116,50,4.25
WS90424,713079904246,59,8.99
WS90421,713079904215,51,4.25
SEN485,855559009055,20,7.98
SEN482,855559007358,19,7.98
SEN484,855559007341,10,7.98
SEN486,855559009062,29,7.98
7924-35,646709324018,25,16.65
SHTOU051BLK,8714273309495,10,7.95
BL52813,855215007913,32,9.373
OXAJ1005-BLK,840215100061,30,4.75
OXAJ1005-CLR,840215100078,10,4.75
BL20125,735380201258,39,3.787
CGC2201-02,638258901307,36,8.5
STR7814,4041937578145,0,10.8
XRAE974,848518024459,8,15.4
SE1490-10,716770061461,30,3.95
SE1035-50,716770090935,5,72.7
BL83005,819835023401,15,23.275
IDSNS-01,761236900648,184,3.71
IDSNS-04,761236900662,41,8.86
IDSNS-12ML,PACPDO,62,1.04
NT2865,782631286502,37,22.3
PF-BS-10B,852184004226,15,15
PF-BS-10C,852184004196,10,15
SE1600-00,716770006967,20,5.45
NSN-0801-22,657447097232,0,20.35
NSN-1228-13,657447093708,12,21.45
SE1825-10,716770059123,12,23.7
DJ1355-05,782421017361,18,6.58
IDGLD-04,761236900549,152,8.48
BL36443,702730682197,60,14.7
BL74803,702730682265,28,16.681
IDGLT-12ML,PACPDM,0,0.92
EB-HSTC004,814487024295,10,4.5
SE0912-05,716770091123,11,19
PDRD523,603912751451,20,14.5
PDRD521,603912751437,43,14.5
BL06423,735380064235,21,6.447
STR1535,4041937315351,0,8.55
STR1536,4041937315368,0,8.55
PF-CR-15B,854854005847,20,15
PF-CR-15C,854854005854,7,15
8254-66,891306000913,0,5.48
8254-67,891306000920,35,7.98
SE0883-05,716770088802,15,7.95
SE0883-10,716770088819,34,7.95
SE0883-15,716770088826,23,7.95
SI95000,752875950002,45,2.25
PD2218-99,603912120042,13,50
8280-022,898788000226,19,6.5
8280-053,879959006773,30,6.5
8280-068,879959006834,23,6.5
8280-075,879959006759,10,6.5
BL73513,819835023203,29,7.924
NT2413-3,782631241334,8,6.85
PDRD524,603912751468,17,45
DJ3503-05,782421016951,20,5.91
DJ3503-06,782421016968,23,5.91
DJ3503-07,782421016975,13,5.91
HP3284,818631032846,4,65.35
BL26323,702730699324,22,10.052
HP3146,818631031467,8,70
BL52283,735380522834,27,14.021
SE9573-10,716770051264,13,14.7
PD4437-23,603912342093,21,7.5
NSN-1222-13,657447092244,11,12.2
NSN-1221-13,657447092237,0,7.25
NSN-1223-13,657447092251,16,13.05
SE1625-35,716770059253,22,8.2
CRC-USSKPR1,847878001506,31,3
CRC-USSKPR3,847878001520,31,7.5
HP3052,818631030521,15,24
BL73523,819835023210,16,7.917
SLQ-097,894147000975,30,6
SLQ-096,894147000968,45,6
BL13012,735380130121,30,10.066
SE0610-05,716770053435,21,28.85
PDRD422,603912751871,26,6
OXAJ1043-BLK,840215100399,7,6.5
OXAJ1043-ICE,840215100412,9,6.5
OXAJ1043-RED,840215100429,10,6.5
SK3308,071819003308,10,20.85
SK3070,071819003070,12,8.75
SK8482,071819378482,94,10.45
SK2189,850070778329,9,5.84
BL120010,819835022589,24,12.313
BL120110,819835022596,24,12.313
SK8442,071819001281,55,10.45
SE6845-03,716770086464,0,6.35
SI60151,752875601515,9,5
NT2661,782631266108,10,13.95
OX1013BK,840215100139,23,13
OX1013C,840215100146,17,13
OX1013S,840215100177,6,13
OX1324-BLK,840215114556,15,8
OX1324-STL,840215119018,9,8
WS4024,713079904024,33,6.19
WS3423,713079903423,14,6.19
WS3447,713079903447,23,8.99
WS3225,713079903225,46,6.19
WS3324,713079903324,26,6.19
WS4041,713079904048,31,8.99
7753-08,879959004847,125,10
PDRD430,603912757705,16,27
PDRD431,603912757712,19,27
PDRD432,603912757729,31,26
PDRD433,603912757736,9,41
SE0782-15,716770071125,17,12.35
SI20731,752875207311,0,10.45
SE1117-10-2,716770023834,21,17
SE1625-50,716770090997,15,12.35
SE1737-03,716770057471,20,4.95
SE1737-11,716770058492,21,4.95
SE1737-00,716770057464,19,4.95
SE1786-12,716770056467,30,6.95
WS2099,713079902099,21,13.38
WS8053,713079908053,44,9.98
SE6775-12-2,716770040176,25,6.45
DJ1362-09,782421006778,112,5.27
PF-HP-07C,852184004486,14,21
SE5621-00,716770064851,0,7.5
SE5629-30,716770065001,18,4.75
BL14013,735380140137,39,9.387
BL12010,735380120108,27,9.905
NSN-1222-14,657447091667,17,12.2
NSN-1223-14,657447091674,2,13.05
DJ0690-41,782421054625,6,17.57
SE0601-04,716770002853,6,12.1
PD4027-23,603912219654,0,37
DJ0274-95BU,782421025526,13,7.96
PDRD258,603912324426,14,52.5
SS445-20,646709445201,25,17.49
SE1514-20,716770065759,20,11.75
SE0782-04,716770048134,27,10.5
SE0782-12,716770048141,19,9.5
SE0782-14,716770071101,21,10.95
PD4443-23,603912342154,9,17.5
WS1061,713079901061,263,0.49
WS1009,713079901009,430,0.49
WS1047,713079901047,277,8.29
SE0685-25,716770085351,17,23.2
IB2333-2,847841023337,7,16.25
XRAE408,848518018977,8,14.72
7924-44,646709350017,27,16.24
SE1432-00,716770036933,26,6.35
PD2111-23,603912151848,18,7
EN-DD-1509,844477011509,8,40.99
PF-SS-01B,852184004097,44,8.5
PF-SS-01R,852184004080,12,8.5
ZE-CR-3312-2,844477013312,23,3.25
OX1323-BLK,840215114495,7,8
SS100-72,646709100728,22,4.17
SS100-70,646709100704,31,4.64
SS100-41,646709100414,23,9.36
7909-04,646709696016,8,27.06
PD4112-21,603912345681,11,21
PD4114-21,603912345704,7,27.5
PD4114-29,603912345711,7,27.5
PD4115-21,603912345728,15,30
PD4115-23,603912345735,15,30
PD4117-21,603912345759,26,20.5
PD4117-29,603912345766,14,20.5
PD4120-21,603912345803,2,18
SE0957-25,716770080318,12,12.45
OX3011-BLK,840215118806,16,12
OX3011-RED,840215118967,16,12
SE1580-05,716770081759,9,7.75
SE1581-05,716770081773,5,8.45
SE1581-10,716770081780,11,8.45
DJ3504-01,782421889517,11,7.11
SE0004-12,716770065223,24,8.95
SEN518,855559007402,14,10.15
SE1785-00,716770052780,30,4.95
8254-14,891306000180,83,7.98
8254-18,891306000197,0,12.48
SS930-65,646709930653,33,11.43
HP3123,818631031238,10,29.05
PD5524-21,603912743838,9,24.5
PD5525-21,603912743845,0,27.5
PD5918-23,603912358544,0,11.5
PD5921-23,603912358575,19,13
PDRD421,603912751864,9,16
WS1030,713079901030,66,8.07
WS2280,713079902280,61,8.98
WS1092,713079901092,99,12.29
WS1054,713079901054,128,8.29
DJ5333-01,782421031251,14,15.37
LP7010609,3700437010609,65,11.5
PDRD259,603912315134,3,215
PF-HP-02C,852184004233,19,17.9
PF-HP-03C,852184004257,5,21
PF-HP-04C,852184004585,4,23.9
ZOLO-6002,848416002849,10,6
ZOLO-6003,848416002856,2,6
ZOLO-6001,848416002832,7,6
DJ0279-20,782421527006,9,8.64
7975-02,818631020669,30,3
SE1406-03,716770004475,35,2.75
SE1402-05,716770004390,15,3.6
SE1404-03,716770004437,32,2.75
PD3508-00,603912121186,0,20.5
SE1400-05,716770004352,28,3.45
DJ0951-16,782421006518,10,12.7
BL00015,853858007383,198,1.505
9882-30,677613997562,0,7.88
8257-72,855951200128,34,7
SE1401-05,716770004376,19,3.45
SE1405-03,716770004451,24,2.75
7757-26,3760139882485,12,14.25
BSPR-76,669729410769,1,4.515
BSPR-77,669729410776,8,4.515
SEN552,855559007587,16,8.98
PD3272-23,603912295245,13,38
PD3270-23,603912294668,13,50
DJ0684-03,782421860912,1,8.72
DJ0951-11,782421970819,11,15.25
DJ0951-12,782421970918,14,23.84
DJ0951-13,782421971014,9,12.13
DJ0103-02,782421917913,5,10.57
PD1986-11,603912757781,17,21
PD1353-11,603912251234,7,22.5
NT2130-1,782631213010,4,25.3
9900-07EA,854885001184,33,5.95
8127-42,609224031014,2,43.45
SE1429-25,716770055682,30,4.75
PD3222-00,603912162509,9,37.5
9856-01,818631022700,12,3.25
9856-02,818631022717,14,3.25
9857-01,818631022724,20,3.25
9857-02,818631022731,10,3.25
PD4412-23,603912320305,9,9
SS720-03,646709720032,30,6.13
IDSWG-01-EA,761236110399,6,8.67
8387G-01,818631021949,13,5.25
MP818-BK-LX,845830043885,0,10
NT2232-1,782631223217,0,18.95
PD4421-23,603912320428,10,40
PD4432-00,603912321647,11,37.5
SEN512,855559007372,21,10.15
INT0047-100ML,854397006387,102,9.46
INT0047-200ML,854397006394,65,13.96
SE1437-00,716770022783,42,3.95
PD3367-23,603912166361,12,30
DJ0684-10,782421930516,7,12.46
PD3372-23,603912179422,11,27
SE0563-14,716770018915,19,8.1
DJ0279-32,782421555108,3,8.95
DJ2100-02,782421566104,18,10.68
DJ2100-03,782421566203,22,10.68
SE1101-20,716770018090,24,7.25
SE1104-07,716770004017,15,9.5
PD3285-00,603912318913,15,33
8162-21,9781592333493,2,15
BM-TIP-BU,817483010910,21,4.03
BM-TIP-PU,817483010897,9,4.03
SE1120-09,716770004130,15,5.25
SE0543-24,716770007049,35,6.45
DJ5079-01,782421826819,21,24.41
SE0702-12,716770011121,10,11.75
KL0100,844915090530,11,11.25
BSPR-114,669729411148,10,3.584
PD2159-19,603912215113,10,26.5
MP420-BK-LX,845830040532,2,10
PD3202-00,603912113136,2,9.1
SE1460-11,716770047083,17,4.85
SE2089-30,716770056832,15,10.45
DJ5079-03,782421967215,12,27.53
PD4201-21,603912234152,5,10
7627-88,070907273128,68,11.09
9899EA,854885001030,38,3.52
9900-14EA,854885001924,1,4.3
SE0536-40,716770060129,5,10.7
SE0536-30,716770060082,14,8.95
BL00012,853858007031,104,1.498
8254-59,891306000463,64,5.48
9849-32,818631023288,9,3.25
9849-22,818631023271,12,3.25
PD3237-00,603912247787,4,24.5
SE0044-60,716770051677,25,10.85
7627-03EA,070907017036,52,2.26
PD3940-23,603912264562,1,29
BM-RNGO-3P-C-110,817483011252,49,3.8
9900-02EA,854885001139,21,4.37
SE2640-03,716770016430,34,3.95
SS100-62,646709100629,41,10.83
SPF-114,669729112243,3,8.274
PD3801-15,603912104998,28,8
PD3801-23,603912104967,12,8
PD3367-12,603912166354,26,30
PD3224-00,603912162547,6,23
PDRD147,603912308426,6,45
PD1652-11,603912201697,4,39
8388-01,818631021703,19,3.25
SE1117-20,716770023841,11,21.75
BL23162,735380231620,59,2.667
WS2051,713079902051,69,9.49
BLBM07420,735380074203,13,5.145
BL00200,735380002008,38,6.167
BL00208,735380002084,24,6.16
BL40095,735380400958,27,4.697
7717-03,9555163311339,0,1.95
SE2380-00,716770058805,35,5.1
SE1632-00,716770058591,12,23.7
8388G-01,818631021925,9,3.75
BM-CP-LNG-PK,817483011078,2,4.37
NT2210-2,782631221022,8,13.45
7627-18EA,070907297391,27,3.73
PD3236-12,603912250701,6,14
DJ0376-01,782421131609,0,21.86
SE0601-14,716770002860,18,13.45
PD3260-12,603912294538,7,15
PD3260-14,603912294545,16,15
PD3255-14,603912294453,5,21
BM-GO-BU-110,817483011153,23,3.89
BM-GO-C-110,817483011177,7,3.89
BM-GO-R-110,817483011160,15,3.89
BM-OFY-BU-110,817483011207,8,1.79
BM-OFY-R-110,817483011191,18,1.79
BM-CP-SOP-BU,817483011023,36,3.89
BM-CP-SOP-OR,817483011016,10,3.89
BM-RNG2-BU-110,817483011863,0,2.54
BM-RNG2-C-110,817483011849,12,2.54
BM-RNG2-R-110,817483011856,0,2.54
9900-03-11,817483010453,26,3.8
9900-03-43,817483010408,21,1.39
9900-03-41,817483010415,20,1.39
9900-03-42,817483010392,24,1.39
BM-CP-SO-BU,817483011061,2,3.52
BM-CP-SO-OR,817483011047,3,3.52
BM-CP-SO-PK,817483011030,6,3.52
BLBM15005,735380150051,44,13.118
BM-CP-TWO-BU,817483011009,5,5.95
BM-CP-TWO-GN,817483010996,5,5.95
PD3816-23,603912273854,3,12
BM-VIB,817483010989,20,11.24
9982-14,716770057136,58,4
SE5652-00,716770035509,24,3.95
SE0020-10,716770022974,3,8.1
SE1329-14,716770032492,16,9.5
PDRD174,603912275506,4,375
PD2111-15,603912152340,13,7
SE0497-12,716770043160,25,5.75
BL05506,735380055066,75,4.214
PD3853-00,603912255003,5,23.5
SE1829-11,716770026255,10,11.75
7705-01,726893110038,23,2.81
PD3836-00,603912253078,9,50
DJ3503-01,782421889814,17,5.91
DJ3503-02,782421889913,33,5.91
7607-27,302340302777,57,9.52
8386-01,818631021673,21,4.75
8386-02,818631021680,16,4.75
DJ3504-03,782421889715,18,7.11
DJ0340-01,782421560102,11,13.34
DJ0340-02,782421560201,12,13.34
DJ0340-03,782421560300,18,13.34
DJ0340-04,782421560409,0,13.34
9899-3,854885001054,0,3.89
9899-4,854885001238,5,5.22
SE2630-05,716770012913,21,4.75
HP2332,818631023325,0,6.25
HP2111,818631021116,18,4.25
HP2333,818631023332,16,7.25
SE0641-10,716770027818,23,12.75
SE1424-00,716770026866,19,6.6
WS2228,713079902228,52,8.49
WS2266,713079902266,38,6.17
IDDXTM-01,761236107047,104,3.71
IDDXTM-02,761236107054,81,6.31
IDDXTM-04,761236107061,41,8.48
SE1407-03,716770004499,14,4
7975G-1,818631021499,0,3.25
8387-01,818631021741,2,3.325
8387-02,818631021758,6,4.75
6252-02,5037353002080,4,19
CN-0104-04-40,642610429507,26,12.59
8370-807B,785123869856,9,5.4
CRC-CCYMF,847878001605,4,3.75
ELD-LF1327,4890808042816,5,9
BAAGE4P,679359000056,4,68.88
ET0102-01,PAAXER,1045,1.75
EDCET377BLK,8718627529911,2,52.25
7984-20,699439002916,0,13.25
BL25500,49008210691,25,6.79
BL25522,49008210707,11,6.79
DJ5202-04,782421064341,14,38.8
8286-250,785123869993,9,5.4
BL77912,853858007345,66,7.056
BL90912,853858007352,52,7.182
8370-205,785123869276,10,5.4
BABES,679359001121,2,85.58
BV-009BLK,4890808196762,5,30
BV-009TL,4890808196755,15,30
BV-008BLK,4890808196748,11,27.5
BM-RBG-BL,817483012761,39,2.54
BM-RBG-BU,817483012747,41,2.54
BI-014173,6959532310955,46,12.1
8284-09,760921345603,13,4.49
8284-38,760921346457,18,5.4
8284-64,760921345481,15,5.4
8284-908,785123871729,12,5.4
BV-010BLK,4890808196779,7,35
8127-02,609224030994,0,241.45
DJ0399-08,782421666712,65,2.92
DJ1312-10,782421003395,36,6.85
DJ0399-10,782421666910,63,2.92
8284-211L,785123869801,3,5.4
CYEM3156,609224032103,0,35.75
8127-80,609224031489,17,8.25
CYEM2200,609224031502,4,13.75
BL84412,702730682869,26,8.33
BMS57415,677613574152,3,24.68
BMS57516,677613575166,0,24.68
BV-007BLK,4890808196724,11,25
BV-007FUC,4890808196717,8,25
BV-008PUR,4890808196731,16,27.5
ET7823,758477200200,585,3.4
ELD-LF5100-BLK,4890808155684,5,7
8127-76,609224031601,1,169.95
BL58323,702730699331,55,10.878
ELD-LF1363-BLK,4890808062159,7,20
8284-801,785123869559,4,5.4
8284-308,760921347485,2,5.4
8284-307,760921347492,6,5.4
8254-25,892172001202,11,7.48
8284-215,036663319463,6,5.4
8284-314,036663319555,1,5.4
8284-315,036663319456,9,5.4
8284-901,036663319531,14,5.4
BL52503,702730686423,38,12.481
8254-10,891306000296,0,79.98
BL08426,855215007678,8,5.572
8284-813G,785123871088,9,5.4
CRC-USCCYMBR,5032264232465,142,5
9890-01,677613099112,2,21
9890-03,677613099167,0,21
9890-02,677613099150,0,21
8070-06,067981087086,24,7.8
ELD-LF1463,4890808085134,7,20
8284-202L,013189317548,14,4.49
8284-417,785123869429,10,5.4
8284-216,785123869443,13,4.85
BL57563,702730699232,44,6.265
BL55306,735380553067,18,16.765
BL71803,735380718039,32,15.715
CN-07-0801-10,642610430640,14,21.06
DJ5200-12,782421064334,8,38.8
DJ1362-10,782421006785,59,5.27
BL07426,855215007692,13,5.747
8286-93,013189317418,6,5.4
8286-904G,785123869986,10,5.4
9890-11,677613098115,0,45.5
9890-12,677613098160,0,45.5
BL10602,735380106027,17,7.182
EBI-ML152,814487022819,26,2.5
EB-ML117,814487022802,48,2.5
EB-ML121,814487022857,30,2.5
EB-ML122,814487022833,48,2.5
EB-ML168,814487022826,24,2.5
ELD-LF1329,4890808042830,14,10
BL36446,855215007647,22,14.7
ETC0103-SL,758477710082,209,7.35
ETC0101-PK,758477710037,11,7
BL40120,702730682814,18,9.968
DJ1310-01,782421176006,20,9.8
BL09775,853858007239,58,3.934
8254-60,891306000418,45,7.98
ELD-LF1330,4890808042847,13,10
8284-480,785123869917,0,5.4
8284-450,785123870333,11,5.4
BI-014456H,6959532319682,0,25.54
BI-014362W-3,6959532318289,0,27.72
BL30512,735380305123,9,10.276
ELD-LF1326,4890808042809,14,9
BL52383,735380523831,28,16.772
ELD-LF1462,4890808085127,15,26.5
BI-040033,6959532317619,43,8.18
BI-040034,6959532317640,26,9.8
BI-040035,6959532317657,39,11.14
8284-312,760921346938,11,6.4
BALL-B01,176554006413,16,7.25
8284-208,013189317111,12,5.4
8284-207,760921347102,13,5.4
BL09037,853858007222,29,15.54
CYEM60-M,609224031588,0,114.95
BL14010,702730684290,42,9.345
ELD-LF1794,4890808110478,10,16
ELD-LF1332,4890808042854,12,13.5
ELD-LF1673,4890808110362,15,12
BL15396,855215007067,21,8.778
BL15326,855215007012,11,10.08
BL15336,855215007029,26,10.724
BL15446,855215007098,33,8.267
BWX136,726633978782,19,14
8284-32,760921346440,18,5.4
8284-33,760921346563,17,5.4
8284-71,760921345665,22,4.49
8284-82,760921345498,19,5.4
BLM1685,4890808114766,6,9.5
EN-VB-1172,844477011172,19,20.99
BI-014503-2,6959532320053,1,11.14
8280-33,898788000868,26,10
8280-51,879959004168,19,9.5
ELD-LF1797,4890808110485,2,9
BLM4006-BLK,4890808125885,23,10.5
9906-30,5710458184003,3,21
9906-21,5710458283003,4,22.008
9906-22,5710458284000,6,22.008
BWX146,848416001927,3,40
BWX147,848416001934,8,40
ELD-LF1328,4890808042823,6,24
ELD-LF6010,4890808129265,11,4.5
BMS3-99814,677613998149,0,31.5
8001-23,854397006691,10,9.48
BL01620,702730696941,15,10.08
BL13703,819835021896,19,12.18
BL29112,819835021544,26,8.596
BL36797,819835024026,32,13.825
BL444111,819835023425,17,23.037
BL55803,819835022893,34,13.804
BL55807,819835022916,36,13.804
BL59519,819835021490,23,6.538
BL59622,819835021506,28,8.918
BL72883,819835021834,5,15.757
BL73516,819835023920,15,7.931
BL88267,819835024316,1,19.285
BL88268,819835024323,2,19.775
BL89702,819835021537,31,8.26
BMS856-21,677613856210,0,34.13
BMS861-20,677613861207,0,11.39
BMS862-20,677613862204,0,12.18
BMS863-20,677613863201,0,13.34
BSPL-08E6,669729800553,22,8.883
BSPL-08J22,669729800744,7,30.051
BSPL-08N54,669729800683,4,17.843
BV-012,4890808210734,5,80
CX14-JBK-X0,9342504025471,2,10
CX14-JBK-M0,9342504025457,0,10
CX14-JBK-S0,9342504025440,0,10
DJ1010-18,782421073459,14,14.2
DJ5202-05,782421072940,7,38.19
PD2102-00,603912107746,10,31.5
INT051-120ML,854397006202,23,8.48
PD2023-00,603912132663,13,35
IDBCK-04,761236900709,22,15.7
HP3288,818631032884,3,9.5
HP5020,818631050208,22,7.25
IBIC3096-2,847841030960,4,162.5
OXHUJ106-ICE,840215119759,10,13
OXAJ1003-RED,840215101068,10,16
OXHUJ103-CBL-TAR,840215119698,4,11
OXHUJ103-TAR-STN,840215119681,4,11
PD2121-23,603912307917,9,137.5
PD2125-19,603912309577,15,155
PD5501-22,603912746303,14,13.5
PD5502-22,603912746310,10,14.5
PD5504-22,603912746334,10,22
PD5505-22,603912746341,15,27
PD5506-22,603912746358,13,17.5
PD5508-22,603912746372,6,24
PD5509-22,603912746389,12,29
PD5530-21,603912746488,0,12.5
PD5531-21,603912746525,10,15
PD5532-21,603912746563,3,32
PD5532-22,603912746570,14,32
PD3843-00,603912254051,0,8
PD2877-00,603912747515,15,21
PD2879-00,603912747539,13,21
PD2882-00,603912747560,9,25
PD2160-23,603912215151,13,21
NSN-0410-24,657447098406,9,16.85
NSN-0410-25,657447098413,9,16.85
KL0146,844915090356,0,9.88
HP3278,818631032785,4,75
FSG69154,5060493003488,6,16
NT6000-1,782631600018,12,4.95
NT6000-2,782631600025,17,7.8
HP3209,818631032099,7,12.9
HP3215,818631032150,11,2.3
HP3213,818631032136,7,2.5
HP3277,818631032778,7,75
PD2143-00,603912249590,12,16.5
GIGA04005-PU,758477700106,223,22.002
PD3723-04,603912285178,4,37
NT0304,782631304008,24,6.8
NT0304-1,782631030419,41,6.8
PD3366-23,603912160369,15,23
OXHUJ102-CBL-MLT,840215120069,12,9.5
OXHUJ102-TAR-MLT,840215120052,15,9.5
HP2329,818631023295,12,9.7
HP2330,818631023301,10,9.7
NT0202,782631002027,18,9.3
NT0202-1,782631020212,19,9.3
INT052-120IE,854397006639,35,15.97
INT052-60IE,854397006608,25,9.98
INT005F,854397006493,244,1.25
INT041-60ML,854397006905,24,6.98
INT039-60ML,854397006882,8,6.98
KS12003,739122120036,13,7.5
KS12004,739122120043,0,7.5
KS12006,739122120067,20,7.5
IBIC2523-2,847841025232,10,16.25
IBIC2524-2,847841025249,10,16.25
HP3206,818631032068,24,1.7
MP145232-BR-L0,845830073509,0,8.95
MP145232-BR-M0,845830073516,0,8.95
MP454232-BR-LX,845830073547,0,7.95
KL932,844915091230,12,79.5
PD2174-00,603912226195,18,49
MP129236-BK-L0,845830073042,0,11.5
MP129236-BK-M0,845830073059,0,11.5
MP129236-BK-X0,845830073073,1,11.5
MP145240-RBW-S0,845830074551,2,10.95
MP145240-RBW-X0,845830074582,3,10.95
NSN-0475-34,657447095238,8,8.35
NSN-0510-79,657447098901,13,8
KL0673,844915090608,0,5.48
NT0308-1,782631308105,17,6.8
NT0308-2,782631308204,8,9.1
NT0308-3,782631030839,19,6.8
PD3845-23,603912254266,21,13.5
IBIC2522-2,847841025225,6,6.65
PD2197-12,603912245394,20,23.5
PD2197-14,603912245417,14,21.5
PD2197-15,603912245400,14,23.5
PD2162-23,603912215861,11,26
PD2139-00,603912209839,0,11
NSN-0551-34,657447097904,13,7.25
PD3842-00,603912254228,13,30.5
PD5302-12,603912742237,11,11
PD5309-12,603912742312,15,19.5
OLL2066-RD-X4,813793048209,4,5
INT007F,854397006509,432,1.25
HP3248,818631032488,12,37.75
NOBT-W55WH,9342851002422,38,42
HP3200,818631032006,15,4.6
HP3053,818631030538,15,24
MLC-28,4897055060419,49,9.6
OX1013-ICE,840215100153,14,13
OX1324-MULTI,840215114549,24,8
OXAJ1025-2-BLK,840215100252,10,3
OXAJ1025-2-RED,840215100283,20,3
OXAJ1077-ICE,840215114457,16,3.5
PD3931-00,603912263305,18,24.5
NT2322,782631232202,27,18.05
PD4223-11,603912236729,22,11
PD4223-12,603912236798,25,11
JJFIFI-PU,5060170971949,3,59.5
NXREVOSLIM,5060274220929,0,110
MY46020,4260152460206,8,99
NOBT-W59MG,9342851002446,4,30.75
NOBT-W58MG,9342851002439,8,29.75
HP2384,818631023844,21,6.25
HP2385,818631023851,15,6.25
PD3603-26,603912138184,19,5.5
PD2039-00,603912160161,15,35
PD3816-15,603912273847,12,11
KL300R,844915090868,27,5.97
KL300SMK,844915090875,14,5.97
PD2660-12,603912261707,4,16.5
PD2660-17,603912261714,17,17.5
HP3263,818631032631,15,9.4
HP3147,818631031474,13,70
MP006-RD-L0,845830073455,0,12.95
MP006-RD-S0,845830073431,0,12.95
MP006-RD-X0,845830073462,0,12.95
KS12001,739122120012,28,7.5
IDSPL-02,761236100055,43,8.27
INT053,854397006653,40,9.95
IBIM2332-2,847841023320,9,6.65
MP462236-BK-LX,845830073165,0,10.5
HP3247,818631032471,21,14.5
HP3208,818631032082,8,14
PD2141-23,603912334005,16,16.5
NSN-0485-14,657447098512,10,16.85
PD3879-00,603912293722,5,150
NT0315,782631003154,10,8.8
NOBT-W52BL,9342851002163,18,23.5
NOBT-W52PK,9342851002132,1,23.5
NOBT-W52PU,9342851002149,17,23.5
OX3011-CLR,840215118813,28,12
OX3011-STL,840215118820,18,12
NOBT-W45PK,9342851001920,3,50
NOBT-W45PU,9342851001937,1,50
NSN-1127-31,657447098246,13,8.6
PD2187-00,603912231649,7,23
HP3047,818631030477,14,16
HP3048,818631030484,12,16
PD3716-00,603912269284,10,63.5
HP2935,818631029358,18,8
HP2934,818631029341,12,8
PD2179-00,603912229608,5,9.5
PD3630-00,603912289299,9,15
HP3121,818631031214,10,17.4
OX3019-BLK,840215118936,10,12
PD3352-12,603912113884,4,27
PD3869-11,603912273762,10,11
PD3869-15,603912273779,7,11
PD2111-11,603912221947,15,6
PD2151-23,603912214901,13,36
OX3010-BC,840215118783,24,9.5
OX3010-BPB,840215118790,19,9.5
PD2189-00,603912231700,11,29.5
IB2640-2,847841026406,26,6.65
IB2655-2,847841026550,29,6.65
IB2661-2,847841026611,9,6.65
IB2664-2,847841026642,14,6.65
IB2665-2,847841026659,13,6.65
IB2666-2,847841026666,8,6.65
IB2667-2,847841026673,14,6.65
IB8012-2,847841080125,5,16.6
IB8013-2,847841080132,7,16.6
KAL-BT3R093,024685100930,4,0.975
LOV9469,728360599469,41,8.5
NSN-0403-11,657447101625,18,18.7
NSN-0403-12,657447101632,10,18.7
NSN-1103-17,657447101274,1,30.5
NSN-1111-31,657447101373,10,4.1
PD3610-00,603912161809,3,15
PD3948-21,603912286632,15,27.5
PD5912-23,603912358483,23,6
RGRPW01,5060404815049,0,8.5
RGRPW03,5060404815063,5,16
RGRPW055,5060404816619,3,8
RGRPW070,5060404817395,0,10
RGRPW054,5060404816510,0,17.5
RGRLS1063A,5060404817753,12,45
UMBM-HX11-CC,5060140209225,1,140
UMBM-HX5-CC,5060140209324,1,87.5
UMBM-HX7-CC,5060140209287,0,105
UMBM-HX9-CC,5060140209249,1,122.5
SE0883-12,716770089625,10,7.95
SE0883-20,716770089601,20,7.95
SE0883-25,716770089861,9,7.95
SHU7500,697309075008,25,17
ST40161-BK-OS,888208306632,0,4
SLQ-040,894147000401,8,7
TEASE-10,013189317692,22,4.85
SE1841-05,716770089755,10,24.1
SHU4102,697309041027,18,11.5
SHU4108,697309041089,16,11.5
SPF-101,669729221013,10,7.896
PDRD229,603912291667,20,16
PDRD177,603912291490,13,1100
SE2244-00,716770013613,19,4.75
SE1027-03,716770047854,12,34.45
PL0019-BK-OQ,017036044557,8,7
SHU8208,697309082082,14,16
SHTFST001BLK,8714273945686,11,24.95
ZE-MS-1219,844477011219,13,13.99
ZE-MS-1233,844477011233,10,13.99
XRKL720,811847011650,34,16.1
SHU5220,697309052207,5,16
SE2644-03,716770053282,24,7.35
SE2644-04,716770053299,26,7.35
PK326,848416000593,7,8
PK327,848416000609,3,8
PK328,848416000616,1,8
PK325,848416000586,13,8
RGROS1090,5060404811973,11,23
XRAF216,848518026095,17,32.01
SE1118-30,716770048035,23,8.75
WV6362,839289006362,2,10
XRAF550,848518028952,5,20.382
STR7919,4041937579197,0,16.98
SB7272,3700974827272,1,11.35
PDRD206,603912291971,11,24
PL5084-BK-OS,017036241109,13,7.5
SE0039-10,716770089878,13,15.2
SE0039-20,716770089885,8,15.2
ZE-CR-3183,844477013183,22,5.49
SLQ-003,894147000036,431,0.6
SLQ-119,894147001194,517,0.65
SLQ-114,894147000883,95,0.6
SE1807-10,716770087478,17,14.85
SK1434,071819001434,67,14.6
PDRD200,603912291278,4,85
WS90382,713079903829,41,6.19
WS90384,713079903843,52,8.99
SHTOUBT003BLK,8714273581174,19,4.95
UMBM-H7-CC,5060140209928,0,42
SHU5200,697309052009,9,16
UMBM-HM5-CC,5060140209805,2,52.5
UMBM-HM7-CC,5060140209560,0,59.5
UMBM-HM9-CC,5060140209362,2,73.5
SE0597-10,716770023889,28,11.45
SHU5500,697309055000,30,15.5
RR7002-RD-OS,017036326707,6,3.5
SHTHIKY002PNK,8714273945679,10,59.95
PF-CR-12B,854854005892,8,17.5
PF-CR-12C,854854005885,13,17.5
UMBM-HM7WB-CC,5060140209447,2,66.5
SPF-202,669729222027,6,4.571
SE2385-00,716770030474,77,4.85
SHTOU035BLK,8714273949523,10,12.95
XRAF440,848518027955,9,10.2
SE1920-01,716770043474,7,19.95
SHU4600,697309046008,24,4.5
SHU4601,697309046015,48,4.5
SHU4602,697309046022,52,4.5
SHU4608,697309046084,34,4.5
SHU4609,697309046091,13,4.5
SE7575-00,716770024725,20,4.5
SE2205-00,716770015129,14,4.75
RGRIL078,5060404818392,3,86.67
ZE-MS-1196,844477011196,11,13.99
ZE-MS-1202,844477011202,20,13.99
ZE-MS-1189,844477011189,17,13.99
UMBM-AC-100,5060140208778,11,6.3
PDRD179-01,603912297065,4,245
PDRD179-02,603912297072,13,245
SHTOU150BLK,8714273581112,26,6.75
PDRD215,603912291216,30,15
PDRD185,603912746280,2,350
SPB-W08,669729800874,4,6.251
SPL-11F,669729800782,7,17.325
WS2013,713079902013,116,0.49
KHE-BGR163,825156108703,73,5
HP3143,818631031436,10,4
HP3142,818631031429,11,3.3
KHE-BGA18,825156108383,9,6
KHE-BGR154,825156109762,12,11
KHE-BGR126,825156109489,34,5
KHE-BGR164,825156108710,29,8.5
RR7013-WH-OS,017036831287,1,6
RR7013-BK-OS,017036576720,0,6
RR7013-RD-OS,017036421358,0,6
CRC-USOSG,847878002299,9,15
KAL-BT3R925,024685109254,2,0.975
PD3868-00,603912259100,3,30
7849-06,825156027837,119,2.5
CRC-USNON,847878001902,13,12.5
8468-05,9781618371133,95,8.57
8468-07,9781618370853,17,10.2
8468-04,9781618371140,37,9.7
GLAS-142,4890808169728,14,12
9888-89,677613305305,0,14.44
9888-88,677613305299,4,10.08
PP7089-BK-OS,8932131070893,0,11
CRC-DOM8,847878001360,10,12.5
KHE-BG020,825156109663,2,5
DJ1010-09,782421026103,9,7.4
KHE-BGC82,825156108659,53,4.5
CRC-NNDXXX,847878001162,8,3.75
KHE-BGA25,825156110041,25,8.5
CRC-USKNDD,847878001179,9,3.75
CRC-NND,847878001155,0,3.75
LITBG-059,685634101240,17,22
HP2481,818631024810,27,3.25
DJ2403-06,782421067199,3,16.163
8231-75,879959002270,23,10
VHITCHG,896909001978,7,17.15
LITBG-057,685634101790,21,16.5
PD7432-65,603912262674,107,1.5
PD7432-62,603912262667,89,1.5
PD8401-02,603912116748,6,12
KS10228,739122102285,0,12.5
BM-ACC,817483012884,9,1.9
SE2533-00,716770053411,19,7
CRC-USS6,847878002183,37,6
HP2866,818631028665,32,1.85
PD8018-02,603912269192,5,3
HP3144,818631031443,14,8.5
HP3145,818631031450,20,3.6
KHE-BGR153,825156108239,2,4.5
BEI-59242,034689080626,43,2.8
PD8401-01,603912133578,0,11
8463-22,9781618371157,48,10.2
MY46501,4260152465010,5,8.5
SEN199-100AF,855559009734,11,189
SEN191-75AF,855559006931,5,141.75
EBI-HSC052,814487021607,9,9.5
CB7602,094922347602,7,5.7
CRC-P2P,847878001186,7,12.5
HP3236,818631032365,11,4.5
HP3235,818631032358,31,4.5
IBIC2324-2,847841023245,21,6.65
IBIC2325-2,847841023252,27,6.65
IBIC2326-2,847841023269,10,6.65
8149-01,9781452117379,4,9.41
HP2854,818631028542,24,2.2
SE1047-40,716770090362,9,7.6
SE1047-50,716770090379,16,7.6
WV1290,839289012905,11,10
WVSNATFR2,839289001039,1,10
PD8018-01,603912269185,13,3
PD8018-03,603912269208,48,3.5
SE2523-00,716770047472,29,7
HP3224,818631032242,24,2.55
CRC-USSMTS,847878002152,0,17
STM20467-BK-OS,888208429881,0,7
BALL-DG13,766554006423,0,3.5
DJ1010-14,782421062989,21,13.75
7753-98,879959000092,8,75
KHE-BGC50,825156108741,5,6
MY46631,4260152466314,3,11.8
7869-01,854306004008,0,6.5
KHE-BGC100,825156109182,55,4.5
KHE-BGC51,825156109731,58,4.5
BALL-DG12,176554006390,35,3.5
BM-CP-SO,20817483011065,1,84.48
SE2440-00,716770024497,23,3.5
BWX204,726633977686,4,22
BMS30531,677613305312,0,5.25
HP2913,818631029136,21,2.2
CRC-USOF,847878001285,6,12.5
PD3723-01,603912282696,1,18.5
BALL-DG11,176554006345,26,3.5
BALL-DG10,176554006338,17,4
CRC-STRIP,847878001322,8,11.5
WVSNAACC2,839289006355,19,5
KHE-BG015,825156108338,19,6
MY46010,4260152460107,9,66
HP760,818631007608,25,24.5
CRC-YM,847878001346,39,12.5
MSEG003,814487020617,12,10
MASG003,814487020624,19,10
STM20316-BK-OS,815364435494,0,3.75
EN-KT-0182,844477010182,31,6.99
8281-011,814487023557,6,9.5
8281-55,879959001884,34,9.5
8281-50,879959001914,1,9.5
8281-56,879959001891,18,9.5
8281-51,879959001907,24,9.5
8281-13,879959001631,18,9.5
8281-05,814487020488,14,9.5
8281-17,879959008463,16,9.5
LITLGP-006,685634101950,29,3.85
KS10245,739122102452,10,11
GLAS-78,4890808063422,5,13.5
HP2975,818631029754,9,7.25
HP3084,818631030842,12,6.2
SE1604-05,716770084033,20,9.45
SE1604-10,716770084040,17,9.45
SE1036-70,716770084026,21,23.25
WS3201,713079903201,151,0.49
GLAS-51,4890808063156,8,15
PD5017-11,603912318081,10,18.5
HP3251,818631032518,23,2.2
GLAS-70,4890808063347,12,16.5
HP2970,818631029709,12,4.75
HP3252,818631032525,22,1.95
GLAS-147,4890808205624,4,12
GLAS-54,4890808063187,10,15
LP6071816,3700436071816,28,29.01
LP6071809,3700436071809,9,21
DJ1360-07,782421011192,4,8.75
DJ1360-06,782421011185,14,8.75
DJ1360-42,782421070083,7,6.42
DJ1360-43,782421070090,18,6.42
FOR-79973,721773799730,29,3
FOR-79976,721773799761,58,3
EB-MLMT003,814487023014,11,7
HP2974,818631029747,25,11.6
PD2944-20,603912337280,3,15
PD2944-23,603912337297,15,15
PD2947-00,603912337358,6,15
PD2960-00,603912337488,4,21
PD2905-00,603912279467,11,19
PD2908-00,603912279498,17,29
PD2912-00,603912279535,9,30
PD2929-00,603912310528,16,34
PD2931-00,603912310610,9,25
PD3273-00,603912294699,6,45
8632-03,034689601760,10,2.45
GLAS-137,4890808169674,3,13.5
7757-99,3760139882218,14,17
DJ1362-15,782421015619,8,13.67
MP714,845830038287,8,9.5
MP707,845830010122,0,9.5
MP716,845830026192,12,9.5
MP704,845830010061,0,9.5
MP708,845830010139,0,9.5
MP706,845830010108,4,9.5
SE6890-30,716770065704,19,12.85
8620-03,5037353000666,12,7.5
NT2366-3,782631236637,0,18.55
PDRD181,603912298475,0,220
RGHF1075-XL,5060404811461,1,80
RGHF1075-L,5060404811454,3,80
DJ1360-00,782421180003,16,8.75
DJ1360-20,782421954413,9,16.14
DJ1360-21,782421954512,13,16.88
DJ1360-25,782421988913,14,7.67
DJ1360-03,782421501600,12,8.75
XP2029,883045010926,34,5.25
XP2028,883045010919,0,5.25
XP2030,883045010933,19,5.25
XP2031,883045010940,0,5.25
GLAS-139,4890808169698,2,13.5
DJ5110-01,782421069209,0,37.02
DJ5110-02,782421069193,10,37.02
GLAS-62,4890808063262,13,12.5
GLAS-75,4890808063392,5,16.5
GLAS-21,4890808062852,0,13.5
GLAS-08,4890808062722,12,13.5
GLAS-16,4890808062807,17,16
GLAS-76,4890808063408,7,15
GLAS-87,4890808063514,7,13
GLAS-88,4890808063521,5,13
GLAS-52,4890808063163,6,18
GLAS-94,4890808063583,0,16
GLAS-69,4890808063330,5,18
GLAS-22,4890808062869,13,17.5
GLAS-10,4890808062746,5,16
GLAS-20,4890808062845,7,15.5
GLAS-15,4890808062791,2,15.5
CN-0103-04-50,642610429491,22,12.59
PD5096-00,603912272970,14,16.5
SE1625-00,716770046871,11,9.45
GLAS-138,4890808169681,14,13.5
RGFH1035-BK,5060363861231,16,29
RGFH1035-RD,5060363861255,15,29
DJ1319-01,782421177805,24,4.23
PD4668-23,603912332636,48,25
PD8601-00,603912116854,12,19
KS10229,739122102292,5,12.5
STR1303,4041937113032,0,50.62
KS10227,739122102278,18,12.5
KS10226,739122102261,52,12.5
KS10194,739122001946,20,11
KS10219,739122002196,14,11
KS10193,739122001939,19,11
KS12012,739122120128,123,21
KS12014,739122120142,97,21
KS12011,739122120111,49,21
KS12016,739122120166,48,21
KS12002,739122120029,20,7.5
KS12005,739122120050,2,7.5
EN-KT-0489-2,844477010489,18,28.99
RGF1018-BK,5060363861194,21,34
RGHF1075,5060404811447,2,80
PD4665-23,603912332605,13,28.5
PD4667-23,603912332629,10,22
PD4670-00,603912333381,17,25
PD4662-23,603912332575,13,17
HP2836,818631028368,10,1.95
HP2835,818631028351,7,1.95
SHTOU050BLK,8714273309440,16,19.95
SHTOU050RED,8714273309457,8,19.95
SHTOU048BLK,8714273309396,41,9.95
SHTOU048RED,8714273309402,0,9.95
SE1606-01,716770004888,31,6.6
7969-2,5022782222680,26,6.5
HP2987,818631029877,28,2.8
HP3201,818631032013,7,4.8
SEN492,855559007327,5,7.98
SEN494,855559007310,23,7.98
SEN498,855559007303,16,7.98
CRC-USDOMIN8MAS,847878002381,28,25
CRC-USDOMQU,847878000189,9,5
GLAS-23,4890808062876,10,16.5
KS10277,739122102773,33,5
KS10278,739122102780,42,5
KS10279,739122102797,23,5
KS10276,739122102766,31,5
KS10275,739122102759,38,5
HP2981,818631029815,13,4.6
SE1626-01,716770046895,13,8.75
SE1626-03,716770059598,22,8.75
DJ0690-04,782421020484,11,15.65
DJ0690-05,782421019297,9,15.65
DJ0690-01,782421020415,18,9.19
DJ0690-02,782421020477,12,9.19
DJ1355-01,782421017347,10,6.03
DJ1355-02,782421017354,17,6.03
PD4783-23,603912755183,6,33.5
HP2956,818631029563,12,6
HP2976,818631029761,19,6
BL50139,853858007659,19,5.355
BL20815,702730698860,31,8.05
BL20811,702730698884,25,7.91
RGWF1044-BLK,5060363861330,8,26.5
KHE-XM015,825156109656,1,3.5
GLAS-145,4890808205600,16,12
KS10199,739122001991,14,12.5
KS10202,739122002028,26,12.5
GLAS-144,4890808205594,4,12
7607-09,302340090001,66,3.17
HP2985,818631029853,34,8.4
HP2984,818631029846,10,8.4
HP3070,818631030705,8,5.1
SLQ-021,894147000210,0,7
SLQ-022,894147000227,71,7
BL60612,853858007284,66,7.798
ELD-LF5304,4890808210918,7,33
HP2914,818631029143,17,4.75
HP2916,818631029167,20,4.75
HP2915,818631029150,15,4.75
WS4000,713079904000,0,0.49
Glas-150,4890808205655,10,14
GLAS-82,4890808063460,19,14
HP3020,818631030200,17,2.2
HP2912,818631029129,27,2.75
PD3671-23,603912323573,3,19
GLAS-148,4890808205631,11,13.5
GLAS-146,4890808205617,12,13.5
KHE-BGD21,825156108697,51,6
BL50122,853858007642,16,12.418
7849-21,825156108581,14,6
PD2938-00,603912314656,11,34
KL945,844915091421,4,27.5
BL312610,819835022770,18,9.863
BL312615,819835022794,30,9.863
IB2307-2,847841023078,30,6.65
IB2308-2,847841023085,11,6.65
BL50115,853858007505,14,11.697
BSPG-B4C,669729901045,12,17.178
BL380875,819835022602,23,18.648
GLAS-141,4890808169711,0,12
SE6890-10,716770032843,29,5.7
SE6890-20,716770032850,17,5.85
DJ1360-09,782421069612,9,8.75
DJ1360-08,782421069599,5,8.75
DJ1360-13,782421014438,12,8.62
8281-01,814487020457,0,9.5
8281-02,814487020433,7,9.5
8281-03,814487020471,15,9.5
PD4690-23,603912363449,8,26
GLAS-57,4890808063217,16,16.5
DJ1360-19,782421070106,17,8.62
7849-28,825156108956,12,3
PD2191-23,603912334012,6,66
BWX134,726633978768,0,57.5
PD2029-23,603912360974,0,33
PD4110-21,603912345667,9,20
PD4111-21,603912345674,16,22
SE6896-03,716770048028,24,10.5
UMDX-BC,5060140200703,19,9.8
LITLGP-010,685634102551,36,4.4
LITLGP-012,685634102605,22,4.4
ZE-KT-9889,844477009889,12,21.99
HP2660,818631026609,23,2
HP2980,818631029808,14,6
PD8226-00,603912229516,8,18.5
GLAS-140,4890808169704,13,12
HP2977,818631029778,9,3.25
DJ0283-21,782421022433,10,18
DJ0283-22,782421022440,16,18
DJ1181-01,782421442903,0,25.78
BL395825,819835020707,22,15.554
NSN-0473-01,657447098024,0,16.55
MSEG003TR,814487024998,7,10
8127-73,609224031595,13,136.95
BM-ABO-C,817483013140,11,16.1
BM-ABO-BU,817483013164,6,16.1
9845-40,5060020006494,8,31
VI-P1401,789185757199,70,17
VI-P1403,789185757175,91,17
VI-P1409,789185757212,52,17
8286-254,785123872368,0,5.4
NSN-1122-13,657447097218,17,16.6
FE-FF-1025-02,663546901684,93,30
FE-FF-1025-09,663546901691,30,30
FE-FF-1025-11,663546901714,18,30
FE-FF-1010-01,617353155617,18,42.5
FE-FF-1010-02,617353155600,20,42.5
WVSNPVSG5,839289006812,0,59.5
SE1045-00,716770017727,23,13.6
HP3081,818631030811,20,4.75
PD3027-12,603912242492,14,13.5
PD3027-11,603912242485,9,13.5
PD3027-23,603912242683,14,13.5
PDRD295,603912351880,5,80
EN-RS-2322,844477012322,7,70.99
GIGA04004-PK,758477700021,296,15.198
EN-RS-3275,844477013275,8,34.99
PD6502-01,603912125511,20,9
BI-014597,6959532331325,34,23.13
8286-255,785123872375,1,5.4
SE4350-00,716770092564,0,34.75
EN-RS-2810,844477012810,10,20.99
EN-RS-2872,844477012872,28,71.99
ZE-RS-1301,844477011301,14,15.99
VI-F0401,789185757243,51,24.75
VI-F0410,789185757236,0,24.75
VI-BU-0405,789185757052,3,38.5
VI-BU-0409,789185757069,26,38.5
7627-10EA,070907074039,86,3.9
VI-M0701,731882511673,36,24.75
VI-M0709,731882511697,25,24.75
7849-17,825156108215,44,4
7624-94,016169515040,18,9.77
7615-02,818631022465,10,3.25
7615-03,818631022472,15,4.95
VI-R0606,789185757045,26,21.5
VI-R0608,789185757038,36,21.5
PP203-BK-OS,8932131002030,0,6
PP204-BK-OS,8932131002047,0,6
BL02091,853858007147,38,20.867
BL03091,853858007154,47,14.427
8286-450,785123872412,8,5.4
8286-451,785123872429,25,5.4
EN-RS-2742,844477012742,12,29.99
STR31306,4041937313067,2,89.78
BI-014313,6959532314502,0,28
EN-RS-3039,844477013039,10,27.99
VI-P1303,789185757205,2,38.5
VI-P1309,789185757229,31,38.5
VI-R0508,789185757182,23,24.75
HP3065,818631030651,20,28
SE4407-25,716770092250,8,24
SE1049-10,716770067234,28,7.1
PD4771-23,603912751635,6,40
LW-007VT,4890808209769,5,72.5
LL7731,7350022277731,7,27.412
LL7748,7350022277748,2,27.412
VHIT270,896909001961,66,86.05
FE-FF-1008-04,617353155549,42,22
9850-10,855836001543,3,44.5
7849-08,825156107744,23,7.5
WVSNVGSG6,839289006805,10,69.5
PD4777-23,603912751697,10,85
SE1046-00,716770023421,11,11.6
SE1048-03,716770060143,24,5.95
EN-RS-3213-2,844477013213,26,25.99
VI-BU-0103,731882511376,39,23
VI-BU-0104,731882511369,84,23
EN-BU-0571-2,844477010571,16,22.99
EN-RS-0212,844477010212,26,28.99
EN-RS-3206,844477013206,23,20.99
EH54070-PL-OS,763036286540,0,3.25
EN-RS-3176,844477013176,5,58.99
EN-RS-0588,844477010588,15,61.99
EN-RS-2896-2,844477012896,8,64.99
BI-014432,6959532317664,0,21.5
BM-AHAR-BL,817483012518,3,28.22
BM-AHAR-PK,817483012525,11,28.21
FE-FF-1024-01,663546901653,74,30
FE-FF-1024-02,663546901660,43,30
FE-FF-1024-04,663546901677,75,30
VI-W0108,789185756949,33,44.6
VI-W0109,789185756932,0,44.6
PD3692-20,603912326178,15,39
HP2400,818631024001,21,3.75
PD4770-23,603912751628,14,55
VI-F0501,789185756956,62,26.2
VI-F0509,789185756970,18,26.2
VI-F0513,789185756963,47,26.2
ZE-RS-3022,844477013022,18,14.99
LOV9544,728360599544,226,52
BMS30911,677613309112,0,61.27
BMS99115,677613991157,0,14.18
BMS99116,677613991164,0,14.18
EN-RS-3466,844477013466,32,30.99
EN-RS-3565,844477013565,13,70.99
EN-RS-3633,844477013633,4,44.99
EN-RS-3985,844477013985,5,45.99
LOV9551,728360599551,15,13
LOV9568,728360599568,111,13
VI-CHA01,789185756895,61,2.65
VI-CHA02,789185756888,105,2.65
WVSNXMAA5,839289002081,11,5
ZE-RS-3411,844477013411,15,16.99
7849-03,825156104415,81,6
KX1315-BK-A,852531004527,4,11.55
KX1315-BK-B,852531004534,0,11.55
KX1315-BK-C,852531004541,4,11.55
KX1315-BK-D,852531004558,0,11.55
HP2519,818631025190,5,3.25
DJ0800-05,782421070311,0,94.42
DJ0801-05,782421070366,14,131.98
KX1319-BK-A,852531004640,13,11.55
KX1319-BK-B,852531004695,1,11.55
KX1319-BK-C,852531004701,0,11.55
KX1319-BK-D,852531004718,0,11.55
HP3258,818631032587,18,4.45
C1909-MRND-OS,883124166889,10,6.33
C1909-MRND-X0,883124166896,10,6.6
SE5642-03,716770033420,25,14.7
HP3264,818631032648,7,6.7
DJ5325-01,782421000264,14,13.83
RR8013-BK-OS,017036513053,11,2.4
7849-23,825156108628,15,5
SE5643-10,716770047397,0,9.25
SE5643-20,716770047403,12,11.6
PD6203-01,603912116410,33,5.5
DJ0275-02,782421506902,11,61.49
DJ8060-06,782421069476,20,46.5
PL0025-BK-OQ,017036929175,0,8
C1764-BK-OS,883124091709,0,4.57
SE7552-04,716770044433,5,11.75
IBIM2404-2,847841024044,15,13.75
IBIM2402-2,847841024020,12,13.75
IBIM2403-2,847841024037,12,13.75
IBIM2407-2,847841024075,14,13.75
IBIM2401-2,847841024013,15,13.75
IBIM2400-2,847841024006,12,13.75
SE0524-05,716770030382,12,10.5
KHE-NVD48,825156108758,1,5
KHE-NVD43,825156108246,2,4.5
DJ1360-27,782421024758,27,9.32
DJ1360-28,782421024765,18,9.32
DJ1360-36,782421020569,21,6.42
RR8019-BK-OS,017036513237,8,1.6
DJ5110-03,782421069216,8,37.02
SE1962-01,716770029751,0,43.85
SE2934-15,716770079015,4,8.45
SE2934-20,716770079022,0,8.45
RR8020-BK-OS,017036513244,0,2.4
DJ1360-37,782421020576,8,6.42
SE1938-03,716770029133,21,19.95
DJ5075-02,782421995317,20,14.93
DJ0272-02,782421507008,18,46.08
HP3082,818631030828,40,3.4
RR8010-BK-OS,017036513022,18,1.5
SE5639-00,716770059659,11,11.2
STH10867-RD-L0,888208388300,2,13
STH10867-RD-M0,888208388294,5,13
STH10867-RD-S0,888208388287,2,13
STH10867-RD-X0,888208388317,6,13
HP2816,818631028160,14,4
SE1417-00,716770014894,42,3.85
DJ8060-01,782421054489,6,45.35
SE9770-00,716770038548,85,4.25
DJ5200-08,782421061876,20,38.8
DJ5200-09,782421061883,8,38.8
DJ5200-11,782421061906,7,38.8
DJ5410-05,782421006846,13,14.93
7615-01,818631022458,18,2.65
DJ0800-06,782421070328,14,51.4
PDRD300,603912339604,2,235
DJ5331-05,782421022099,9,14.32
STM20474-BK-OS,888208429966,0,5
PL5096-BK-OQ,017036930027,6,8
DJ5510-02-BX,782421073350,9,14.56
DJ5210-01,782421069650,12,38.8
C1706-BK-OS,883124001944,0,3.58
C1706-BK-X0,883124102252,10,3.58
DJ5200-05,782421061845,13,38.8
DJ5200-07,782421061869,13,38.8
DJ5200-13,782421068868,12,38.8
DJ5200-15,782421069643,16,38.8
SE9573-00,716770044105,0,12.45
XRJJ107,848518030122,18,6.62
8004-2,818631021031,10,2.65
8005-2,818631021024,33,3
DJ5410-02,782421995218,19,13.67
DJ5420-02,782421004217,10,14.93
SE8365-12,716770023704,0,10.95
DJ5332-01,782421018214,15,15.53
PL0014-BK-OQ,017036926198,13,8.5
SE0547-20,716770025852,19,11.85
DJ8170-01,782421436001,11,58.15
HP2501,818631025015,21,4.75
DJ5130-01,782421072889,3,38.8
DJ5130-03,782421072902,22,38.8
DJ5200-16,782421072919,5,38.8
DJ5210-02,782421072957,6,38.8
DJ5210-03,782421072964,8,38.8
BWX121,726633975606,12,51.5
HP2780,818631027804,9,6
UMBM-VR-HV, 5060140209041,6,24.5
IB2304-2,847841023047,13,6.65
IB2303-2,847841023030,23,6.65
ZOLO-6005,848416002870,10,21
PD4608-23,603912332049,16,19.5
ZOLO-6011,848416002931,4,79
VI-F0301,731882511550,0,25.6
BL25501,49008210714,29,6.79
SE0837-03,716770079343,19,18.6
BL11313,735380113131,63,9.786
BL11323,735380113230,36,10.08
BL11343,735380113438,59,9.905
BL52203,735380522032,39,10.689
BL52206,735380522063,28,10.689
BL77902,853858007338,18,7.056
ELD-LF5306,4890808210932,13,31
SE0077-10,716770087836,3,20.75
PD3382-23,603912329094,2,52.5
PD1245-11,603912327595,1,20
PD1230-12,603912327182,16,15
PD5401-21,603912737691,10,22.5
PD5402-21,603912737707,8,25
PD5403-21,603912737721,12,27.5
PD5406-21,603912737769,10,27.5
PD5410-21,603912737806,11,37.5
DJ5331-06,782421025175,18,17.7
PD5930-23,603912358803,10,25
PD5819-12,603912358285,22,40
SE1813-00,716770051844,17,16.75
SE5642-10,716770081520,15,15.85
SE0436-70,716770092090,16,43.25
PD1515-21,603912340747,16,36
PD1517-21,603912340778,14,36
PD1517-23,603912340785,8,36
PD1520-21,603912340815,2,50
BL18017,735380180171,32,13.3
PDRD528,603912751505,3,50
PDRD297,603912358667,0,125
PDRD299,603912358681,3,115
DJ1469-52,782421007409,2,15.53
9888-90,677613305282,0,48.12
PD3361-29,603912329933,7,32
FSG59957,5060428804869,12,13.5
BM-CP-TIP-BU-110,817483011719,9,3.89
BM-CP-TIP-PK-110,817483011733,24,3.89
BI-01444-7,6959532318449,0,13.89
BI-014362W-9,6959532318586,25,27.16
DJ0730-01,782421022747,9,21.44
DJ0730-02,782421022754,11,21.44
NOBT-W34-SV,9342851001500,30,32.5
NOBT-W34TBL,9342851002309,9,32.5
PDRD292,603912349375,22,52.5
GIGA01004-BL,758477700281,323,21.798
GIGA01004-PK,758477700298,310,21.798
GIGA01004-PU,758477700304,334,21.798
GIGA01004-TB,758477700083,92,21.798
GIGA01005-PK,758477700311,273,10.398
GIGA01005-PU,758477700328,302,10.398
GIGA01005-TB,758477700069,71,10.398
GIGA01006-PK,758477700335,396,12.402
GIGA01006-PU,758477700342,345,12.402
SE0495-30,716770045805,0,8.95
PD5824-12,603912358339,11,22.5
PD3376-21,603912362800,19,38.5
PD3377-21,603912362817,11,41.5
SE2104-01,716770005588,0,5.7
PD4628-23,603912332247,28,20
NT2856,782631285604,17,15.9
PD1859-00,603912205558,12,16
ZE-CR-3282-2,844477013282,13,9.99
RR7060-BK-OQ,017036366154,0,6
BL66912,853858007307,42,7.735
NXACE003,5060274220783,8,40
NXACE001,5060274220745,8,43.5
NOBT-M38-BL,9342851002354,20,42.5
ZOLO-6004,848416002863,6,21
PD4684-23,603912363388,19,22
ETC0104-PK,758477710099,42,7.85
ETC0104-PU,758477710105,352,7.85
ETC0104-SL,758477710112,28,7.85
DJ0690-23,782421020446,6,29.2
BMS26719,677613267191,0,42
BMS26619,677613266194,0,26.25
BI-014288,6959532313598,33,16.07
BI-014360,6959532315882,9,22.01
PD2016-11,603912738377,19,7.5
VI-P0308,854306004336,63,18.8
DJ5410-06,782421025366,12,27.57
FSG48291,5060057873137,13,15
SE2118-12,716770084644,35,5.75
BWX118,726633975569,9,12.5
BWX126,726633977679,11,14
BWX117,726633975552,1,12.5
BWX119,726633975576,4,12.5
BWX120,726633975583,8,12.5
ELD-LF5305,4890808210925,5,35.5
RR1037-RBK-X2,017036360053,11,3.5
RR1037-RBK-X4,017036360060,3,3.5
IBIC2605-2,847841026055,8,6.65
SE1739-04,716770067395,14,13.5
PD5923-23,603912358599,11,37
PD4142-23,603912346060,7,20.5
BMS57153,677613571533,0,12.6
BMS57163,677613571632,0,12.6
BMS57193,677613571939,0,12.6
PD3029-11,603912263381,11,16
PD3029-12,603912261806,4,16
PD3029-23,603912261813,11,16
PD4143-23,603912346084,19,20.5
MY46862,4260152468622,8,72.8
MY46867,4260152468677,7,72.8
BL82900,819835022978,36,5.061
BL82902,819835022985,48,5.061
BL82922,819835023005,3,5.061
NT2401,782631240108,15,16.45
NOBT-W57-BK,9342851002392,13,44.5
NOBT-W57-PU,9342851002408,17,44.5
FE-FF-1008-01,617353155143,52,22
FE-FF-1008-02,617353155136,85,22
NOBT-W53PK,9342851002231,20,39.5
NOBT-W53PU,9342851002170,11,36.75
NOBT-W53TBL,9342851002224,18,36.75
SE0610-80,716770040305,23,41.7
SE0610-70,716770040299,21,41.7
BMS30828,677613308283,0,22.68
BMS30628,677613306289,0,44.63
BMS3-55016,677613355065,25,40.831
SE4350-45,716770091451,9,59.25
SE1101-00,716770085412,23,8
SE1108-60,716770085016,21,8.7
LP7010005,3700436071151,22,37.5
9901-14,817483010842,71,1.35
BM-VIB-BL-110,817483011924,13,11.24
PD4146-11,603912347029,16,23.5
PD4136-23,603912345933,11,23.5
HP3261,818631032617,17,7.65
ZE-CR-3305-2,844477013305,22,9.99
BL05500,702730681725,82,4.214
BL05501,702730681732,91,4.214
SE0561-04,716770021694,29,8.5
EN-BU-0601-2,844477010601,6,22.99
BWX123,726633977600,6,60.5
DJ0690-20,782421020422,8,20.02
BWX122,726633977594,0,40
BMS5615-3,677613561534,0,12.29
BMS5619-3,677613561930,0,12.29
HP3260,818631032600,5,6.5
NOBT-M36BK,9342851002187,2,27
NOBT-M36CL,9342851002194,14,27
ZOLO-6006,848416002887,17,21
VI-M0103,854306004565,56,14.85
VI-M0108,854306004305,31,14.85
PF-CS-20C,851127008079,17,23.9
PF-CS-21C,851127008086,15,29.9
PF-CS-22C,851127008093,10,29.9
PD5932-23,603912359893,1,45
PD5924-23,603912358605,15,14
PD5802-12,603912358117,13,25.5
PD5816-12,603912358254,11,28
PD5909-23,603912358452,9,28
PDRD287,603912336191,14,77.5
BI-BW055009,6959532315301,18,20.38
BWX101L,726633973336,5,12.5
BWX101A,726633973350,6,12.5
BWX101P,726633972407,14,12.5
BWX110,726633974678,5,38.5
BWX103B,726633972438,15,53
BWX103BK,848416000548,6,53
BWX108,726633974654,6,56.5
BWX109,726633974661,7,56.5
BMS30728,677613307286,0,44.63
9876-10,894757001904,9,75
BI-014593,6959532323047,21,45.42
BL11851,819835022817,18,8.799
BL11855,819835022848,13,8.799
BL11865,819835023418,20,9.338
BL73506,819835023906,19,7.924
BL73507,819835023913,34,7.917
BL73517,819835023951,38,7.924
NOBT-W52RG,9342851002705,10,23.5
NX1254,5060274221254,12,43.5
SE1139-10,716770037022,3,7.92
DJ0279-19,782421526900,11,7.8
DJ0926-01,782421631918,1,22.89
SE0499-10,716770057761,25,12.75
SE0610-82,716770084200,20,38.1
PDRD505,603912744408,5,27.5
PDRD503,603912744385,13,27.5
VHIT260,896909001916,77,44.65
BL41900,735380419004,23,10.451
WS3348,713079903348,46,8.99
OXS3022-BLIC,840215119513,9,7
OXS3022-CLIC,840215119520,25,7
OXS3022-RDIC,840215119537,9,7
SE0070-45,716770045249,0,7.85
8257-02,855951021136,12,7.5
8257-09,855951008007,40,17
8257-16,855951001008,18,20.5
8257-04,855951002005,32,8.5
8257-08,855951001138,36,15
SE0611-45,716770084156,17,34.75
SE0611-46,716770084163,7,34.75
PDRD500,603912744354,6,27
SE0722-14,716770047236,0,11.95
PD1220-11,603912323375,13,15
DJ1470-03,782421004637,8,13.2
DJ1470-04,782421004644,13,13.2
DJ1470-05,782421004651,4,14.35
DJ1470-02,782421004620,11,12.67
DJ1470-01,782421004613,16,12.67
SIMSIMPLI4934,691327314934,4,25
SS100-40,646709100407,29,7.59
PD1513-21,603912340716,15,24
PD1514-21,603912340730,12,30
PD1516-21,603912340761,9,30
KL0116,844915090011,13,17.98
PDRD510,603912744446,7,77.5
SHU8269,697309082693,11,21.5
PD2554-12,603912155280,8,10.5
OX3023-BLK,840215119247,9,9.5
OX3023-PB,840215119254,3,9.5
OX3023-STL,840215119261,9,9.5
BI-04004-0,6959532317794,87,11.14
PD1680-11,603912294194,12,50
RR50009-BG-ML,017036562143,1,10
RR50009-BG-SM,017036562785,10,10
BL91102,853858007734,36,5.348
DJ1470-50,782421067038,23,18.19
DJ1470-51,782421067045,0,18.19
PD4616-23,603912332124,8,40
PD4611-23,603912332070,11,17
PDRD509,603912744439,9,82.5
PDRD511,603912744453,1,66.5
DJ0276-04,782421014308,16,30.01
BMS96619,677613966193,9,45.52
BMS96616,677613966162,7,45.52
8284-422,785123869726,2,5.4
8284-210,785123869733,25,5.4
8284-410,785123869740,6,5.4
SHTOU329BLK,8714273549136,7,11.95
SHTOU328BLK,8714273549129,17,10.95
SPF-205,669729222058,6,4.641
BL42723,735380427238,11,10.318
BL42900,735380429003,14,10.318
SE0610-10,716770074539,20,28.85
DJ0683-04,782421623418,10,9.03
NSN-0476-15,657447098987,0,6.95
OXS3026-BLIC,840215119582,21,13.5
OXS3026-CBIC,840215119599,3,13.5
OXAJ1072C,840215111081,9,34
SE0726-15,716770074331,9,17.95
SE0726-05,716770074348,14,17.95
BI-068002-FU,6959532316902,35,50.29
BI-014368W,6959532316230,46,26.21
BI-014420,6959532317084,0,34.55
BI-014412,6959532316919,22,28.56
BI-014413,6959532316926,30,33.43
BL30510,735380305109,12,10.276
BL30523,735380305239,25,10.283
8280-006,898788000066,12,6.5
8280-020,879959006209,5,6.5
8280-021,898788000219,16,6.5
SS100-71,646709100711,25,4.37
DJ5100-05,782421067205,7,64.27
NSN-0408-08,657447097188,8,35.9
SE0610-35-2,716770086495,18,21.85
SE0610-40-2,716770086501,19,21.85
IBIC2609-2,847841026093,11,6.65
SLQ-032,894147000326,17,8
SLQ-033,894147000333,30,5.5
OXAJ1025-2-CLR,840215100269,13,3
SHTOU330BLK,8714273549143,3,11.95
OIPAL92,5022782664145,10,7.25
BI-04003-8,6959532317770,97,10.86
BI-04003-9,6959532317787,32,12.26
THECURVE,094922298577,1,75
PDRD517,603912744989,2,165
SE0611-10,716770051752,12,47.7
BMS56716,677613567161,0,13.49
DJ0916-03,782421634810,23,8.81
SE0726-35,716770074355,9,17.95
SE0726-40,716770074362,9,17.95
BMS26916,677613269164,0,26.25
BMS26919,677613269195,0,26.25
WS1023,713079901023,189,6.1
WS1085,713079901085,124,12.29
EN-RS-0014,844477010014,25,17.99
SE0562-12,716770021700,17,8.5
SE1801-30,716770054562,17,11.7
OXAJ1076BLK,840215114334,39,12
OXAJ1076CLR,840215114341,49,12
OXAJ1049BK,840215100559,15,7
OXAJ1049C,840215100566,17,7
PD1654-11,603912218541,10,18.5
PD1654-12,603912218572,20,18.5
OXAJ1068BK,840215100313,5,11
OXAJ1068C,840215100320,13,11
PF-CS-25C,851127008109,22,23.9
PF-CS-26C,851127008116,12,29.9
PF-CS-27C,851127008123,17,29.9
OXAJ1070BK,840215110862,10,13
PDRD519,603912745030,12,50
OX3027-BLK,840215119353,10,14.5
8257-32,855951021143,5,7.5
8257-35,855951029002,22,12
8257-34,855951004009,12,9
8257-37,855951009004,9,17
HP2705,818631027057,35,6
BL91105,853858007741,36,4.242
BL91122,853858007727,40,5.348
INT033-240IE,854397006141,22,14.48
INT049-120IE,854397006431,22,14.98
LIL0202,862383000202,12,65
LIL0219,862383000219,7,65
LIL0226,862383000226,10,65
LIL8007,853469008007,6,65
LIL8021,853469008021,3,65
LIL8045,853469008045,1,65
PF-CS-01C-N,851127008130,41,35.9
PF-CS-02C-N,851127008147,46,29.9
PF-CS-03C-N,851127008154,42,29.9
PF-CS-05C-N,851127008161,41,23.9
SF10540,814137021889,3,9.98
SF10796,814137027553,37,7.48
SF10808,814137021353,3,6.98
SF10810,814137021377,2,6.98
SF10820,814137021445,9,7.98
SF11686,814137021551,9,7.98
SF11705,814137021698,1,11.48
SF11711,814137021759,0,6.48
SF11713,814137021773,6,6.48
SF11735,814137022053,1,9.48
SF11739,814137020639,0,11.48
SF11742,814137020660,0,11.48
SF11743,814137022015,4,8.98
SF11745,814137022039,14,8.98
SF11747,814137020677,7,8.48
SF11750,814137020707,3,8.48
SF12471,814137020011,4,8.48
SF12695,814137020578,10,8.48
SF12696,814137020608,7,8.48
SF12697,814137020615,6,8.48
SF12699,814137020592,9,8.48
SF12898,814137022367,6,6.48
SF13018,814137020431,2,8.98
SF14153,814137027409,4,9.48
SF14155,814137027393,0,9.48
SF14156,814137027423,0,10.98
SF14158,814137027447,4,10.98
SF19629,810001682859,4,7.48
SF19630,810001682866,3,7.48
SF19812,810001683085,8,4.98
SF19816,810001683122,1,6.98
KHE-NV070,825156110089,25,7.5
KHE-NV060,825156110065,8,2.5
KS13012,739122130127,57,8.5
KS13015,739122130158,25,8.5
KS13013,739122130134,51,8.5
KS13014,739122130141,53,8.5
KS13011,739122130110,40,8.5
KS13016,739122130165,57,8.5
PLB75010PP,802991612756,13,12
PLB75010P,802991612541,10,12
PLB75010BR,802991612176,13,12
PLB75010,802991612169,10,12
PLB75010BL,802991612190,22,12
PLB75201,802991612596,0,11.5
NOBT-W65-UV,9342851002729,20,50
BL49991,819835024187,28,11.263
NOBT-W68-EBL,9342851002774,13,35
NOBT-H03-NBL,9342851002415,1,50
NOBT-W65-EBL,9342851002712,19,50
NOBT-W68-UV,9342851002781,10,35
NOBT-W66-EBL,9342851002736,0,48.75
NOBT-W67-UV,9342851002767,31,35
NOBT-W67-EBL,9342851002750,11,35
AA1004-BK-OS,883045908353,0,4.25
BL444004,819835024125,32,18.361
BI-BM009200K,6959532330144,0,10.92
PD1971-00,603912755527,21,23.5
PL25100-GR-OS,017036768750,0,6
PL23071-GR-SM,017036729669,0,6.5
PL23071-BK-SM,017036725951,10,6.5
PL23071-GR-ML,017036729652,5,6.5
PL23071-BK-ML,017036717796,0,6.5
PL23073-BK-OS,017036882869,4,6
PL23073-PK-OS,017036883040,6,6
PL23071-GR-X4,017036749742,0,7
PL23071-BK-X4,017036749728,11,7
PL23071-GR-X2,017036749735,7,7
PL23071-BK-X2,017036737800,2,7
PD4944-12,603912757835,22,32
BL68338,819835020509,18,27.062
BL01105,853858007697,62,10.598
BL01102,853858007680,35,10.598
PD4941-12,603912757408,6,25
CRC-USQBAGRL,847878002480,14,13.75
CRC-USQBAGRM,847878002473,4,12.5
CRC-USQBAGBL,847878002466,5,13.75
CRC-USQBAGBM,847878002459,14,12.5
KS10702,739122107020,7,10
VD-VS1003,812024031003,5,6.294
VD-VS1010,812024031010,2,4.98
VD-VS1089,812024031089,10,17.952
VD-VS1102,812024031102,6,17.952
VD-VS1065,812024031065,7,16.146
VD-VS1072,812024031072,12,16.146
VD-VS1058,812024031058,10,16.146
VD-VS1119,812024031119,15,19.716
VD-VS1126,812024031126,7,19.716
VD-VS1133,812024031133,6,19.716
IB2649-2,847841026499,8,6.65
IB2650-2,847841026505,4,6
IB2646-2,847841026468,9,6.65
IB2645-2,847841026451,21,6.65
IB2652-2,847841026529,19,6.65
IB2651-2,847841026512,16,6.65
IB2648-2,847841026482,20,6.65
NSN-1101-43,657447099212,1,33.75
CRC-USS6K,847878002169,32,6
CRC-USSUS,847878002176,1,5.74
8635-23,704155580812,18,7.54
EN-RS-3602,844477013602,14,64.99
7747-98EA,879959000078,38,2.25
SEN796,810002660979,6,66.5
SEN320-100F,855559004692,9,85
LW-006,4890808207475,5,14.875
MOJO-003,4890808218440,0,20
9845-35,5060020001253,14,70
AA1076-BK-OS,883045911131,0,4.25
AA1082-BK-OS,883045911193,0,4.25
AA1074-BK-OS,883045911117,8,4.25
AA1079-BK-OS,883045911162,0,4.25
AA1078-BK-OS,883045911155,0,4.25
AA1071-BK-OS,883045911087,8,4.25
AA1077-BK-OS,883045911148,0,4.25
AA1081-BK-OS,883045911186,0,4.25
AA1072-BK-OS,883045911094,0,4.25
AA1080-BK-OS,883045911179,0,4.25
AA1073-BK-OS,883045911100,0,4.25
AA1001-BK-OS,883045908322,0,3.25
SAT0954,4061504000954,3,14.985
SENVL797-100AF,855559009536,2,105
ZE-CR-3329-2,844477013329,46,2.99
ZO-6017,848416003976,12,44
HP3272,818631032723,7,6.75
HP3273,818631032730,16,7.5
SEN751,810002660528,2,6.5
BL12703,819835021407,44,6.937
BL13816,819835022756,18,15.071
HP3289,818631032891,19,9.9
HP3271,818631032716,4,6.75
DJ5202-04-CD,782421064372,4,19.53
SEN795,810002660962,4,59.5
WS3409,713079903409,183,0.49
SEN749,810002660504,7,0.85
SEN759,810002660603,6,0.95
WS4109,713079904109,409,0.49
WS3805,713079903805,102,0.49
WS3300,713079903300,233,0.49
SEN761,810002660627,16,0.95
SE2712-00,716770089519,16,8.25
DJ5205-02,782421065942,20,6.67
DJ5205-04,782421065836,36,4.9
DJ5205-03,782421065959,25,6.67
EN-RS-4166,844477014166,27,46.99
DJ1399-02,782421591601,10,4.9
BL72583,819835021865,37,13.482
KL964,844915091650,4,5.48
DJ5205-01,782421065935,20,6.67
VD-VT0457,812024030457,14,5.628
PD4465-23,603912741285,8,23.5
PD3800-15,603912247565,5,7
PD4461-23,603912343335,19,13.5
PDRD250-21,603912362329,0,18.5
HP3267,818631032679,11,15
ZE-RS-3626,844477013626,16,29.99
BMS30928,677613309280,0,61.27
BMS26819,677613268198,2,52.5
BMS26816,677613268167,0,52.5
BMS27815,677613278159,2,28
BMS27816,677613278166,8,28
BMS27814,677613278142,0,28
BL01108,853858007703,26,10.598
BI-014702,6959532324181,29,13.44
BI-014693,6959532323764,25,13.16
BI-014705,6959532324112,49,12.1
BI-014706,6959532324129,45,12.1
BI-014701,6959532324167,8,13.44
BL010225,850002870107,24,3.318
8284-HRTIDBRIDAL,785123872443,16,5.4
8284-HRTPRDBK,694536302730,6,5.4
8284-HRTGAFRBW,694536302723,15,5.4
8286-CLVGLTGR,013189317166,24,5.4
VD-VT0402,812024030402,7,5.628
8370-PETPLSLQBK,694536304116,19,4.49
CRC-POWCFOILEA,847878001667,79,2.5
BV-014RG,4890808221174,8,52.5
LOV9612,728360599612,106,65
LOV9629,728360599629,85,8
LW-007BLU,4890808222072,9,72.5
LW-001BLK,4890808221808,20,92.5
EN-RS-4128,844477014128,14,65.99
EN-RS-4449,844477014449,24,38.99
LP6070901,3700436070901,6,21
LP6071946,3700436071946,7,95
NXREVOEX,5060274221315,13,110
UMBM-HM3-CC,5060140209218,10,49
UMBM-HM3-AB,5060140209195,5,49
DJ0300-04,782421075620,1,50.12
DJ0300-06,782421075644,5,54.8
DJ0300-12,782421075705,11,67.79
DJ0300-10,782421075682,1,73.53
PD4948-12,603912758764,16,25
PD4788-20,603912760002,14,30
DJ0300-03,782421075613,1,50.12
DJ0300-11,782421075699,1,68.84
SLQ-929,894147009299,15,6.5
PD4956-12,603912759631,7,63
PD4947-12,603912758757,8,57
BMS28615,677613286154,2,42
SHU4509,697309045094,23,13.5
SHU4524,697309045247,23,13.5
SHU4502,697309045025,1,13.5
SHU4508,697309045087,20,13.5
SHU4511,697309045117,12,13.5
DJ6029-02,782421075569,2,27.769
DJ6029-01,782421075552,2,41.65
DJ8160-11,782421075217,16,49.55
DJ8160-12,782421075224,6,49.55
DJ8160-17,782421076290,10,60.04
PD5750-20,603912758801,8,11.5
PD5751-20,603912758818,0,14.5
PD5753-20,603912758832,3,15.5
PD5752-20,603912758825,7,16.5
PD5754-20,603912758849,6,20
PD5755-20,603912758856,10,22
PD5757-20,603912759013,12,22
PD5756-20,603912758863,6,24
BMS996-15,677613996152,1,16.28
BMS996-16,677613996169,0,16.28
PD4954-12,603912759594,11,63
PD3395-22,603912759211,17,47
PD3391-22,603912759235,9,60.5
PD3397-22,603912759273,6,44
PD3395-21,603912759228,20,58
PD3391-21,603912756524,11,50
PD3397-21,603912759266,15,44
PD3392-21,603912756531,5,52.5
PD3398-21,603912759280,13,47
PD3394-29,603912759242,5,63.5
PD3398-29,603912759297,11,47
SHU9700,697309097000,3,25
SHU6403,697309064033,20,10.25
SLQ-990,894147009909,3,16
LITCP-979,817717009796,166,2.1
LITCP-978,817717009789,89,2.5025
LITLGP-013,685634102339,41,3.85
LITLGP-014,685634102353,67,4.4
LITCP-980,817717009802,13,2.1
LITBG-064,685634102452,63,6.6
LITBG-065,685634102469,39,6.6
PD4957-12,603912759655,5,75.5
PD4958-12,603912759679,17,75.5
KHE-BGR192,825156110225,35,4.5
7552-14,685634102414,22,7.15
KHE-BGR231,825156110126,15,6
PD1991-14,603912758979,19,10
DJ5130-05,782421075347,1,38.8
ZOLO-6020,848416004454,9,104
DJ5210-05,782421075378,15,38.8
DJ5200-22,782421075231,8,38.8
DJ5200-23,782421075248,13,38.8
DJ5510-01,782421076030,4,14.56
DJ5510-16,782421076054,23,14.56
DJ5510-20,782421076061,8,14.56
DJ5510-13,782421076047,7,14.56
PD4946-12,603912758740,9,34
PD1992-12,603912758986,11,17.5
PD1994-14,603912759006,9,17.5
VI-F0701,789185757151,38,34
VI-F0713,789185756833,46,34
VI-F0709,789185757144,0,34
BU-0605,789185756857,28,31.6
BU-0604,789185756840,34,31.6
VI-P1601,789185756918,17,36.2
VI-P1613,789185757137,0,36.2
VI-P1609,789185756826,52,36.2
RGRSF1167,5060404819016,8,19.5
BL53101,819835024446,12,20.23
FE-FF-4000-01,663546901967,24,10
FE-FF-4000-09,663546901950,113,10
8286-HRTXORDBK,694536304239,12,5.4
9876-35,894757001928,10,35
SE1582-25,716770093691,17,21.25
SE1582-30,716770093707,13,21.25
SE0410-05,716770093103,9,21
SE0410-80,716770093110,12,15.35
BL71806,819835023623,16,15.715
BL71807,819835023630,31,15.715
SE0077-99,716770093257,5,12.3
BL15483,819835024262,18,23.674
BL16507,819835022480,27,7.721
BL16506,819835022473,34,7.721
BL16503,819835024330,14,7.721
BL06301,853858007864,12,52.423
BL22693,853858007949,15,19.726
BL22583,853858007963,23,14.378
BL41061,853858007000,19,4.319
OX3042-BLK,840215104823,9,14.5
OX3042-CLR,840215105301,4,14.5
OX3042-EGP,840215105608,10,14.5
OX3039-BLK,840215102492,17,4.5
OX3039-CLR,840215102546,14,4.5
OX3039-STL,840215102928,15,4.5
OX3041-BLK,840215103888,7,36
OX3041-EGP,840215104731,1,36
OX3040-BLK,840215103338,10,69.5
OX3040-WHT,840215103376,2,69.5
FSG74926,5060680311075,8,11
FSG74953,5060680311150,7,45.5
KL966,844915091674,9,89
LOV0730,714449810730,27,37
HP3299,818631032990,14,3.5
HP3300,818631033003,13,3.5
HP3303,818631033034,15,1.75
HP3298,818631032983,0,19.8
HP3297,818631032976,14,19.8
HP3306,818631033065,17,6.5
HP3305,818631033058,11,2
HP3291,818631032914,17,59.4
HP3302,818631033027,2,52.8
SF10956,814137022237,0,10.98
Bi-014714,6959532324266,7,30.86
SF10957,814137022244,1,12.48
BL57857,819835023517,12,6.433
SF10992,814137022275,0,10.98
SF10995,814137022305,2,20.48
NSN-0413-14,657447101847,5,8.35
NSN-0413-23,657447101885,6,10.75
LOV3582,714449810723,173,65
NSN-2010-10,657447090714,0,2
NSN-2010-20,657447090721,0,1.6
KL963,844915091643,7,34
KL967,844915091704,12,31
IB5064-2,847841050647,9,60
IB9001-2,847841090018,2,27.5
IB9004-2,847841090049,6,27.5
IB9005-2,847841090056,5,27.5
IB1300-3,847841013000,13,13.75
IB1303-3,847841013031,10,17.5
IB1305-3,847841013055,11,20
SPU-106PK,669729801673,14,9.037
SPU-106GD,669729802106,5,9.037
SPU-107PK,669729801680,10,20.664
SPU-107GD,669729802113,9,20.664
SPU-110PK,669729801727,10,25.984
SPU-110GD,669729802144,36,25.984
SPU-115PK,669729801772,10,12.509
SPU-115GD,669729802199,6,12.509
EN-RS-4371,844477014371,2,49.99
EN-RS-4432,844477014432,5,54.99
EN-RS-3664,844477013664,7,45.99
EN-RS-4357,844477014357,14,32.99
SE1426-03,716770087386,19,5.2
SPU-102PK,669729801635,1,11.942
SPU-102GD,669729802069,4,11.942
SPU-300PU,669729803264,2,4.851
SPU-301PU,669729803271,2,12.299
SPU-302PU,669729803288,3,9.464
8254-61,813362024146,0,12.48
SPU-304PU,669729803301,3,18.613
SPU-306PU,669729803325,9,10.808
HO14,5060354560662,0,34.5
SPU-412PS,669729803400,5,22.148
CYEM3133,609224031977,3,65.45
BI-014707,6959532324341,0,15.79
BM-00900T54,6959532331745,29,65.97
BI-014718,6959532324273,39,13.44
SE1843-10,716770093356,14,24.1
SE1843-20,716770093370,14,24.1
SE1035-05,716770093295,4,51.6
ELD-LF2001,4890808218051,4,35
ELD-LF2002,4890808218044,5,55
GLAS-151,4890808219225,22,16.5
GLAS-152,4890808219232,11,15.5
GLAS-153,4890808219249,13,17
GLAS-154,4890808219256,6,18
GLAS-SET-01,4890808219287,11,29
GLAS-SET-02,4890808219294,10,26.5
BSPL-07G4,669729010105,7,18.025
SPK-001,669729200001,8,24.983
BSPL-10D,669729100059,4,26.418
SPU-410PS,669729803387,7,8.806
SPU-411PS,669729803394,6,12.229
SPU-413PS,669729803417,20,24.794
SPU-414PS,669729803424,2,27.909
SPU-403WS,669729803363,27,24.647
SPU-400WS,669729803332,9,8.806
SPU-401WS,669729803349,1,12.229
SPU-420BR,669729803431,6,6.678
SPU-422BR,669729803455,12,19.404
SPU-423BR,669729803462,9,21.035
SPU-424BR,669729803479,5,9.926
XRAF635-S,848518029959,16,8.53
7715-50,302340894555,66,3.21
MYCHARGER,4260152465201,12,7.5
OXHUJ104-TAR,840215119704	,8,18
OXHUJ111-BLK,840215105813	,8,13
OX3013-EGP,840215107183	,2,13
OXAJ1076-EGP,840215107091	,5,12
OX3022-EGPIC,840215108357	,12,7
EDCLIL002PNK,8719934000315,12,18.795
1975-30SM,6768903846104,14,6.3
1975-35CL,6768903842182,8,6.3
1975-37Bk,6768903847200,21,4.2
LTH6444,648275370802,0,23.1
LTH6503,648275370826,0,20.3
LTH6116,648275370642,0,21
LTH6146,648275370703,0,19.25
LTH6603,648275370574,5,26.25
DJ2103-07,782421072711,13,11.1
DJ2103-05,782421072698,5,11.1
HR-74311,5060020009433,0,53
SS660-06,646709660062,2,26.994
SS661-06,646709661069,17,26.994
SS661-07,646709661076,1,26.994
ATWC010,489555856759,22,18.543
ATAC020,489555856766,35,19.593
ATMH12-SM,489555856995,32,13.993
ATMH12-LXL,489555857008,31,13.993
ATSP5010,489555857015,12,27.993
BL95855,819835020769,15,7.546
BL95831,819835024460,12,4.865
BL95835,819835020745,22,4.851
BL26583,853858007925,33,10.549
BL22593,853858007932,16,15.106
NOBT-M40NBL,9342851002873,7,43.5
NOBT-M40BK,9342851002866,0,43.5
CEMAX3005-98,638258902373,9,21
EN-RS-4968,844477014968,3,29.99
EN-RS-4364,844477014364,17,40.99
ELD-LF1328-PUR,4890808221075,12,24
KR11006,8719324994064,5,20
KR11007,8719324994149,4,20
HO16,5060354560686,4,62.42
HO17,5060354560693,24,86.72
HP3292,818631032921,13,39.6
HP3293,818631032938,11,30.35
HP3296,818631032969,11,79.2
SEN794,PAONIA,8,52.5
BEI-53635,034689102502,4,3.85
FOR-77554,721773775543,59,1.75
ELD-LF1804,4890808221099,2,20
ELD-LF1807,4890808221129,12,18.5
ELD-LF1803,4890808221082,8,26.5
ELD-LF1801,4890808221068,14,16
ELD-LF1806,4890808221112,16,15.5
ELD-LF1805,4890808221105,12,20
PEG-004,4890808228326,1,42
BMS97216,677613972163,6,61.27
BMS97219,677613972194,4,61.27
BMS96216,677613962164,0,56.91
BMS96219,677613962195,1,56.91
NX0639,5060274220639,16,5
NX1278,5060274221278,28,7.25
LP6071953,3700436071953,13,50
LP6072011,3700436072011,6,19
EVA-0534,813686021135,37,9.5
PL27031-BK-OS,017036453670,0,9
PL27034-BK-OS,017036650000,7,7
PL25102-BK-OS,017036492273,14,6
RR7089-BK-OQ,017036827631,7,6.5
RR7082-BK-OS,017036634314,0,5.5
RR7082-BK-OQ,017036634338,8,6
RR7075-RD-OS,017036453731,1,5.5
RR7075-RD-OQ,017036453960,0,6
RR7008-BK-OS,017036494567,8,3.5
RR7008-BK-OQ,017036494574,0,3.75
EN-RS-5125,844477015125,24,28.99
EN-BP-5187,844477015187,14,18.99
PD4943-15,603912762334,7,110
IS59981,704155599814,21,10
8635-27,704155576259,7,7.54
8635-30,704155580546,8,7.54
OMBLL14,850006097685,11,24.15
SAT1135,4061504001135,2,17.385
SAT0893,4061504000893,22,17.385
SAT1128,4061504001128,3,17.385
CYEM180,609224032677,2,213.95
BL00898,850002870244,45,1.498
BI-014713,6959532332216,10,52.75
PD3788-21,603912760415,12,37.5
PD3791-20,603912760651,49,6.5
PDRD533,603912758467,3,140
PD5713-21,603912762464,4,26.5
PD5714-21,603912762471,0,27
PD5715-21,603912762488,4,36
PD5726-21,603912762679,3,30
PD5717-21,603912762501,11,36
PD5718-21,603912762518,4,41
PD5719-21,603912762525,7,45
PD5722-21,603912762556,1,45
RREID-001,602822733342,14,15
BAHG20,679359001480,12,14.87
BV-018BLK,4890808227039,19,27.5
ZE-AP-5200,844477015200,6,29.99
SHTOU364BLK,8714237504386,16,13.95
SHTOU367BLK,8714273503879,9,26.95
SHTOU368BLK,8714273503916,4,29.95
SHTOU369BLK,8714273503954,9,34.95
SHTOU370BLK,8714273503992,9,14.95
SHTOU371BLK,8714273504043,10,34.95
SHTOU270BLK,8714273927774,25,9.95
SHTOU381BLK,8714273504234,11,22.95
SHTOU372BLK,8714273504098,16,49.95
SHTOU376BLK,8714273504173,12,24.95
SHTOU377BLK,8714273504180,12,24.95
SHTOU373BLK,8714273504135,9,99.95
NT2855-2,782631285529,8,9.45
NT2855-3,782631285536,25,9.45
SHTPMP022TRA,8714273548429,8,15.95
SHTPMP021TRA,8714273548405,12,12.95
SHTPMP023TRA,8714273548436,4,17.95
SHTOU405BLK,8714273506801,8,9.95
SHTOU407BLK,8714273506948,6,9.95
SHTOU421BLK,8714273507990,18,6.95
SHTOU417BLK,8714273507716,10,6.95
SHTOU425BLK,8741273504018,19,6.95
SHTOU322PUR,8714273547521,0,24.95
SHTOU323PNK,8714273547545,11,32.95
SHTELC07TRA,8714273531261,17,44.95
SHTELC015BLK,8714273531285,0,79.95
SHTMCG010TRA,8714273531872,0,47.95
C7249-BK-OS,883124170350,0,6.6
C7258-BK-OS,883124170473,0,5.17
8280-046T,814487027272,15,6.5
NX1339,5060274221339,24,8.75
BMS87537,677613875372,0,28.72
SPSNK2PS,071819002240,43,8.35
COO1020-03,638258902090,108,13.25
SS098-30,646709098308,28,10.62
PD7074-00,603912761764,5,69
WS1022,713079911022,109,6.24
WS1046,713079911046,130,7.99
WS1053,713079911053,136,7.99
WS2029,713079912029,100,7.35
WS2043,713079912043,81,9.29
WS2050,713079912050,78,9.83
WS1008,713079911008,359,0.49
WS1107,713079911107,324,0.49
WS2005,713079912005,445,0.49
WS2104,713079912104,358,0.49
BL11245,850002870336,19,7.854
BL18515,819835025825,33,3.696
BL18505,819835025818,25,3.962
BL386915,819835025948,17,10.675
BL19905,819835025979,45,7.721
BL13115,819835025924,23,6.139
BL19705,819835025962,30,4.998
BL18815,819835025955,22,3.073
BL24125,819835025931,29,2.114
SS099-16,646709099169,26,12.91
SS099-33,646709099336,32,11.97
LITBG-069,685634102278,64,6.6
LITBG-070,685634102254,43,6.6
LITBG-071,685634102148,32,6.6
LITBG-072,685634102155,37,6.6
LITNVC-104,685634102209,5,4.2
LITNVC-105,685634102193,25,4.2
SOH31390-BK-S0,760299418886,2,22.95
6587-06,817717009871,35,2.5025
NSN-0403-73,657447102806,12,21.9
NSN-0403-75,657447102813,8,21.9
NSN-0413-09,657447102875,0,25.2
NSN-0960-19,657447102967,0,6.2
NSN-0960-29,657447102998,17,8.35
NSN-0961-14,657447103018,16,6.2
NSN-0961-19,657447103025,7,6.2
NSN-0961-24,657447103049,13,8.1
NSN-0962-19,657447103087,16,7.45
NSN-0962-29,657447103117,11,9.35
NSN-0963-14,657447103131,13,7.45
NSN-0963-19,657447103148,16,7.45
DJ0617-05,782421077723,42,78.85
NSN-0963-24,657447103162,9,9.1
NSN-1306-27,657447103216,7,16.55
NSN-1306-37,657447103223,11,16.55
NSN-1306-57,657447103247,4,15.7
NOBT-W70NBL,9342851002811,7,39.5
NOBT-W70UV,9342851002828,9,39.5
NOBT-W70RG,9342851002835,13,39.5
DJ0617-06,782421077730,16,78.85
DJ0682-25,782421077747,30,7.4
DJ0682-26,782421077938,27,11.13
DJ5130-07,782421077501,8,38.8
DJ5200-25,782421077518,8,38.8
DJ5200-26,782421077525,5,38.8
DJ5200-27,782421077532,7,38.8
DJ5200-28,782421077549,10,38.8
DJ5200-29,782421077556,10,38.8
DJ5200-30,782421077563,5,38.8
DJ5200-31,782421077570,8,38.8
DJ5240-01,782421077587,12,38.8
DJ6026-11,782421077839,11,42.44
DJ8160-19,782421077853,4,46
SEN176-75F,855559006382,10,141.75
SEN182-75F,855559005286,11,141.75
SEN513,855559007389,33,1.25
SEN514-100F,855559005149,10,125
SEN519,855559009758,16,1.25
SEN517-100F,855559005514,12,125
SPU-500RD,669729000151,1,6.237
SPU-501RD,669729000168,10,11.907
SPU-502RD,669729000175,1,11.907
SPU-504RD,669729000199,11,19.467
SPU-505RD,669729000205,3,20.412
SPU-506RD,669729000212,10,10.206
SPU-507RD,669729000229,5,7.938
KS12034,739122120340,9,9.5
SPU-508RD,669729000236,4,10.584
SPU-509RD,669729000243,1,12.096
SPU-510RD,669729000250,1,8.316
SE0374-01,716770094643,26,4.25
SE0374-02,716770094650,40,4.25
SE0374-03,716770094667,27,4.25
SE2380-01,716770094193,26,5.1
SE2380-02,716770094209,28,5.1
SE2380-03,716770094216,27,5.1
SPU-501GR,669729000274,8,11.907
SPU-502GR,669729000281,6,11.907
SPU-504GR,669729000304,7,19.467
SPU-505GR,669729000311,4,20.412
SPU-506GR,669729000328,9,10.206
SPU-512,669729000380,8,11.529
COO1014-03,638258902052,58,6.85
COO1014-07,638258902069,57,11.25
COO1014-12,638258902076,21,14.95
BL24411,819835026075,57,3.472
BL24510,819835026082,40,3.472
BL83901,819835026211,111,8.323
BL84103,819835025429,28,23.723
MDSNSL1,699439004149,0,6.56
MDSNWB1,699439004170,112,4.08
BL00369,850002870374,103,2.954
LOV9674,728360599674,155,65
DJ5510-03,782421077594,13,14.56
DJ5510-04,782421077600,0,14.56
DJ5510-05,782421077617,12,14.56
DJ5510-12,782421077624,3,14.56
DJ5510-21,782421077631,10,14.56
DJ5510-22,782421077648,11,14.56
DJ5510-23,782421077754,20,14.56
DJ5510-28,782421077761,0,14.56
DJ5510-29,782421077778,15,14.56
DJ5510-31,782421077792,14,14.56
DJ5640-01,782421077815,12,14.56
HP3304,818631033041,7,2.4
HP3310,818631033102,20,9.6
HP3311,818631033119,20,10.2
HP3312,818631033126,25,17
HP3313,818631033133,15,4.45
HP3314,818631033140,10,8.5
HP3316,818631033164,34,3.7
HP3317,818631033171,14,3.25
HP3318,818631033188,25,3.25
DJ5630-01-BX,782421077808,9,14.56
SPB-W13,669729803554,6,8.505
NSN-0616-23,657447103308,60,20.85
NSN-0616-24,657447103315,3,20.85
NSN-0616-27,657447103322,61,20.85
VI-B0601,716053727565,12,34.4
VI-B0613,716053727572,70,34.4
VI-P1913,716053727671,18,29.25
VI-P1909,716053727688,53,29.25
VI-P1713,716053727558,48,34.4
VI-P1708,716053727541,17,34.4
VI-S0408,716053727589,17,39.6
EN-RS-5552,844477015552,8,65.99
EN-RS-5071,844477015071,12,27.99
EN-RS-5613,844477015613,12,26.99
EN-RS-5835,844477015835,11,50.99
ZE-AP-4821,844477014821,9,58.99
ZE-RS-6306,844477016306,23,19.99
SE1625-40,716770094476,14,8
SE0608-20,716770094797,10,43.85
SE1624-00,716770094117,14,6.25
LITCP-989,817717009895,69,3.3
NSN-0960-11,657447102943,0,6.2
NSN-0960-14,657447102950,12,6.2
NSN-0960-21,657447102974,21,8.35
NSN-0961-11,657447103001,7,6.2
NSN-0961-21,657447103032,4,8.1
NSN-0962-11,657447103063,15,7.45
NSN-0962-14,657447103070,15,7.45
NSN-0962-21,657447103094,7,9.35
NSN-0962-24,657447103100,9,9.35
NSN-0963-11,657447103124,19,7.45
NSN-0963-21,657447103155,0,9.1
LL7963,7350075027963,11,55.132
LL7970,7350075027970,10,55.132
LL7833,7350075027833,17,55.132
XRAG366-Blue,848518036414,42,17.51
XRAG366-Pink,848518036421,29,17.51
XRAG366-Purple,848518036483,20,17.51
XRAG253-S,848518034557,20,38.93
BI-014396,6959532331608,64,46.98
BI-014395,6959532331592,1,46.98
7757-20,3760139882928,30,15
7757-21,3760139882881,44,15
7757-85,3701411600496,19,9.88
7757-86,3701411600502,28,9.88
CX76N-BK-S0,9342504030765,0,15
CX76N-BK-M0,9342504030772,0,15
CX76N-BK-L0,9342504030789,0,15
CX76N-BK-X0,9342504030796,0,15
CX01-BK-S0,9342504003226,0,13.25
CX01-BK-M0,9342504003233,0,13.25
CX01-BK-L0,9342504003240,0,13.25
CX01-BK-X0,9342504003257,0,13.25
CX21N-BK-S0,9342504030925,0,13
CX21N-BK-M0,9342504030932,0,13
CX21N-BK-L0,9342504030949,0,13
CX21N-BK-X0,9342504030956,0,13
KHE-BGR195,825156110270,4,4.5
KHE-BGR157,825156110300,13,11
KHE-BGR201,825156110324,9,3
KHE-BGR205,825156110331,18,3
CX14-JBK-L0,9342504025464,3,10
MP120260-BK-S0,845830084017,0,11.95
MP120260-BK-M0,845830084024,0,11.95
MP120260-BK-L0,845830084031,0,11.95
MP120260-BK-X0,845830084048,0,11.95
MDSNTB7OZ,699439004569,35,10.46
MDSNTB1,699439004286,108,3.06
CRC-USSKLUBAQ4,5037353004664,6,7.5
CRC-USSKLUBAQ8,5037353004862,0,12.5
CRC-USSKLUBSS4,5037353004701,17,15
CRC-USSKLUBEX4,5037353004688,29,8
OX3013-BLK,840215118844,7,13
OX3013-CLR,840215118851,13,13
OX3019-CLR,840215118950,8,12
OX3015-CF,840215118905,16,39.5
OXAJ1073-BK,840215111005,14,12
OX1501-BLK,840215114389,10,29.5
BI-014398,6959532331738,15,46.98
CYEM3130,609224031946,4,35.75
8468-21,9781618373083,8,7.5
SHTMCG011TRA,8714273531889,12,48.95
SLQ-051,653166085208,4,7.5
SLQ-052,653166487354,14,8
SLQ-363,606246334086,8,7.5
SLQ-361,606246382278,2,8.4
SLQ-364,606246358532,11,17
SLQ-362,606246694494,10,22
SHTMCG015TRA,8714273929211,0,35.95
SHTMCG016TRA,8714273929228,2,36.95
SHTPMP003BLK,8714273291677,10,19.95
SHTPMP005BLK,8714273291882,11,24.95
SHTPMP005TRA,8714273291875,5,24.95
SHTPMP027BLK,8714273548474,13,5.5
SHTPMP028BLK,8714273925862,19,5.95
SHTPMP035BLK,8714273504524,16,35.95
SHTPMP024ROS,8714273548443,7,32.95
SHTPMP026ROS,8714273548467,21,27.95
SHTPMP0404ROS,8714273504616,0,39.95
SHTOU365BLK,8714237504447,13,14.95
SHTOU366BLK,8714273503862,9,14.95
SHTOU374BLK,8714273504142,2,22.95
SHTOU375WHT,8714273504166,14,24.95
IB2700-2,847841027007,11,15
IB2701-2,847841027014,5,15
SHTOU379BLK,8714273504203,13,39.95
IB2702-2,847841027021,18,15
IB2703-2,847841027038,13,15
IB2704-2,847841027045,3,15
SHTOU406BLk,8714273506870,11,9.95
SHTOU258,8714273291257,0,23.95
SHTOU324BLK,8714273548023,10,24.95
SHTOU325BLK,8714273548030,11,21.95
SHTOU435BLK,8714273929167,12,17.95
SHTOU436BLK,8714273524935,0,24.95
SHTOU437BLK,8714273525000,14,24.95
SHTOU438BLK,8714273524867,7,12.95
SHTOU439BLK,8714273525079,5,19.95
SHTOU440BLK,8714273525147,12,24.95
SHTSON050TRA,8714273787842,0,14.95
SHTSON051TRA,8714273787866,0,17.95
SHTSON080BLK,8714273524584,9,12.95
SHTSOCK001-1,8714273929600,7,5.95
SHTSOCK003-1,8714273929624,0,5.95
RGRCR1168-BK,5060404819023,0,11.25
8254-36,813362024108,0,13.98
8254-40,813362024153,5,12.48
SF20338,810001683290,8,9.48
SF20349,810001683313,2,9.48
SF19447,814137025382,1,19.48
BI-014735,6959532332414,33,12.075
BI-014764,6959532325010,0,14
SFW-WCSS,860001963946,2,7
SFW-WCTFL,860001963960,1,3.5
BMS87714,677613877147,2,14.88
BMS87715,677613877154,0,14.88
BMS88425,677613884251,0,96.25
EN-RS-5927,844477015927,11,37.99
EN-RS-6429,844477016429,10,44.99
EN-RS-5828,844477015828,5,50.99
EN-RS-5750,844477015750,15,47.99
EN-RS-5774,844477015774,10,41.99
EN-RS-5576,844477015576,10,71.99
BWX158,848416005536,4,83.5
ZOLO-6026,848416005222,11,10
ZOLO-6027,848416005239,7,10
ZOLO-6025,848416005215,14,10
ZOLO-6028,848416005246,11,10
MOD19452,814137028222,10,24
MOD19453,814137028253,3,24
MOD19454,814137028239,2,24
MOD19455,814137028260,7,24
MOD19456,814137028246,3,24
MOD19457,814137028277,4,24
MOD19954,814137028284,3,14.86
LP6072189,3700436072189,106,30
LP6072219,3700436072219,0,35
LP6013922,3700436013922,9,75
LP6013939,3700436013939,19,80.49
SE1576-50,716770094582,19,17.2
SE1576-55,716770094599,9,17.2
SE1576-65,716770094612,10,17.2
SE1576-70,716770094629,9,17.2
SE1582-55,716770095213,9,21.6
OXAJ1003-BLB,840215101044,4,16
LW-020SKY,4890808227725,3,65
BV-025,4890808229903,1,89.25
BSBNU0958,8555888500958,10,26.988
PL25100-BK-OQ,017036768835,9,7
EH61013-LP-OS,763036307146,0,1.95
EEC1853-RD-OS,763036305272,1,9.95
EEC40531-RD-OS,763036306811,6,11.95
EEC40531-RD-OQ,763036306828,1,12.95
SF20530,810001683733,5,12.98
SF20527,810001683771,0,14.48
SF20528,810001683788,8,14.48
VD-GL2499,812024032499,13,11.06
XRAG366-Black,848518036407,27,17.51
VD-GL2741,812024032741,22,11.06
VD-GL2444,812024032444,13,22.73
VD-GL2451,812024032451,10,26.56
VD-GL2468,812024032468,13,29.58
SU-S400,8887500730031,69,40.38
CDQ20210-BK-OS,883124175010,3,14.85
CDQ20210-BK-X0,883124175027,0,14.85
KX1324-BK-A,852531004916,0,11.55
KX1324-BK-B,852531004909,0,11.55
KX1324-BK-C,852531004886,0,11.55
KX1324-BK-D,852531004893,4,11.55
MP145264-BL-S0,845830085274,0,12.45
MP145264-BL-M0,845830085267,0,12.45
MP145264-BL-L0,845830085250,0,12.45
MP145264-BL-X0,845830085281,3,12.45
MP442264-BL-SM,845830085304,0,11.25
MP442264-BL-LX,845830085298,1,11.25
MP398264-BL-SM,845830085328,0,11.75
MP398264-BL-LX,845830085311,0,11.75
MP450264-BL-OS,845830085335,0,5.95
LP6072202,3700436072202,31,30
LP6072233,3700436072233,15,35
MP181262-BK-L0,845830084956,0,10.95
MP182262-BK-X0,845830085007,0,10.95
AA1005-RD-OS,883045913005,4,4.25
AA1005-HP-OS,883045913197,4,4.25
AA1008-RD-OS,883045913012,14,4.25
AA1071-RD-OS,883045913036,12,4.25
AA1072-RD-OS,883045913081,0,4.25
AA1072-HP-OS,883045913272,0,4.25
AA1073-RD-OS,883045913043,0,4.25
AA1073-HP-OS,883045913234,0,4.25
AA1078-RD-OS,883045913050,6,4.25
AA1079-RD-OS,883045913067,0,4.25
AA1079-HP-OS,883045913258,8,4.25
AA1081-RD-OS,883045913074,3,4.25
AA1082-RD-OS,883045913098,0,4.25
AA1082-HP-OS,883045913289,1,4.25
FE-FF-4001-01,663546902872,111,12
FE-FF-4001-09,663546902889,101,12
SLQ-113,894147001132,400,0.65
KHE-BGC104,825156110423,54,4.5
DJ1470-55,782421078768,12,19.32
KHE-BGA26,825156110409,16,8.5
9906-31,571045818306,13,21
WVSNNASGX,4251460603959,26,79.5
SE1582-35,716770093714,11,21.25
NSN-0960-24,657447102981,18,8.35
ELD-LF1000,4890808233696,17,42
ELD-LF1373,4890808233740,7,49.5
ELD-LF1374,4890808233757,12,53
ELD-LF5212,4890808229552,13,24.5
ELD-LF5309,4890808233160,9,18
ELD-LF5208,4890808229514,1,12
ELD-LF5209,4890808229521,13,14
NT0203-2,782631203202,28,16.8
7757-D601,3760139882959,23,14.25
7757-D602,3760139882942,18,14.25
7757-D603,3760139882966,19,14.25
8284-DLRGLTGL,785123873266,16,5.4
8286-PLSWRDFUP,694536304994,8,5.4
8286-PLSWRDGT,694536305007,9,5.4
XRAG173-S,848518033598,15,16.14
6018-07,766554006485,47,5.5
LITCP-1014,817717010143,51,2.5
8280-046,810040290565,9,10
8280-045,810040290756,13,10
MAS246,810040290411,20,3.5
MAS245,810040290541,3,3.5
EN-BP-6467,844477016467,12,8.99
EN-RS-6269,844477016269,11,55.99
EN-RS-5064,844477015064,15,62.99
EN-DD-6221,844477016221,16,24.99
EN-DD-6238,844477016238,9,24.99
EN-RS-6436,844477016436,12,30.99
EN-RS-6344,844477016344,22,36.99
ZE-AP-6115,844477016115,11,47.99
ZE-RS-5583,844477015583,0,55.993
ZE-RS-4982,844477014982,7,65.99
ZE-MS-6535,844477016535,21,30.99
LITCP-1016,817717010167,7,2.5
LITCP-1021,817717010211,8,2.5
LITCP-1023,817717010235,31,2.5
XRAG374-S,848518036605,0,9.07
7289-40,184755000543,262,1.44
ZE-MS-6511,844477016511,21,44.99
INT011-120MJ,850000918276,26,14.47
INT012-120MJ,850000918283,1,9.98
INT013-120MJ,850000918290,51,9.98
INT014-120MJ,850000918306,18,9.98
INT015MJ,850000918313,40,12.48
INT016MJ,850000918320,45,12.48
INT017MJ,850000918337,28,12.48
HP3320,818631033201,6,24
TNT-D0451,830539000451,13,12.6
7552-07,685634102100,55,12.1
LITBG-073,685634102650,48,6.6
LITBG-074,685634102681,63,6.6
CRC-USCCYMBUN,847878001353,12,15
WR0143,616453050143,11,5
WR7715,665752707715,0,5
WR1803,9781956562217,6,6.5
SE4415-05,716770096487,17,31.5
SE4415-15,716770096500,26,31.5
SE0036-05,716770096081,7,37.47
SE4500-10,716770095909,14,38.31
SE4500-15,716770095916,12,40.02
SE4500-20,716770095923,17,40.02
SE2700-10,716770096104,20,10
SE2701-09,716770096258,21,23.6
SE2701-10,716770096265,20,23.6
SE2701-11,716770096272,11,21.45
SE2701-27,716770096319,13,29.75
SE2701-28,716770096326,13,29.75
SE2434-20,716770095824,31,3.5
SE2707-10,716770095985,42,43.71
SE2707-20,716770095992,23,41.16
PK346,848416006380,5,8
PK350,848416006427,15,8
PK354,848416006472,4,8
PK355,848416006489,5,8
SF20535,810001683818,8,13.98
DBJ-CSSB3P,9416263802175,1,1.25
DBJ-CSORB-JJ,9416263802076,20,1.25
DBJ-CSRRC-JJ,9416263802083,5,1.25
DBJ-CSRRB-JJ,9416263802090,15,1.25
DBJ-CSCRB-JJ,9416263802113,15,1.25
DBJ-CSCCB-JJ,9416263802144,3,1.25
DBJ-CSSGL-JJ,9416263802168,4,1.25
DBJ-CSSRM-JJ,9416263802243,12,1.25
DBJ-CSSFTT-JJ,9416263802328,3,1.25
DBJ-CSSMRB-JJ,9416263802335,4,1.25
DBJ-CSSMRT-JJ,9416263802342,5,1.25
DBJ-CSSSTT-JJ,9416263802366,2,1.25
DBJ-CSMASB-JJ,9416263802373,15,1.25
DBJ-CSGRC-JJ,9416263802045,3,1.25
RGRFS1166,5060404819009,2,31
SAT2637,4061504002637,2,25.485
SE1843-15,716770095510,11,24.1
BOL092-BLK,053176856605,18,8.25
IB1301-3,847841013017,12,13.75
IB1302-3,847841013024,15,17.5
IB1304-3,847841013048,4,20
PM0304-28,70907230428,0,2.74
NT2999-1,782631299915,17,9.45
ZE-AP-6290,844477016290,12,52.99
SF20832,810001683832,10,13.48
SF20833,810001683849,0,13.48
EN-RS-3695,844477013695,15,99.99
EN-RS-6375,844477016375,7,51.99
PDRD537,603912764475,17,93.5
PDRD538,603912764482,9,82.5
RR7094-RD-OS,017036440984,2,6
RR7097-RD-OS,017036443541,1,8
RR7097-BK-OS,017036442940,6,8
RR53017-WH-OS,017036485053,0,10
RR50017-NV-OS,017036484261,0,10
RR53018-BK-OS,017036485275,0,10
RR53019-WH-OS,017036485374,2,10
SSS0001,860002821887,10,36.67
SSS0002,860002821818,4,36.67
SE1841-20,716770094636,16,24.1
MDMSC10ML,699439004088,15,4.5
PL23078-RBW-OS,017036483394,0,6.5
PL23078-RBW-OQ,017036483400,5,7
PL23077-RBW-OS,017036483189,0,6.5
PL23077-RBW-OQ,017036483301,12,7
PL27048-RBW-OS,017036483417,17,6.5
PL27048-RBW-OQ,017036483431,12,7
PL23075-BK-OS,017036482595,4,9
PL23075-RD-OS,017036482717,5,9
PL23075-RD-OQ,017036482779,5,9
PL23076-BK-OS,017036482830,0,6.5
PL23076-BK-OQ,017036482861,9,7
PL27046-BK-OS,017036474095,0,6
PL27047-RD-OS,017036474514,13,6
PL27047-BK-OQ,017036474521,16,6.5
PL27047-RD-OQ,017036474590,12,6.5
PL27050-BK-OS,017036483868,9,8.5
NN-AMEREDM,614608262977,27,3.75
BI-014390,6937526503026,1,57.62
LOV9636,6972677431224,30,8
LOV9353,728360599353,53,5.75
LOV9698,papssf,44,5.75
LOV9582,papssd,40,5.75
LOV9704,072836059972,0,5.75
ELD-LF5106BLK,4890808238509,16,11
ELD-LF5105BLK,4890808238493,6,9
HP3325,818631033256,32,12
HP3326,818631033263,24,12
HP3333,818631033331,16,27
HP3334,818631033348,18,20.1
HP3335,818631033355,10,27
HP3336,818631033362,21,27
HP3340,818631033409,6,20
HP3341,818631033416,23,12
HP3342,818631033423,26,12
HP3343,818631033430,45,6
HP3344,818631033447,46,6
HP3345,818631033454,36,6
HP3346,818631033461,47,6
NXACE002,5060274220769,9,50
PB-FWS16,184755000635,11,41.06
CRC-SKLUBAQ5ML,5037353004671,186,0.75
CRC-SKLUBEX5ML,5037353004695,152,0.75
CRC-SKLUBMP5ML,5037353004732,206,0.75
CRC-SKLUBSTR5ML,5037353004756,198,0.75
CRC-SKLUBWM5ML,5037353004770,248,0.75
CRC-SKLUBSS5ML,5037353004718,0,1
SENVL481,810002664816,22,5.98
SENVL479,855559007211,25,4.79
DBJ-COO-104,810032460266,3,1.25
PD5728-21,603912765786,7,67.5
PD5729-21,603912766288,3,40
PD5730-21,603912766295,9,50
PD5731-21,603912766301,5,55
PD5732-21,603912766318,5,60
PD9401-00,603912766189,41,6
PD9402-00,603912766172,31,6
KHE-NV059,825156110294,0,2.5
SHU1202,697309012027,9,13
SHU1213,697309012133,5,13
SHU1218,697309012188,9,13
SHU1223,697309012232,9,13
SHU1311,697309013116,5,14.5
SHU1312,697309013123,4,14.5
SHU1322,697309013222,24,14.5
EN-RS-6122,844477016122,4,65.99
EN-RS-6283,844477016283,8,37.99
EN-RS-6665,844477016665,16,105.99
EN-RS-6276,844477016276,6,37.99
BEI-53797,034689203063,8,1.932
BEI-53794,034689203230,7,17.15
ZE-AP-6405,844477016405,5,30.99
BEI-60538,034689605386,8,2.8
ZE-MS-6504,844477016504,14,155.99
ZE-MS-6528,844477016528,6,59.99
ZE-MS-6368,844477016368,16,35.99
SHU1219,697309012195,14,13
XRAG430-S,848518037343,31,9.7
XRAG432-M,848518037398,8,11.65
XRAG432-S,848518037381,5,9.7
XRAG456-Black,848518037572,15,10.31
NXQU001,5060274221391,16,43.5
XRAF736,848518030825,57,11.75
SHTSWI011PNK,8714273522719,4,48.965
SHTSWI016BLK,8714273523204,2,62.965
SHTREA090PNK,8714273544346,12,9.95
SHTREA090TRA,8714273544353,14,9.95
SHTREA091PUR,8714273491473,9,12.95
SHTREA091TRA,8714273543196,18,12.95
SHTREA092PNK,8714273543219,4,16.95
SHTREA092TRA,8714273543226,17,16.95
SHTOU448BLK,8714273491657,0,11.95
SHTOU446BLK,8714273491633,1,10.95
SHTOU447BLK,8714273491640,7,11.95
SHTFST011BLK,8714273491695,5,22.95
SHTSOCK006-1,8714273544230,6,5.95
SHTSOCK006-2,8714273544285,7,5.95
SHTSOCK009-2,8714273544315,0,5.95
SHTOU469BLK,8714273542618,6,7.95
SHTOU475BLK,8714273542694,0,8.95
SHTOU476BLU,8714273542724,6,6.95
SHTDES018-BK-OS,8714273495402,1,11.165
SHTDES027-BK-OS,8714273495495,2,13.95
FE-FO-226-05,663546902179,8,9
FE-FO-226-13,663546902193,20,9
FE-FO-227-513,663546902209,20,7.5
SHTINN001ROS,8714273532077,3,54.95
SHTOU484SIL,8714273544377,2,169.95
LOV9681,728360599681,141,65
HPSF-HH31,5022782666286,130,4.75
EN-RS-7693,844477017693,8,18.99
EN-RS-7624,844477017624,21,19.99
PDRD601-21,603912764291,11,13.5
PDRD603-21,603912764314,12,13.5
PDRD604-21,603912764321,16,13.5
PDRD605-21,603912764277,14,13.5
PDRD606-21,603912764352,15,16
PDRD606-29,603912766080,12,16
PDRD607-22,603912764369,27,16
PDRD608-21,603912764376,34,22.5
PDRD608-29,603912766103,12,22.5
PDRD609-22,603912764383,10,22.5
PDRD610-21,603912764390,3,82.5
PDRD611-22,603912764406,3,82.5
PDRD612-21,603912764413,7,87.5
PDRD613-22,603912764420,4,87.5
PDRD614-21,603912764437,9,180
PDRD614-29,603912766127,2,180
PDRD615-22,603912764444,2,180
PDRD535,603912764451,3,550
WVSNTTSG6,4251460603911,13,41.5
WVSNTTSG3,4251460603928,19,41.5
WVSNTCSG4,4251460603935,19,52.5
WVSNTCSG6,4251460603942,22,52.5
BI-BW055013,6959532333077,1,37.15
KIN-141K,722934001419,28,3.75
KIN-143K,722934001433,37,3.75
KIN-152K,722934001525,62,3.75
KIN-153K,722934001532,27,3.75
KS13032,739122130325,26,5
KS13034,739122130349,34,5
KS13036,739122130363,14,5
VI-Z0308,716053727664,0,229
PLB87008,802991609886,17,30
PLB87008PP,802991610974,0,30
PLB76101R,802991611292,3,25
PLB75202,802991609725,19,10
PLB75206,802991613951,20,11.5
PLB75208,802991613975,11,11.5
PLB75212,612608640597,14,11.5
BMS3911-11,677613391117,0,21.87
BMS20815,677613208156,0,9.19
LOV9728,728360599728,232,62
LOV9780,728360599780,149,65
EN-RS-7662,844477017662,17,26.99
EN-RS-7273,844477017273,8,17.99
EN-RS-7679,844477017679,23,25.99
EN-RS-7846,844477017846,6,53.99
EN-RS-7686,844477017686,4,59.99
BACSG,679359001725,78,13.02
7552-15,685634102810,18,7.15
LITLGP-104,685634102704,3,13.5
LITLGP-017,685634102971,56,3.85
LITLGP-018,685634102964,29,1.95
LITCP-1028,817717010280,10,2.5
LITCP-1029,817717010297,48,2.5
LITCP-1030,817717010303,55,2.5
LITCP-1033,817717010334,34,2.86
LITCP-1037,817717010372,2,2.145
LITLGP-021,685634102988,58,2.5025
7551-309,685634102629,71,8.25
VD-GL0497,810046850497,0,8.78
BL86722,819835025764,14,15.092
LITPWM-010,685634103022,45,23.1
LOV9759,728360599759,151,65
DZ-004,4890808232224,1,315
PD7077-12,603912765878,6,35
ZOLO-6034,848416006199,4,7
ZOLO-6035,848416006205,7,7
ZOLO-6036,848416006212,11,8
ZOLO-6030,848416005550,3,104
ZOLO-6031,848416005567,1,104
XRAG572-Black,848518039828,60,22.61
XRAG572-Blue,848518039835,21,22.61
XRAG572-Purple,848518039859,21,22.61
XRAG580,848518039965,20,24.79
PT-1400-2, 041333214016,27,5.42
C21110-BL-SM,883124175508,4,15
C21110-BL-2X,883124175522,12,15
NOBT-NU01PK,9342851002903,22,20
NOBT-NU01RG,9342851002910,16,20
NOBT-NU01UV,9342851002927,8,20
DJ5510-35,782421080082,8,14.56
DJ5510-32,782421079680,7,14.56
DJ5510-34,782421079703,0,14.56
DJ5510-27,782421080075,8,14.56
DJ8160-21,782421080198,3,49.55
DJ1361-20,782421080594,12,9.32
DJ1361-21,782421080600,24,9.32
DJ1361-22,782421080617,33,9.32
DJ1361-23,782421080624,10,9.32
DJ1362-20,782421080488,21,6.45
DJ1362-21,782421080495,27,7.73
DJ0301-01,782421080716,5,16.08
DJ0301-02,782421080723,1,10.62
DJ0301-03,782421080730,17,11.95
DJ1313-20,782421079147,13,12.6
JEL7000-00,638258700054,14,7.4
JEL7002-00,638258902762,12,7.4
JEL2502-05,638258902847,31,3.25
JEL2503-05,638258902854,26,3.25
JEL2505-05,638258902878,28,3.25
JEL2504-05,638258902861,401,2.275
JEL2506-05,638258902885,25,3.25
JEL2600-05,638258902724,12,3.25
JEL2601-05,638258902670,25,3.25
JEL2602-05,638258902717,29,3.25
JEL2603-05,638258902694,12,3.25
JEL2604-05,638258902687,14,3.25
JEL2605-05,638258902700,17,3.25
JEL2600-98,638258902915,18,117
DJ5200-32,782421079659,10,38.8
DJ5200-34,782421079673,12,38.8
DJ5200-35,782421080099,4,38.8
CBBABAA1650-04,638258000079,12,8.45
CBBABAA1650-08,638258165082,34,10.25
CBBABAA1750-100,638258902526,21,173.4
EEC53083-BL-OS,763036308938,10,13.95
CB3000BLK,860224002279,3,75
THECURVEBLK,860224002286,3,75
EH1993-BK-L0,763036309041,6,15.95
SOH31487-BK-32,760299437894,1,17.95
SOH31487-BK-36,760299437917,0,17.95
SOH31487-BK-38,760299437924,2,17.95
SOH25913-GR-S0,760299441075,1,16.95
SOH25913-GR-X0,760299441105,3,16.95
SE2702-11,716770097033,17,8.7
SE2702-19,716770097040,19,17.85
SE2702-21,716770097057,11,18.1
SE2702-29,716770097064,20,17.1
SE2702-31,716770097071,11,17.75
XRAG579,848518039958,31,23.33
SE2702-80,716770097095,15,27
SE2702-85,716770097101,27,34.25
SE2702-95,716770097118,25,8.25
XRAF652,848518030139,12,25.84
XRAG409,848518036896,3,22.044
SE2699-06,716770097354,48,10.7
SE2699-07,716770097361,12,10.7
KHE-BGC40,825156110539,14,4.5
KHE-BGR43,825156110553,11,6
KHE-R172,825156110607,14,6
KHE-BGD14,825156110577,16,8.5
SE2699-25,716770097408,10,10.7
SE0440-10,716770096999,20,10.1
SE0440-30,716770097019,14,10.1
PF-XP-08B,851127008727,8,13.9
PF-XP-06B,851127008703,4,11
BV-030FUC,4890808242377 ,5,62.5
PF-XP-99,851127008833,40,11.5
PF-XP-100,851127008406,5,29.9
PF-XP-20C,851127008765,12,22.9
SE0260-05,716770096517,20,11.6
SE0260-10,716770096524,13,11.6
SE0261-15,716770096562,3,19.2
SE7200-99,716770097163,31,10.41
EN-RS-8034,844477018034,10,70.99
EN-RS-7747,844477017747,11,46.99
EN-RS-6443,844477016443,12,71.99
EN-RS-7860,844477017860,13,27.99
EN-RS-8010,844477018010,12,71.99
ZE-MS-6481,844477016481,3,16.99
ZE-MS-6498,844477016498,5,16.99
ZE-RS-7891,844477017891,8,38.99
ZE-MS-8089,844477018089,17,44.99
ZE-MS-7969,844477017969,13,59.99
HP3338,818631033386,15,2
NSN-0208-34,657447103773,3,24.81
NSN-0402-21,657447104213,8,33.75
NSN-0402-22,657447104220,10,33.75
NSN-0402-24,657447104244,6,33.75
6213-03,176554006185,109,5.075
BL18915,819835024996,26,5.208
BL18715,819835024989,0,4.123
NSN-0409-21,657447104107,4,25.2
BL18615,819835024972,11,2.73
BL10605,819835025023,34,7.427
BL11115,819835026440,35,10.038
BL11015,819835025122,26,5.397
BL10785,819835025115,27,2.842
BL310175,819835025139,8,8.96
NSN-0555-37,657447103698,6,26.15
NSN-0965-11,657447103551,13,6.45
NSN-0965-13,657447103568,5,6.45
NSN-0965-14,657447103575,10,6.45
NSN-0965-15,657447103582,3,6.45
NSN-0965-16,657447103599,15,6.45
NSN-0965-21,657447103605,10,7.95
NSN-0965-24,657447103629,14,7.95
NSN-0965-25,657447103636,11,7.95
NSN-0965-26,657447103643,19,7.95
CRC-PWNDSER30,847878002558,15,10
NSN-1306-67,657447103537,1,9.18
NSN-1307-17,657447104206,48,14.79
CRC-SKNDSER30,5037353004947,10,10
NSN-1307-37,657447104176,9,8.85
NSN-1307-39,657447104183,14,9.35
BL11845,819835026464,12,7.371
BL40085,819835025009,44,4.144
BL11635,819835026488,28,13.195
BL11645,819835026495,52,14.266
BL11625,819835026471,25,11.928
SI60004,752875600044,24,8
BL83900,819835026310,2,8.309
BL83902,819835026327,2,8.309
BL84033,819835026532,16,8.456
SEN524,855559007433,33,9.48
BL74302,850002870435,22,5.558
CG-002,4890808234013,18,21.25
CG-004,4890808234037,2,27.625
CG-005-VAN,4890808234044,1,27.625
CG-005-CHOC,4890808234051,11,27.625
BL74202,850002870305,45,5.558
BL74201,850002870411,25,5.558
BV-029BLK,4890808241806,11,45
BL74122,850002870312,20,5.558
BL74100,850002870329,25,5.551
SF20533,810001684198,6,11.48
SF00018,810001684044,16,40.8
SF11240,810001684082,26,47.664
SF00017,810001683993,14,36.678
SF11244,810001684037,20,36.678
BL84003,819835025504,15,8.89
BL84013,819835025498,24,9.625
BL84023,819835025528,26,8.89
OX3047-BLK,840215120298,29,4.5
OX3047-CLR,840215120311,15,4.5
OX3047-PLC,840215120328,8,4.5
GN1100003,850010096308,4,14.95
GN3000920,850010096605,20,13.95
GN3000921,850010096612,22,15.95
GN3010015,850010096254,5,9.75
GN3010017,850010096278,13,9.75
BMS56511,677613565112,0,10.24
BMS56515,677613565150,0,10.24
GN3010011,850010096414,12,3.95
GN3010012,850010096421,9,3.95
GN3010013,850010096407,14,3.95
GN3010003,850010096049,45,11.45
BMS56516,677613565167,0,10.24
GN3010006,850010096070,3,4.65
BMS56519,677613565198,0,10.24
GN3010007,850010096087,13,4.65
GN3010008,850010096094,1,4.65
GN3009997,850010096575,5,15.45
GN3010000,850010096001,11,11.45
GN3010001,850010096018,0,11.45
GN3010002,850010096025,9,11.45
BMS54316,677613543165,0,12.6
BMS54315,677613543158,0,12.6
BLM5012,4890808238707,19,30
BLM5013,4890808238714,4,25
BLM5014,4890808238721,8,30
GLAS-157,4890808238592,13,18
GLAS-158,4890808238608,8,20
GLAS-159,4890808238615,9,15
GLAS-161,4890808238639,0,18
GLAS-162,4890808238646,8,16
GLAS-SET-03,4890808238653,3,35
SHTOU498BLK,8714273930682,0,9.95
SHTOU499BLK,8714273925886,0,9.95
SHTOU510,8714273925954,5,99.95
SHTOU512,8714273925947,11,99.95
SHTPMP043BLK,8714273504685,9,37.95
SHTPMP043TRA,8714273508119,7,37.95
SHTPMP044BLK,8714273504692,8,42.95
SHTPMP044TRA,8714273508126,10,42.95
SHTPMP045BLK,8714273504746,14,34.95
SHTUOM005BLK,7423522435472,21,59.95
SHTUOM007BLK,7423522435496,29,69.95
SHTUOM010BLK,7423522436424,12,69.95
SHTUOM015BLKSM,7423522436479,5,69.95
SHTUOM015BLKLXL,7423522436493,13,69.95
SHTSLI180,8714273925039,3,4.95
SHTSLI181,8714273925046,11,4.95
ICC77029-PR-X0,828099154370,1,20.95
ICG35164-BK-S0,828099153595,0,14.95
ICG35164-BK-M0,828099153601,0,14.95
ICG35164-BK-X0,828099153625,0,14.95
ICG34045-BK-X0,828099112769,1,12.95
ICGB32143-BK-OS,828099119478,0,11.95
ICGB32143-BK-OQ,828099119485,0,13.95
XRAE426,848518019264,9,4.398
XRAF200,848518025821,20,30.756
MY46000,4260152460008,0,94
MY46372,4260152463726,24,39.8
PLB87009,802991614255,21,40
SE4350-70,716770097910,15,59.25
LIL1007,850000871007,5,65
LIL1021,850000871021,7,65
OX3045-BLK,840215120571,13,36
OX3045-CLIC,840215120588,8,36
OX3049-BLK,840215120496,6,36
OX3049-CLR,840215120502,2,36
OX3046-BLK,840215120618,3,31
OX3046-CLR,840215120625,14,31
OX1918-BLMPH,840215121158,9,89.5
STH11297-PK-X0,840091718527,5,15
STH11066-PK-M0,840091705084,0,16
STH11066-PK-X0,840091705107,0,16
STH11066-PK-X4,840091705121,0,17
STH11201-PR-X0,840091718848,1,14
STM11291-PK-OQ,840091718640,1,15.5
STM10962-BK-OS,888208430023,0,4
STM10962-BK-OQ,888208430030,2,4.5
ST40207-RD-OS,840091707941,1,5
STM11326-BK-OQ,840091718749,4,16
LW-027,4890808240274,1,85
LP6072400,3700436072400,0,55
EVA-2106,813686021142,0,15
WR4997,669203784997,7,5
WR8125,665752708125,4,5
WR8132,665752708132,7,5
NT2957-1,782631295719,15,17.3
NT2957-2,782631295726,15,17.3
NT2974,782631297409,1,26.075
BI-MC32,6937526503439,58,14.67
BI-MC35,6959532333282,21,38.92
BI-MC36,6959532333299,4,38.98
BI-BW022061,6959532325324,0,42.34
FTAF941-BK-LX,657447087295,1,16.5
FTAF948-BK-ML,657447087431,1,19.5
FTAF948-BK-LX,657447087448,1,19.5
FTAF947-BK-LX,657447087400,1,17.5
FTAF950-BK-SM,657447087493,2,18
FTAF950-BK-LX,657447087516,1,18
8284-PLSBK,694536302556,25,4.49
8374-EFLRCML,785123872658,1,11.85
8284-PLSDISSL,694536303447,0,5.4
8370-PETPLSSL,694536306097,13,5.4
DBJ-CSSRL-JJ,9416263802250,11,1.25
HP3324,818631033249,48,2.4
WS90412,713079904123,66,6.19
WS90422,713079904222,51,6.19
WS90432,713079904321,31,6.19
WS90452,713079904529,41,6.19
WS90454,713079904543,25,8.99
WS90464,713079904642,29,8.99
WS90462,713079904628,47,6.19
WS90450,713079904505,160,0.49
WS90460,713079904604,202,0.49
VI-F0901,716053727794,21,22.5
VI-F1001,716053727824,12,22.5
VI-F1013,716053727817,0,22.5
VI-W0201,716053727909,73,30.8
VI-W0208,716053727886,16,30.8
VI-W0213,716053727893,0,30.8
VI-L0115,716053727848,1,29.25
VI-L0116,716053727855,19,29.25
LIL1861,850000871861,7,65
LIL1885,850000871885,4,65
LIL1892,850000871892,2,65
LIL1854,850000871854,12,65
NT3005,782631300505,17,8.1
CDQ9375-BK-X0,883124169484,0,19.36
XRAG635,848518042286,13,26.154
DBJ-REA066FLE,810032460167,9,1.75
DBJ-REA061BRN,810032460143,14,1.75
DBJ-REA062FLE,810032460099,28,1.75
DBJ-REA066BRN,810032460136,14,1.75
DBJ-REA062BRN,810032460129,18,1.75
DBJ-REA071BRN,810032460181,13,1.75
8635-35,704155580393,5,7.54
8635-32,704155580423,32,7.54
8635-33,704155574606,3,7.54
IS17971,704155179719,2,3.75
BMS20816,677613208163,0,9.19
WR1872,9780998041872,4,6.5
AA1098-BK-OS,883045916662,2,4.25
AA1099-BK-OS,883045916693,8,4.25
AA1100-BK-OS,883045916723,0,4.25
AA1101-BK-OS,883045916754,2,4.25
AA1102-BK-OS,883045916785,10,4.25
AA1103-BK-OS,883045916815,23,4.25
AA1104-BK-OS,883045916846,0,4.25
AA1105-BK-OS,883045916877,0,4.25
AA1107-BK-OS,883045916938,14,4.25
AA1108-BK-OS,883045916969,0,4.25
AA1109-BK-OS,883045916990,0,4.25
RK-10FLUTPK,811041014303,3,41.5
OXHUJ111-CLR,840215120816,3,13
OXHUJ105-ICE,840215120830,12,13
MBN04-CR-X0,677355437326,8,10.5
MBN04-NY-S0,677355404441,1,10.5
MBN04-RD-S0,677355462663,0,10.5
MBN04-RD-M0,677355423404,0,10.5
MBN04-RD-X0,677355497986,6,10.5
MBN04-RL-S0,677355474048,0,10.5
MBN04-RL-M0,677355412897,0,10.5
MBN04-RL-X0,677355470347,6,10.5
FE-FF-4002-01,663546903633,74,14
FE-FF-4002-09,663546903640,77,14
EN-RS-7723,844477017723,8,30.99
EN-RS-8027,844477018027,9,63.99
EN-RS-8263,844477018263,9,41.99
EN-RS-7709,844477017709,2,60.99
EN-BP-8539,844477018539,6,33.99
CPC21501-PK-X0,883124177205,2,15.885
EN-BP-8553,844477018553,16,12.99
EN-BP-8560,844477018560,11,14.99
ZE-MS-7983,844477017983,8,155.99
ZE-RS-7976,844477017976,6,64.99
XRAG776,848518044877,71,31.38
ZOLO-6032,848416007462,1,235
PD2886-11,603912767124,22,31.5
PD2888-20,603912767148,6,28.5
SHTVIVE020PNK,8714273522283,3,69.95
SHTVIVE018PNK,8714273521866,13,59.95
SHTVIVE021PUR,8714273524461,4,69.95
SHTVIVE014PNK,8714273521026,4,69.95
SHTVIVE015BLK,8714273521163,5,69.95
BMS88525,677613885258,0,58.64
CN-07-0562-12,653078942309,1,133.54
CN-07-0566-11,653078942347,1,294.25
OX3052-CLR,840215120649,66,4.5
LP6072417,3700436072417,0,19
LP6072431,3700436072431,7,50
CRC-USS6P,847878002145,12,6
IB2690,847841026901,19,6.65
IB2691,847841026918,9,6.65
IB2692,847841026925,15,6.65
IB2693,847841026932,6,6.65
PJSWF19061,827160107284,0,31.25
XRAG623,848518042132,6,27.93
LIL1267,850000871267,0,48
LIL8106,853469008106,0,48
KS10284,739122102841,26,5
KS10281,739122102810,40,5
KS10283,739122102834,19,5
KS10282,739122102827,37,5
KS10280,739122102803,24,5
ANE8867-62,00860003886762,20,50
CWGRL-001-UNI,4890808238554,1,1000
VD-DP19017,812024032604,1,34.51
NN-LVB018,614608261925,1,11.5
NN-BGO020,614608261826,6,12
NN-IQCIR3,614608261888,12,10
NN-NPCIR3,614608261871,9,10
NN-MYCIR3,614608261864,8,10
NN-HRT012,614608261857,13,7
NN-NEC016,614608261819,10,12
NN-BRO006,614608261451,1,8
NN-NIR021,672975644369,13,7.5
NN-SNM017,614608261772,11,10
BALL-DG15,766554006447,49,3.5
LP6072523,3700436072523,30,60
SEN689,855559006894,9,7.98
SEN698,855559006986,0,0.85
SEN428,855559006375,25,7.98
SEN455,810002664557,13,8.48
SEN831,810002661136,0,9
SEN832,810002661143,0,8.05
SEN833,810002661150,15,0.95
SENVL483,810002664830,19,6.6
SAT3191,4061504003191,20,18.735
SAT3207,4061504003207,19,18.735
SAT9636,4061504009636,28,20.385
SAT9643,4061504009643,2,20.385
BI-014833,6959532333374,14,37.52
BI-014859,6959532333619,22,11.76
BI-040107,6959532326222,53,14.56
BI-QX003-MR,6959532331868,0,12.88
RGRUB050,5060404816473,0,12.8
LUC467-60,6768903846760,10,6.3
LUC467-77,6768903846777,6,6.3
LUC467-91,6768903846791,14,6.3
LUC468-76,6768903846876,16,6.3
PM087-97,067981087970,24,3.05
LUC468-45,6768903846845,16,6.3
LUC469-20,6768903846920,14,6.83
LUC469-44,6768903846944,20,6.83
LUC468-90,6768903846890,8,6.83
LUC468-83,6768903846883,6,6.83
LUC421-68,6768903842168,17,6.04
LUC421-37,6768903842137,4,6.04
LUC468-14,6768903846814,12,6.3
LUC469-37,6768903846937,12,7.88
LUC468-21,6768903846821,8,6.3
LUC460-05,6768903846005,14,6.3
RR50021-BK-SM,196018062694,10,5
RR50021-BK-ML,196018062687,0,5
RR53024-BK-SM,196018062434,16,5.2
RR53024-BK-ML,196018062786,23,5.2
RR1158-RD-SM,196018062618,10,3
RR1158-RD-ML,196018062601,0,3
RR1157-RD-ML,196018062564,17,3.5
RR1157-RD-SM,196018062571,5,3.5
RR502141-NV-SM,017036006340,1,5.5
RR502141-NV-ML,017036005176,0,5.5
NSN-0554-85,657447104367,17,29.55
NSN-0554-87,657447104374,16,29.55
SS480-08,646709480080,15,51.49
SS480-38,646709480387,37,16.38
SS480-37,646709480370,22,18.74
SS021-01,646709021016,27,64.33
PL25111-BK-OS,196018134421,10,7
PL25111-BK-OQ,196018134445,0,7.5
PL23089-BK-OQ,196018134384,0,8.5
PL25109-BK-OS,196018083545,14,9
PL25109-WH-OS,196018083552,16,9
PL25109-BK-OQ,196018083569,0,10
PL25112-BK-OQ,196018134483,7,8.5
PL20035-BK-OS,196018083484,7,7
PL20035-BK-OQ,196018083507,7,7.5
PL20036-BK-OS,196018083521,8,6
IB2680,847841026802,5,6.65
IB2681,847841026819,13,6.65
IB2682,847841026826,13,6.65
LP6032541,3700436032541,29,20.694
SHTVIVE023PUR,8714273545039,7,69.95
SHTVIVE029PUR,7423522537558,3,69.95
SHTVIVE030PNK,7423522537572,5,59.95
SHTVIVE031PUR,7423522537596,8,69.95
SHTROY005SIL,7423522524541,3,17.95
SHTOU572BLK,7423522543566,0,19.95
SHTOU573BLK,7423522543573,21,17.95
SHTOU574BLK,7423522543580,10,15.95
SHTOU528GLD,7423522461440,17,13.95
SHTOU528SIL,7423522461457,22,13.95
SHTOU529BLK,7423522461464,6,13.95
SHTOU529SIL,7423522462409,0,13.95
SHTOU530BLK,7423522462416,1,13.95
SHTOU556BLK,7423522518526,0,26.95
SHTMCG020BLK,7423522514580,6,36.95
SHTMCG021BLK,7423522514597,6,37.95
SHTREA102TAN,7423522549575,12,19.95
SHTREA103FLE,7423522549599,8,39.95
SHTREA103TAN,7423522550502,0,39.95
PL23088-RD-OQ,196018134353,12,11
PL23088-BK-OQ,196018134346,14,11
PL23084-BK-OS,017036840029,7,6
PL23081-OR-OS,017036839634,13,7
PL23081-BK-OQ,017036839641,12,7.5
BI-BM00900T66,6959532333442,0,17.92
BMS56316,677613563163,0,14.7
BMS56315,677613563156,0,14.7
BMS56416,677613564160,0,11.03
BMS56419,677613564191,0,11.03
BMS387925,677613387950,0,14
BMS36825,677613368256,1,52.5
BMS46925,677613469250,3,38.17
BMS47011,677613470119,2,3.94
GW2113-PR-OS,723466527156,8,15.95
GW2150-HP-OS,723466527194,0,16.95
BMS40011,677613400116,0,17.43
EB-HSBN003,810040293474,2,15
OLL5111591-BK-L0,841143170126,4,23
OLL5111591-BK-X0,841143170157,10,23
OLL5111591-BK-3X,841143170188,2,25
XRAG653,848518042453,77,34.895
PD5728-29,603912770537,6,72.5
PD5730-22,603912770551,5,50
PD5731-29,603912770568,4,55
PD5713-29,603912770414,1,24
PDRD539,603912770278,7,137.5
PDRD540,603912770292,9,90
PDRD541,603912770315,9,82.5
PDRD542,603912770339,33,16.5
EN-RS-8447,844477018447,12,26.99
EN-RS-8430,844477018430,7,26.99
EN-BP-8577,844477018577,9,25.99
EN-BP-8584,844477018584,19,8.99
ZE-RS-8485,844477018485,16,35.99
LP6032442,3700436032442,25,10
LP6032435,3700436032435,25,7.5
WR8722,9781736418772,3,6.5
WR8789,9781736418789,10,6.5
WR8741,9781736418741,5,6.5
GN1000131,850010096735,24,13.95
GN1000315,850010096797,22,14.95
GN1000317,850010096810,11,14.95
GN3000925,850010096698,13,26.95
WS1500,713079915006,78,7.99
LOV9735,728360599735,103,80
RC-SDAD5-101-B,851787008464,1,9.45
RC-SDAD8-101-B,851787008495,6,14.808
SE0883-60,716770098184,10,10.1
SE0883-65,716770098191,38,10.1
SE0883-70,716770098207,17,10.1
SE1841-75,716770098436,25,24.1
SE0436-72,716770099419,118,32.1
SE2651-15,716770099242,29,4.6
SE2651-20,716770099259,51,4.6
SE2651-25,716770099266,28,4.6
SE2651-30,716770099273,62,4.6
SE4408-60,716770099099,15,18.15
SE4408-65,716770099105,41,18.15
SE4408-70,716770099112,43,18.15
SE4409-60,716770099068,28,19.02
SE4409-65,716770099051,2,24.81
SE0036-20,716770098160,88,34.65
SE1350-50,716770099396,128,19.41
SE1350-51,716770099402,6,19.41
SE0077-64,716770098443,9,24.42
SE0260-50,716770098610,12,11.6
SE0261-00,716770098634,14,19.2
SE0913-05,716770098825,6,64.2
SE0913-20,716770098849,5,67.45
SE0913-25,716770098856,9,67.45
SE0913-35,716770098863,4,55.35
SE0913-40,716770098870,5,55.35
SE4413-10,716770099037,125,32.37
SE4413-20,716770099044,82,32.37
SE0432-10,716770098238,15,12.35
SE0432-15,716770098245,12,12.35
SE0432-70,716770098290,31,11.67
SE2385-20,716770100146,389,4.8
VD-GL2567,812024032567,15,26.29
VD-GL0602,810046850602,6,15.73
VD-GL2529,812024032529,8,25.75
VD-GL2536,812024032536,0,8.06
DJ0300-16,782421081294,2,47.425
DJ0376-10,782421081355,5,36.74
DJ0376-11,782421081362,21,36.74
DJ0376-12,782421082130,2,36.74
DJ0949-10,782421081478,7,34.99
DJ5200-36,782421081454,7,38.8
DJ5210-06,782421081973,4,38.8
DJ5510-06,782421081980,37,13.23
NOBT-W75-OM,9342851003009,10,44.99
NOBT-W76-OM,9342851003016,33,49.99
NOBT-W77-OM,9342851003023,1,54.99
LP6072516,3700436072516,18,85
DJ5510-36,782421081461,21,14.56
DJ8160-22,782421081447,13,45.03
BL53611,819835025368,19,36.4
BL82304,819835026662,29,49.266
BL31911,850002870442,47,9.065
BL31912,850002870282,45,9.065
BL31902,850002870404,52,8.981
VI-BU-0701,716053727978,37,39
VI-BU-0705,716053727985,33,39
FSG83432,5060897575024,2,9.9
FSG83670,5060897575079,33,18
FSG83671,5060897575086,50,33
INT056-60IE,850000918528,80,7.95
INT056-120IE,850000918535,37,10.45
INT056-240IE,850000918542,15,14.45
INT056F,850000918580,258,1.25
XRAG632,848518042224,3,31.22
BL54500,819835024842,12,10.353
BL31277,819835027751,33,44.1
BL31373,819835027768,43,44.1
SSS0003,860002821863,2,36.67
SSS0004,860002821825,14,36.67
OX1319-CLR,840215114280,36,54.5
OX1319-BLK,840215114273,8,54.5
LITCP-1047,817717010471,5,10.725
LITBT-509,685634110150,51,7.15
LITBT-510,685634110204,50,7.15
LITBT-512,685634110167,58,7.15
LITBT-513,685634110181,23,7.15
LITBDE-900,685634110242,19,8.25
LITBDE-903,685634110228,16,8.25
LITBDE-901,685634110235,79,8.25
LITBDE-902,685634110259,45,8.25
LITBG-076,685634103077,37,6.6
LITBG-075,685634103084,28,6.6
NSN-0401-21,657447104886,2,42
NSN-0401-22,657447104893,0,42
NSN-0401-25,657447104923,15,42
NSN-0558-28,657447104718,6,19.85
LITNV-210,685634103237,6,8.8
SHTBLS001MULOS,7423522456460,1,11.165
SHTBLS002MULOS,7423522445457,3,25.95
SHTBLS003MULOS,7423522445488,15,24.95
SHTBLS008OPAL,7423522446454,0,11.5
SHTBLS009OPAL,7423522446447,14,7.5
SHTBLS010OPAL,7423522446430,0,6.5
SHTBLS011OPAL,7423522446423,0,7.5
CYEM40,609224032684,5,65.45
NSN-1306-23,657447104558,13,13.85
NSN-1306-33,657447104565,6,13.85
NSN-1306-73,657447104602,2,15.3
NSN-1307-33,657447104640,1,8.85
NSN-1307-34,657447104633,10,9.7
AA1115-BK-OS,883045918956,6,12
NSN-1310-54,657447105166,29,6.3
NSN-1310-58,657447105180,44,6.3
ELD-LF5314,4890808245521,6,125
ELD-LF1328-HP,4890808245569,17,24
ELD-LF1376,4890808245545,5,45
ELD-LF1377,4890808245538,16,20
ELD-LF5310,4890808245484,10,35
KX1339-BK-C,850017512535,4,8.6625
KX1339-BK-D,850017512542,2,8.6625
KX1340-BK-A,850017512559,0,11.55
KX1340-BK-D,850017512580,1,8.6625
KX1341-RD-A,850017512597,1,8.6625
KX1341-RD-C,850017512610,5,8.6625
WRP004,665752708330,0,5
KX1343-RD-A,850017512672,10,8.6625
KX1343-RD-B,850017512689,10,8.6625
KX1343-RD-C,850017512696,9,8.6625
KX1343-RD-D,850017512702,9,8.6625
SE2150-00,716770100078,16,0.7
SE2150-05,716770099570,11,5.6
SE2150-10,716770099587,11,7.25
SE2154-05,716770099723,19,7
SE2405-00,716770100115,240,0.7
SE2405-10,716770099761,33,10.45
SE2410-00,716770099778,71,26.35
SE2410-14,716770100122,150,0.7
SE2410-15,716770099808,27,6.85
SAT2538,4061504002538,3,28.485
SAT2507,4061504002507,11,28.485
SAT2514,4061504002514,15,28.485
SAT3276,4061504003276,20,23.085
SAT3290,4061504003290,11,23.085
BWX215,848416008100,14,14.777
ZOLO-6041,848416006267,7,18.5
ZOLO-6042,848416006274,18,18.5
ZOLO-6043,848416006281,11,18.5
2036-101,726633971011,6,62.5
2036-970,848416006359,3,86
2036-971,848416006366,3,105
SHTLUM001RBL,7423522563526,12,18.95
SHTLUM005TUR,7423522565544,0,17.95
SHTLUM006GRN,7423522565568,3,19.95
SHTLUM008TUR,7423522567500,0,18.95
SHTOU630,7423522555583,0,13.95
SHTOU628,7423522555569,15,19.95
SHTOU619,7423522554562,0,19.95
SHTOU611,7423522553589,14,14.95
SHTOU606,7423522553534,12,37.95
SHTOU602,7423522552599,4,37.95
SHTOU581GRN,7423522557594,6,13.95
SHTOU582BUR,7423522558508,0,16.95
SHTOU582GRN,7423522558515,11,16.95
SHTOU586BUR,7423522558584,5,12.95
SHTOU586GRN,7423522558591,5,12.95
SHTOU583BUR,7423522558522,7,16.95
SHTOU583GRN,7423522558539,11,16.95
SHTOU584BUR,7423522558546,2,19.95
SHTOU584GRN,7423522558553,11,19.95
SHTOU587BUR,7423522559505,7,13.95
SHTOU587GRN,7423522559512,11,13.95
SHTOU588GRN,7423522559543,9,19.95
SHTOU590GRN,7423522560501,0,12.95
SHTOU592BUR,7423522560549,6,14.95
SHTOU592GRN,7423522560556,2,14.95
SHTOU268BLK,8714273927712,17,9.95
SHTOU410BLK,8714273507150,6,9.95
SHTOU411BLK,8714273507228,14,9.95
SHTOU412BLK,8714273507297,7,9.95
SHTOU413BLK,8714273507365,7,9.95
SHTOU414BLK,8714273507433,14,9.95
SHTOU419BLK,8714273507853,12,6.95
SHTOU424BLK,8741237504153,6,6.95
SHTOU420BLK,8714273507921,18,6.95
SHTOU422BLK,8714273508065,16,6.95
SHTOU418BLK,8714273507785,15,6.95
SF21421,810001684402,6,12.98
SF21422,810001684419,9,12.98
SF21423,810001684426,6,12.98
GX-RS-5569,844477015569,12,73.99
GX-KT-8881,844477018881,18,29.99
GX-RS-8898,844477018898,14,27.99
GX-RS-8904,844477018904,9,27.99
GX-RS-8911,844477018911,26,46.99
GX-RS-8928,844477018928,9,51.99
GX-RS-8942,844477018942,25,46.99
GX-RS-8959,844477018959,11,26.99
GX-KT-8973,844477018973,10,27.99
GX-RS-9079,844477019079,22,41.99
GX-RS-9093,844477019093,11,37.99
GX-RS-9109,844477019109,0,35.99
GX-BP-9154,844477019154,11,35.9
GX-RS-9161,844477019161,40,38.99
GX-RS-9178,844477019178,26,38.99
GX-RS-9185,844477019185,32,38.99
GX-MS-9055,844477019055,9,70.99
GX-RS-8980,844477018980,14,40.99
7757-70,3701411600519,41,9.08
7757-084,3760139883024,16,8.58
NOBT-W78CO,9342851003092,10,44.99
NOBT-W78BK,9342851003030,8,44.99
NOBT-W78PU,9342851003047,11,44.99
STR1595,4041937315955,0,65.25
STR8060,4041937578060,0,29.03
STR8084,4041937578084,0,29.03
LW-035WG,4890808245354,8,57.375
FE-FF-4003-01,663546903749,49,18
FE-FF-4003-09,663546903756,18,18
HO23,5060354560938,11,50
SE2410-20,716770099815,15,6.85
SKSLPS16,071819000024,0,29.17
EN-RS-8683,844477018683,21,18.99
EN-RS-8423,844477018423,14,43.99
EN-RS-9208,844477019208,6,59.99
EN-RS-8478,844477018478,7,72.99
EN-RS-8720,844477018720,8,30.99
ZE-RS-9116,844477019116,10,36.99
ZE-MS-3428,844477013428,7,4.99
ZE-MS-3435,844477013435,14,4.99
ZE-MS-3442,844477013442,6,4.99
PDRD616-21,603912769951,5,160
PDRD616-22,603912769968,2,160
PDRD617-21,603912770148,3,160
PDRD617-29,603912770155,2,160
WVWZ212SG9,4251460615525,0,94.5
WVWZ212SG5,4251460615549,3,94.5
WVWZ212SGB,4251460615532,12,94.5
WVWZ212SG8,4251460615563,10,94.5
WVWZ212SG7,4251460615556,0,94.5
WVWZ222SG9,4251460615570,11,64.5
WVWZ222SG7,4251460615587,13,64.5
WVWZ231SG6,4251460616430,32,41.5
WVWZ231SG5,4251460616409,17,41.5
WVWZ231SGD,4251460616423,16,41.5
WVWZ231SG8,4251460616393,8,41.5
WVWZ231SG4,4251460616416,13,41.5
XRAG870,848518046031,10,32.64
XRAG871,848518046048,46,32.64
WVSNC21SG9,4251460616201,2,104.5
VD-MH3137,812024033137,21,37.81
VD-MH3120,812024033120,19,37.81
VD-MH3106,812024033106,13,37.81
VD-MH3113,812024033113,14,37.81
BV-032BLK,4890808242414,12,60
BV-033BLK,4890808242421,5,59.5
LOV3005,6972677430050,40,65
WS99500,713079995008,30,5.99
WS99600,713079996005,4,5.99
TOG-002,4890808243459,6,82.5
FE-FF-1035-02S,663546904456,4,32
ANE8867-79,860003886779,142,35
CWGRL-010,4890808249826,0,35
LW-007CHR,4890808240212,0,72.5
SAT9582,4061504009582,26,12.585
SAT7793,4061504007793,26,11.835
SAT9605,4061504009605,39,15.1725
SAT9599,4061504009599,1,12.585
SAT7724,4061504007724,42,14.985
SAT7670,4061504007670,3,13.485
SAT7694,4061504007694,6,13.485
SAT7700,4061504007700,26,13.485
SAT7755,4061504007755,7,18.585
SAT7748,4061504007748,19,18.585
SAT9681,4061504009681,17,20.985
SAT9674,4061504009674,32,20.985
GX-MS-9376,844477019376,7,17.99
GX-RS-9383,844477019383,18,31.99
BL12724,819835025863,15,9.73
BL37209,819835027119,28,15.708
BL37301,819835026693,20,15.673
VD-GL0640,810046850640,14,22.73
VD-GL0633,810046850633,15,22.73
VD-GL0657,810046850657,15,26.56
VD-GL0664,810046850664,10,26.56
VD-GL0626,810046850626,21,29.58
VD-GL0619,810046850619,16,29.58
NOBT-W80-BK,9342851003108,3,67.5
NOBT-W80-PU,9342851003115,21,67.5
NOBT-W65-BK,9342851003122,19,54.99
XRAG791,848518045089,22,46.63
LOV9797,728360599797,71,54
LOV9827,728360599827,7,65
VHITPWR,896909001992,39,17.15
EN-RS-8706,844477018706,8,39.99
8607-BGBUTTON,760497010905,6,1.95
8607-TIARA,760497010875,16,3.5425
BEI-53952,034689216001,2,2.87
BEI-53883,034689094449,8,10.5
BEI-BT134,022735001992,2,0.609
BEI-BT151,022735002289,15,0.609
BI-014854,6959532326246,4,28
BI-014865W,6959532326239,58,14
KHE-NVS99,825156110881,19,5
KHE-NVD95,825156110737,13,4
KHE-BGR133,825156110713,12,3.5
KHE-BGR134,825156110768,7,6
SS696-12,646709696122,19,23.11
BV-034ORG,4890808242438,21,47.5
BV-036BLK,4890808242452,1,53.125
BV-035BLU,4890808242445,7,55
CG-BT-JSTEVENS-001,796167830856,68,35
BMS46000,677613460004,0,45.5
BMS57111,677613571113,0,23.21
EH37724-NL-S0,763036313994,6,13.4625
EH37724-NL-L0,763036314014,1,13.4625
EH37724-NL-X0,763036314021,8,13.4625
LOV9834,728360599834,243,65
EH70148-NL-S0,763036314564,3,17.95
EH70148-NL-M0,763036314571,2,17.95
EH70148-NL-L0,763036314588,10,17.95
LITCP-1071,817717010716,61,2.145
LITCP-1070,817717010709,65,2.145
LITCP-1050,817717010501,100,2.145
LITCP-1076,817717010761,14,2.145
LITCP-1053,817717010532,2,2.86
LITCP-1052,817717010525,63,3.2175
LITCP-1054,817717010549,42,2.145
7105-1058,817717010563,64,6.6
LITLGP-024,685634103367,49,3
EH34428-CR-S0,763036315295,2,17.95
EH34428-CR-X0,763036315325,10,17.95
EH70129-CR-X0,763036315844,1,11.9625
EH37749-BK-X0,763036316001,1,14.9625
EH2097-YL-OS,763036315103,4,2.95
EH2097-NO-OS,763036315073,0,2.95
EH2097-NP-OS,763036315066,1,2.95
EH2097-BL-OS,763036315080,0,2.95
EH2097-NGR-OS,763036315097,6,2.95
EH70138-MT-OS,763036315721,0,5.95
EDCHUE005,8719934002647,14,27.3
MZE28055,8717903274606,7,11.585
WR2033,9781956562033,0,6.5
WR2026,9781956562026,0,6.5
WR1096,677355811096,11,6
ELINTPLFA39612,844477013961,52,1.75
ELINTPLFA55142,844477015514,22,1.75
ELINTPLFA54842,844477015484,11,1.75
ELINTPLFA54602,844477015460,39,1.75
EH2088-PK-OS,763036314922,3,6.95
EN-BP-9352,844477019352,4,30.99
EN-KB-8836,844477018836,3,27.99
EN-RS-8713,844477018713,14,48.99
SS696-15,646709696153,15,28.1
NXBOLS1,5060274221469,1,72.5
HPSF-FD12,5023664003526,20,3
BL34200,819835025078,24,7.357
WS90101,713079901016,261,0.49
OX3062-BLK,840215121714,10,14
OX3062-POL,840215121738,14,14
OX3062-CLR,840215121745,6,14
OX3062-STL,840215121752,12,14
OX3058-BLIC,840215120984,10,8
OX3058-CLIC,840215120977,8,8
OX3058-HPIC,840215120960,7,8
OX3061-BLK,840215121684,9,12
OX3061-CLR,840215121691,15,12
OX3061-POL,840215121707,2,12
OX3057-BLK,840215120922,1,36
OX3057-CLR,840215120915,7,36
OX3057-SPC,840215120939,8,36
OX3057-HOT,840215120908,5,36
OX3056-BLK,840215121219,8,34.5
OX3056-CLR,840215120946,12,34.5
OXHUJ126-TARICE,840215121073,32,7
OXHUJ126-TELICE,840215121080,8,7
OXHUJ126-CLIC,840215121097,20,7
OXHUJ126-CHRICE,840215121103,0,7
ZOLO-6045,848416006304,1,71
BWX400,848416008193,27,37.8
PD5770-21,603912769265,5,32.5
PD5770-22,603912769272,4,32.5
PD5771-21,603912769289,6,38
PD5771-22,603912769296,0,38
PD5771-29,603912769302,4,34.5
PD5772-21,603912769319,11,43.5
PD5772-22,603912769326,12,43.5
PD5772-29,603912769333,1,43.5
PD5773-21,603912769340,6,46.5
PD5776-21,603912769388,0,54.5
PD5776-22,603912769395,4,54.5
PD5777-21,603912769401,9,65
PD5777-29,603912769418,8,65
PD5778-21,603912769425,10,71.5
PD5778-22,603912769432,10,71.5
PD5779-21,603912769449,3,80
PDBD101-23,603912771510,6,33
PDBD102-29,603912771527,12,41.5
PD5785-21,603912771275,10,99.5
PD5784-21,603912771268,10,82
LP6072660,3700436072660,0,57.5
HR-81719,5060779231680,10,21
EEC41586-GR-OS,763036313253,0,14.95
PJ139-58,827160115005,38,10.5
EH2065-BK-S0,763036313413,12,11.2125
EH2065-BK-M0,763036313420,7,11.2125
EH2065-BK-L0,763036313437,12,11.2125
EH2065-BK-X0,763036313444,8,11.2125
EH70152-BK-L0,763036316056,6,8.9625
EH70152-BK-X0,763036316063,9,8.9625
BL14510,819835026716,14,6.23
BL14511,819835026709,26,6.23
BL14519,819835026723,26,6.167
BL14512,819835027560,32,6.23
BL12700,819835026730,23,7.924
BL12701,819835026747,29,7.917
BL12709,819835026754,21,7.917
BL12712,819835027577,30,7.924
BL51700,819835026891,24,4.41
BL51501,819835026839,7,8.26
BL51709,819835026907,41,4.41
BL51600,819835026853,35,6.902
BL51601,819835026860,25,6.902
BL82104,819835027669,23,13.419
BMS46825,677613468253,0,36.75
BMS88022,677613880222,3,35.02
BMS87121,677613871213,0,22.79
BMS89121,677613891211,0,26.88
FE-SH-800A-03,663546903800,7,37.5
FE-SH-800A-07,663546903817,13,37.5
FE-SH-800A-37,663546904043,18,37.5
FE-SH-801A-03,663546903824,14,32
FE-SH-801A-07,663546903831,2,32
FE-SH-801A-37,663546904050,2,32
FE-SH-802A-03,663546903848,14,44
FE-SH-802A-07,663546903855,7,44
FE-SH-802A-37,663546904067,11,44
FE-SH-804N-03,663546903862,11,37.5
FE-SH-804N-07,663546903879,15,37.5
FE-SH-805N-07,663546903893,22,32
FE-SH-806N-03,663546903909,3,44
FE-SH-807C-03,663546903923,12,37.5
FE-SH-808C-03,663546903947,24,32
FE-SH-809C-03,663546903961,9,44
FE-SH-809C-07,663546903978,17,44
FE-SH-810J-07,663546903992,6,31
FE-SH-811J-07,663546904012,16,28
FE-SH-812J-03,663546904029,25,26.5
FE-SH-812J-07,663546904036,21,26.5
C22129-NV-X0,883124178288,2,18.15
C22134-BK-X0,883124179070,6,7.15
C22106-BK-S0,883124178646,2,13.2
LW-037,4890808249307,22,112.5
EDCHUE009,8719934002685,3,30.275
CG-MKHA-003,4890808208571,0,15
EN-RS-9260,844477019260,14,34.99
EN-RS-9239,844477019239,17,63.99
EN-RS-9741,844477019741,10,39.99
EN-RS-9192,844477019192,14,79.99
EN-RS-9291,844477019291,7,30.99
EN-RS-9482,844477019482,24,17.99
EN-RS-9499,844477019499,23,17.99
EN-RS-9253,844477019253,3,45.99
EN-BP-9284,844477019284,20,38.99
EN-RS-8812,844477018812,7,46.99
ZE-MS-9406,844477019406,19,25.99
GX-RS-8874,844477018874,11,47.99
PLB87001,802991611711,0,12
PLB87005,612608642317,8,12
PLB87002,802991611728,21,12
PLB75851,802991614149,2,5
PLB75853,802991614194,8,7.5
PLB75858,612608641815,0,7.5
WS90442,713079904420,22,6.19
WS90444,713079904444,40,8.99
OLL6211665-PH-X2,841143199196,1,20
OLL6211665-PH-X4,841143199202,5,20
OLL5411459-RSE-L0,841143199646,5,23
OLL5411459-RSE-X0,841143199677,1,23
VD-GL3212,812024033212,10,51.73
VD-GL3250,812024033250,8,70.97
VD-GL3014,812024033014,12,58.21
VD-GL3977,812024033977,11,21.82
VD-GL4127,812024034127,20,6.99
VD-GL4158,812024034158,14,54.12
BMS56216,677613562166,0,14.7
BMS56219,677613562197,0,14.7
STH11381-BL-X0,840091726300,1,16.8
STH11389-BK-L0,840091727017,3,17.1
NOBT-W81MG,9342851003146,22,45
STH11402-BK-X0,840091727987,1,16.55
STM11426-BK-OQ,840091729011,16,16.8
STM11426-RD-OQ,840091729028,7,16.8
STH11394-RD-L0,840091727413,5,17.35
STH11394-RD-X0,840091727420,11,17.35
VHIT135,860003633809,105,50.35
DL51000,813324020049,8,8.75
SE0439-05,716770101525,21,9.6
SE0004-39,716770101167,17,12.75
SE0004-40,716770101174,48,12.75
EB-HSBN004,810040294297,25,15
RR1164-BK-SM,196018141085,7,4
RR1164-BK-ML,196018141078,7,4
RR1164-PK-SM,196018141108,13,4
RR1164-PK-ML,196018141092,12,4
RR1167-BK-ML,196018141191,8,5
RR53026-BK-SM,196018141306,68,5.85
RR53026-BK-ML,196018141290,98,5.85
RR53025-BK-SM,196018141283,58,6.5
RR53025-BK-ML,196018141276,90,6.5
RR53027-BK-SM,196018141320,49,4.55
RR53027-BK-ML,196018141313,63,4.55
SE2617-10,716770101112,12,11.45
RR53028-BK-SM,196018138733,76,5.2
RR53028-BK-ML,196018138726,76,5.2
RR7098-BK-OS,196018138740,51,4.55
RR51013-BK-SM,196018138719,43,7.15
RR51013-BK-ML,196018138702,68,7.15
SE4410-62,716770101273,11,19.6
SE0912-35,716770098764,2,12.75
SE0912-36,716770098771,3,12.75
DJ0690-34,782421082833,4,13.07
DJ0690-36,782421082857,15,13.07
DJ0690-37,782421082864,9,14.62
DJ0690-39,782421082888,5,14.62
DJ2101-02,782421082789,54,7.11
DJ2101-04,782421082796,51,7.11
DJ2101-06,782421082819,3,7.11
BL51701,819835026884,31,4.41
DJ1312-30,782421083076,15,6.43
DJ1312-32,782421083090,14,6.43
DJ1361-31,782421083205,17,12
DJ1361-36,782421083212,17,12
DJ1361-41,782421083229,19,12
DJ4550-01,782421055158,4,12.25
DJ4550-02,782421082765,17,12.25
DJ5200-37,782421083175,18,38.8
DJ5510-37,782421083182,7,14.56
PL23095-NP-OQ,196018330342,15,12
PL23095-NY-OS,196018330328,9,11
PL23095-NY-OQ,196018330359,16,12
GLAS-510,4890808252710,4,30
GLAS-509,4890808250549,10,35
GLAS-507,4890808250525,6,45
PL23098-NO-OQ,196018330380,4,12
PL23098-PK-OS,196018330373,2,11
GLAS-504,4890808250495,13,30
GLAS-505,4890808250501,11,32.5
GLAS-SET-06,4890808250457,9,34
GLAS-501,4890808250464,0,28
GLAS-503,4890808250488,18,38
GLAS-506,4890808250518,15,40
PL23097-NGR-OS,196018338058,6,9
PL23097-NP-OS,196018338065,4,9
PL23096-NB-OQ,196018338034,33,11
PL23096-PK-OQ,196018338041,53,11
PL23094-PK-OS,196018290837,6,10
PL23094-PK-OQ,196018290851,9,11
PL23090-BK-OS,196018138689,11,8
PL23090-WH-OS,196018138696,5,8
PL20037-BK-OS,196018138658,11,6.5
PL20037-RD-OS,196018138665,6,6.5
PL20038-BK-OS,196018138672,7,6.5
WR8255,665752708255,0,6.5
SF21560,810001684457,23,40.586
SF21827,810001684853,7,13.48
CN-07-0567-12,653078942446,1,462.7
CN-21-2016-20,653078942453,7,39.32
COO1008-03,638258903301,19,6.85
COO1008-07,638258903318,40,11.25
COO1008-12,638258903325,13,14.95
ICC77031-TL-S0,828099171698,0,14.95
ICC77031-TL-M0,828099171704,0,14.95
ICC77031-TL-L0,828099171711,1,14.95
ICC77031-TL-X0,828099171728,1,14.95
ICC77031-TL-1X,828099171735,6,16.95
ICC77031-TL-2X,828099171742,7,16.95
ICC77031-TL-3X,828099171759,4,16.95
ICC77052-PB-M0,828099170806,2,24.95
ICC77052-PB-L0,828099170813,1,24.95
ICC77052-PB-X0,828099170820,4,24.95
ICC77016-FH-X0,828099171117,3,19.95
ICC77016-FH-1X,828099171124,2,22.95
XRAG735,848518043900,10,22.75
ICG33026-BK-1X,828099168261,0,19.95
ICG33026-BK-3X,828099168285,0,19.95
ICG32191-BK-S0,828099168018,3,17.95
ICG32191-BK-M0,828099168025,2,17.95
ICG32191-BK-L0,828099168032,2,17.95
ICG32191-BK-X0,828099168049,4,17.95
LP6072653,3700436072653,75,15
LP6032671,3700436032671,24,25
LP6032695,3700436032695,9,25
BL52586,819835027942,11,14.406
BL12826,819835027898,4,9.723
BL12827,819835027911,20,9.723
BL88113,819835026624,18,11.095
BL28516,819835027126,23,11.431
BL52717,819835027140,28,11.515
BL15716,819835027133,16,14.742
BL88016,819835027157,20,11.158
BL88117,819835027164,29,11.543
BL71200,819835027010,36,23.226
SOH26032-BK-M0,760299455935,2,16.95
SOH26032-BK-L0,760299455942,6,16.95
SOH26032-BK-X0,760299455959,8,16.95
SOH31533-BK-L0,760299452293,6,17.5
SOH31533-BK-X0,760299452309,3,17.5
SOH31535-BK-M0,760299452361,2,24.95
SOH31535-BK-X0,760299452385,6,24.95
SOH31535-BK-1X,760299452439,3,26.95
SOH31541-ND-32,760299451937,0,21.95
SOH31541-ND-36,760299451951,0,21.95
SOH31541-ND-38,760299451968,4,21.95
SOH31543-BK-S0,760299455768,12,21.95
SOH31543-BK-M0,760299455775,8,21.95
SOH31543-BK-L0,760299455782,7,21.95
SOH31543-BK-X0,760299455799,11,21.95
SOH31544-BK-S0,760299455805,11,19.95
SOH31544-BK-M0,760299455812,9,19.95
SOH31544-BK-L0,760299455829,11,19.95
SOH31544-BK-X0,760299455836,13,19.95
SOH31560-BK-S0,760299457649,1,16.5
SOH31560-BK-M0,760299457656,2,16.5
SOH31560-BK-X0,760299457670,5,16.5
SOH31561-BK-S0,760299457687,13,12.375
SOH31561-BK-M0,760299457694,16,12.375
SOH31561-BK-L0,760299457700,15,12.375
SOH31561-BK-X0,760299457717,13,12.375
SOH31551-BK-SM,760299452767,11,4.5
SOH31551-BK-LX,760299452774,9,4.5
SOH31551-RD-LX,760299452798,15,4.5
SOH31548-BK-S0,760299452088,10,6.5
SOH31548-BK-M0,760299452095,5,6.5
SOH31548-BK-L0,760299452101,10,6.5
SOH31548-BK-X0,760299452118,23,6.5
SOH31548-ND-M0,760299452132,4,4.875
SOH31548-ND-L0,760299452149,11,4.875
SOH31548-ND-X0,760299452156,20,4.875
MEP282-PK-2X,671241116326,0,18.95
MEP292-BK-SM,671241116722,14,19.95
MEP292-BK-LX,671241116739,18,19.95
MEP292-BK-2X,671241116746,1,21.95
MEP286-LA-SM,671241116937,0,18.95
MEP286-LA-LX,671241116944,12,18.95
MEP286-LA-2X,671241116951,0,20.95
MEP286-BK-SM,671241116906,11,18.95
MEP286-BK-LX,671241116913,12,18.95
NSN-0557-27,657447105364,18,18.45
NSN-0670-05,657447105524,57,22.794
NSN-0670-07,657447105531,15,22.794
NSN-0670-34,657447105586,1,20.04
NSN-0670-37,657447105593,5,20.04
NSN-0960-01,657447105319,0,21.7
NSN-1313-00,657447105647,14,41.97
NSN-1313-04,657447105685,26,11.67
NSN-1313-06,657447105708,1,9.27
COO6000-08,638258903530,27,15.95
COO7000-05,638258903561,47,15.65
COO9000-08,638258903578,17,15
MEP254-RD-SM,671241114971,1,16.95
MEP254-RD-LX,671241114988,2,16.95
MEP256-RD-LX,671241115046,0,16.95
BMS98315,677613983152,0,16.28
BMS52103,677613521033,0,6.83
BMS44009,677613440099,0,52.5
MEP221-BK-SM,671241108727,0,15.95
MEP219-BK-LX,671241108659,0,15.95
MEP220-BK-LX,671241108680,1,15.95
INT054-120IE,850000918474,108,9.98
INT054-60IE,850000918467,71,7.98
INT054-240IE,850000918481,60,14.98
MEPZ101-BK-SM,671241113455,2,15.75
MEPZ101-BK-LX,671241113462,4,15.75
MEP191-BK-SM,671241106785,5,15.95
MEP191-BK-LX,671241106778,5,15.95
MEP197-BK-LX,671241106952,1,15.75
MEP198-BK-LX,671241106983,2,15.75
MEPL304-BK-SM,671241114308,5,15.95
MEPL304-BK-LX,671241114315,4,15.95
MEPL304-BK-OQ,671241114322,9,17.95
MEPL303-BK-SM,671241112182,1,11.95
MEPL303-BK-LX,671241112175,6,11.95
MEPL303-BK-OQ,671241112199,8,13.95
MBL52-BK-S0,677355455665,1,6
MBL52-BK-X0,677355446311,5,6
NSN-0405-03,657447098000,5,26.3
NSN-0405-04,657447098017,15,26.3
SE4365-25,716770101907,22,24.81
NSN-0405-07,657447102103,1,26.3
MEP283-PK-LX,671241116340,1,16.95
PM015-53,022600001553,70,3.87
PM015-77,022600001577,30,3.48
PM015-46,022600001546,89,10.11
PM015-39,022600001539,90,11.01
SHTOU658BLK,7423522573587,16,5.95
SHTOU660BLK,7423522574508,12,9.95
SHTOU661BLK,7423522574515,16,7.95
SHTOU662BLK,7423522574522,5,14.95
SHTOU664BLK,7423522574546,11,9.95
SHTOU665BLK,7423522574553,15,5.95
SHTOU669BLK,7423522574591,11,14.95
SHTOU670BLK,7423522575505,13,14.95
SHTOU671BLK,7423522575512,7,14.95
SHTOU672BLK,7423522575529,7,19.95
SHTOU676BLK,7423522575567,11,10.95
SHTOU680BLK,7423522576502,10,19.95
SHTOU682BLK,7423522576526,14,5.95
SHTOU683BLK,7423522576533,4,7.25
MPF154-BK-SM,845830085885,0,17.95
MPF154-BK-LX,845830085878,0,17.95
MPL591266-BK-OS,845830085953,0,20.95
MPL590266-BK-OS,845830085946,1,18.95
MPL542266-BK-OS,845830085960,7,16.95
LST207-BK-SM,845830043366,1,21.5
LST207-BK-LX,845830043359,1,21.5
LST244-BK-SM,845830058230,2,21.95
LST244-BK-LX,845830058223,0,21.95
SHTOU684BLK,7423522576540,12,4.95
SHTOU685BLK,7423522576557,13,4.95
LST245-BK-SM,845830058254,2,22.95
LST245-BK-LX,845830058506,0,22.95
SHTOU686BLK,7423522576564,17,4.95
SHTOU687BLK,7423522576571,20,4.95
LST240-BK-SM,845830056069,0,19.95
LST240-BK-LX,845830056076,5,19.95
SHTOU696BLK,7423522577561,7,13.95
SHTOU698BLK,7423522577585,18,14.95
SHTOU701BLK,7423522578513,13,22.95
SHTOU705BLK,7423522583593,1,39.95
SHTOU706RED,7423522584514,14,12.95
SHTOU706BLK,7423522584521,0,12.95
SHTOU710WHT,7423522586501,15,16.95
SHTOU710RED,7423522585597,3,16.95
SHTOU712BLK,7423522586532,0,24.95
SHTOU714BLKXL,7423522635629,6,99.95
SHTOU714BLKSM,7423522586570,11,99.95
LST248-BK-SM,845830073615,0,25.95
LST248-BK-LX,845830073608,0,25.95
SHTOU715BLK,7423522596524,0,12.95
SHTOU716BLK,7423522596531,16,12.95
SHTREA090BLU,7423522631652,16,9.95
SHTREA091TUR,7423522631669,14,12.95
GWP2210-LP-OS,703674866865,4,9.95
SHTREA092TUR,7423522631683,11,16.95
SHTREA110PNK,7423522580530,14,12.95
SHTREA110TRA,7423522580547,12,12.95
SHTREA111PUR,7423522580592,17,11.95
SHTREA111TRA,7423522581520,15,11.95
SHTREA112BLU,7423522581582,9,18.95
SHTREA112PNK,7423522581568,11,18.95
SHTREA112TRA,7423522581575,9,18.95
BI-014895HP,6959532326574,28,23.52
BI-014916,6959532333879,15,27.33
BI-014925,6959532333893,22,23.03
NN-FBBRN,672975645304,25,5.5
NN-BSP002,614608261413,5,8
NN-FLO025,672975645083,12,12
NN-SF023,672975645090,7,12
NN-CFX024,672975645106,16,12
NN-UBH032,672975645335,4,12
CRC-SKMTSE,5037353006224,26,25
CRC-SKMMAT,5037353006231,23,30
CRC-SKMTSG,5037353006217,4,25
CRC-SKLUBBUB4,5037353005678,13,8
CRC-SKLUBDC4,5037353005586,0,8
CRC-SKLUBSC4,5037353005562,11,8
CRC-SKLUBAN4,5037353006170,2,9
CRC-SKBDS15,5037353004961,0,12
CRC-PWBDS15,847878002534,0,12.5
CRC-SM-TPLBLK,847878002756,31,12.5
CRC-SM-TPLRED,5037353006361,12,12.5
OMBBM04,850006097845,5,64.5
OMBLL08,855599005536,17,39.5
EVA-1319,813686021319,3,59.5
EVA-1128,813686021128,16,12
KHE-BGA22,825156110027,12,8.5
GN1000324,850010096865,14,13.95
GN1000321,850010096940,6,15.45
GN1000322,850010096957,0,15.45
GN1000323,850010096964,9,15.45
GN1000325,850010096971,14,14.95
GN1000326,850010096988,18,14.95
GN1000327,850010096995,7,14.95
GN1000313,850010096902,0,28.95
GN1000314,850010096919,12,28.95
GN1000401,850010096858,13,33.95
UMBM-HM9-CP,5060140204084,0,6.3
VD-GL4080,812024034080,2,45.96
VD-GL4097,812024034097,2,20.2
VD-GL4137,812024034134,4,15.73
MEP222-RD-LX,671241109441,4,16.95
OX1013-NGT,840215121783,10,14
OX3013-NGT,840215121776,10,14
OX1324-NGT,840215121813,14,9
OX3010-NGT,840215121844,5,10.5
OXAJ1025-2-NGT,840215121790,46,3.5
OXAJ1049-NGT,840215121837,18,8
OX3011-NGT,840215121820,18,13
CN-04-0757-50,653078943092,40,31.1
PD4791-23,603912770254,12,77.5
PD4792-23,603912770926,5,55
PD4793-23,603912770933,18,77.5
DJ1361-09,782421081645,12,7.95
DJ1361-10,782421081669,14,7.95
DJ1361-12,782421081683,4,7.95
DJ1361-70,782421081676,29,12
WVSNNA2SG5,4251460616867,1,79.5
AWVY1SG9,4251460603607,17,45.5
LOV9773,728360599773,6,549
PDRD535-29,603912772180,6,550
WR-KEY-001,785571086737,3,6.5
WR-KEY-002,785571086744,0,6.5
WR-KEY-003,785571086751,8,6.5
WR-KEY-011,785571086836,6,6.5
BL88802,819835027607,25,11.2
BL12809,819835026785,23,10.85
BL12801,819835026778,15,10.85
BL12802,819835027584,13,10.85
BMS44004,677613440044,0,8.93
BMS44005,677613440051,0,14.91
BMS44006,677613440068,0,14.91
BMS44007,677613440075,0,14.91
BMS44008,677613440082,0,14.91
BMS20000,677613200006,0,1.58
HP3446,818631034468,36,6
BL54513,819835023845,44,10.675
BL16737,819835026976,25,15.099
BL26523,819835023821,49,12.95
BL15637,819835027775,26,23.065
LOV0081,6972677430081,71,54
SS445-23,646709445232,1,27.348
SS520-27,646709520274,20,6.276
FE-FF-1033-02,663546904401,14,36.5
FE-FF-1033-09,663546904395,9,36.5
FE-FF-1034-01,663546904098,1,41
FE-FF-1034-04,663546904104,26,41
BV-007MNT,4890808265109,4,21.25
BV-008GRN,4890808265123,2,23.375
BV-008COR,4890808265130,1,23.375
BV-009ORG,4890808265147,2,25.5
BV-027,4890808238738,3,127.5
LW-028RBW,4890808259191,1,72.5
HP3447,818631034475,0,2
HP3448,818631034482,129,2
HP3449,818631034499,48,2
BWX161,848416008308,1,99
BWX162,848416008896,2,60.5
ZOLO-6051,848416008926,3,91
ZOLO-6053,848416009398,5,115
2036-1014,848416007523,3,24.5
2036-1017,848416007554,10,22
2036-1010,848416007486,9,13
2036-1011,848416007493,8,24.5
ELD-LF5213B,4890808245156,6,45
ELD-LF5213,4890808245149,15,45
PEG-012,4890808255667,12,80
BLM5015,4890808255575,12,40
BLM5016,4890808255582,3,40
BLM5018,4890808255605,11,40
BLM5019,4890808255612,3,30
BLM5020,4890808255629,8,30
WS91007,713079910070,119,7.95
IBIC2533,847841025331,29,6.65
IBIC2534,847841025348,28,6.65
VD-GF4257,812024034257,16,17.64
VD-GF4264,812024034264,1,17.64
VD-GF4271,812024034271,5,22.26
VD-GF4288,812024034288,4,22.26
VD-GF4295,812024034295,18,22.68
VD-GF4318,812024034318,2,26.7
VD-GF4325,812024034325,2,25.86
VD-GF4233,812024034233,10,10.038
VD-GF4240,812024034240,7,11.711
SOHSS1121-BK-2X,760299458271,1,7.35
VD-GF4387,812024034387,16,4.98
VD-GF4394,812024034394,13,4.428
VD-GF3861,812024033861,4,22.542
VD-GF3878,812024033878,1,22.542
SOHSS1129-BK-2X,760299458721,8,11.165
VD-GF3854,812024033854,8,28.908
VD-GF3830,812024033830,13,14.994
VD-GF3847,812024033847,23,14.994
VD-GF3793,812024033793,2,10.038
VD-GF3809,812024033809,7,10.038
VD-GF3816,812024033816,2,14.994
VD-GF3823,812024033823,12,14.994
NOBT-W65CO,9342851003153,12,52.5
KS13033,739122130332,27,5
KS13035,739122130356,19,5
VD-GF4172,812024034172,6,8.154
VD-GF4189,812024034189,8,8.154
VD-GF4196,812024034196,1,8.154
CYEM3196,609224032769,0,70.95
EN-DD-0129,844477020129,11,17.99
EN-DD-0143,844477020143,8,28.99
EN-RS-9390,844477019390,4,85.99
EN-RS-0198,844477020198,2,54.99
EN-RS-9222,844477019222,12,64.99
EN-RS-9505,844477019505,15,33.99
EN-RS-9345,844477019345,6,66.99
ZE-RS-9369,844477019369,14,87.99
ZE-MS-9529,844477019529,13,19.99
ZE-RS-1027,844477021027,15,27.99
GX-RS-8850,844477018850,13,39.99
GX-RS-8867,844477018867,12,48.99
GX-MS-9451,844477019451,12,32.99
GX-MS-9468,844477019468,13,32.99
GX-HR-9017,844477019017,16,64.99
GX-HR-9048,844477019048,12,72.99
GX-MS-0167,844477020167,6,20.99
GX-MS-0174,844477020174,10,20.99
GX-BP-0228,844477020228,14,15.99
GX-RS-0211,844477020211,20,49.99
GX-GL-1041,844477021041,10,15.99
GX-RS-0235,844477020235,10,33.99
GX-GL-1065,844477021065,8,22.99
SCB-0925,9782363260925,0,12.85
XRAG874,848518046079,12,27.97
XRAG876,848518046093,12,20.976
XRAG878,848518046116,9,29.724
XRAG919,848518046697,15,46.05
HPB-V37C,794568041772,0,44.9
JJUMA-FU,5060170971819,0,49.5
8284-69,694536307308,6,5.4
8284-PCH,694536307377,3,5.4
8284-SHRMGLW,694536307414,5,5.4
8284-SHRMNPK,694536307421,3,5.4
8284-SHRMSMF,694536307407,4,5.4
8284-STW,694536307162,5,5.4
8284-10,785123871323,7,4.49
8284-11,760921345597,13,4.49
8284-HRTLQRGL,694536302655,0,4.49
8284-CHRRD,760921345504,11,5.4
8284-HRTTASGLTSL,785123871644,10,6.4
8284-HRTTASHOLRD,694536306684,11,6.4
8376-REFHRT,760921346181,5,5.4
8376-REFPLS,694536305588,2,5.4
8376-REFSTR,760921346235,4,5.4
EVA-1180,813686021180,9,62.5
JJHERA-FU,5060170972243,23,59.5
BMS19111,677613191113,0,4.2
BMS19211,677613192110,0,5.25
BMS19311,677613193117,0,4.2
BMS19411,677613194114,0,5.25
BMS52411,677613524119,0,16.28
BMS52466,677613524669,0,16.28
ELD-LF5311,4890808245491,5,99
LP6032688,3700436032688,24,25
LP6071854,3700436071854,31,57.5
8284-HRTNPR,694536307094,16,4.85
8284-HRTNRD,694536307216,9,4.49
8284-PLSNGR,785123869511,15,4.49
8284-PLSNOR,694536303683,8,4.49
8284-PLSNPK,785123869504,10,4.49
8284-STRNPK,760921346501,9,4.49
BLM00094,702730685556,0,195.972
VD-GF3786,812024033786,6,11.526
EEC2168-BK-OS,763036316599,4,14.95
EEC42544-BK-OS,763036316667,0,10.95
EEC2130-NV-OS,763036316551,0,9.95
IBIC2612-2,847841026123,1,6.65
IBIC2607-2,847841026079,7,6.65
LST950366-BK-OS,845830087230,0,19.5
MP595266-BK-OS,845830087179,1,16.5
MP593266-BK-OS,845830087155,2,24.95
PLB87016,802991609510,0,20
STR1313,4041937313159,13,33.53
BL42805,819835028291,16,32.501
STR1314,4041937313142,41,33.53
CB6727,094922426727,12,12
CB6734,094922426734,10,12
CB6741,094922426741,12,12
CB6758,094922426758,12,12
CB6765,094922426765,12,12
CB5818,094922395818,12,12
CB5825,094922395825,11,12
CB5745,860007115745,10,24
CB4584,094922454584,10,2.99
CB4522,094922454522,3,2.99
CB4539,094922454539,10,2.99
CB4546,094922454546,10,2.99
IBIC2603,847841026031,11,6.65
IBIC2698,847841026987,8,6.65
HP3410,818631034109,7,36
HP3411,818631034116,20,19.75
HP3412,818631034123,15,12.5
HP3413,818631034130,6,29
HP3414,818631034147,15,18.25
HP3415,818631034154,9,42.5
HP3416,818631034161,6,26.6
HP3418,818631034185,4,25
HP3419,818631034192,11,26.8
HP3452,818631034529,14,5
HP3453,818631034536,27,2.75
KX1350-BK-A,850034934778,3,8.9625
NXNA011,5060274221513,5,21.75
NXSIM8ST,5060274221506,14,42.5
BIBW-022071ZW,6959532333992,59,29.96
BIBW-022070ZW,6959532334005,45,29.96
BI-014915,6959532326659,24,27.5
BI-014927,6959532326727,0,14.45
BI-014893,6959532333886,26,14.805
BIBW-022067P,6959532326369,0,46.03
SOH31569-BK-M0,760299463831,1,27.265
SOH31569-BK-X0,760299463855,2,27.265
SOH31568-BK-S0,760299463787,10,31.465
SOH31568-BK-M0,760299463794,10,31.465
SOH31568-BK-L0,760299463800,11,31.465
SOH31568-BK-X0,760299463817,11,31.465
BL31265,819835027799,24,9.338
BL32503,819835027997,18,37.863
FE-SH-804N-37,663546905910,1,37.5
FE-SH-805N-37,663546905927,12,32
CG-GG-002,794775094769,52,25
WR2101,9781956562101,0,6.5
WR2071,9781956562071,10,6.5
WR2064,9781956562064,0,6.5
PLB75234,612608642898,9,8
PLB75002,612608642843,14,7.5
PLB75859,612608642928,13,7.5
PLB75865,612608643222,9,8
PLB75865BL,612608642973,17,8
PLB75865PP,612608642980,15,8
PLB75830,612608642959,12,7.5
PLB75831,612608640641,16,7.5
PLB75832R,612608643185,8,7.5
PLB1182,612608642805,15,10
PP028-BK-OS,8932130100287,0,5.5
PP028-RD-OS,8932130200284,0,5.5
PP029-BK-OS,8932130100294,0,2.95
PP030-BK-OS,8932130100300,0,1.95
PP031-BK-OS,8932130100317,0,2.5
PP206-BK-OS,8932131002061,0,6.95
PP8817-WH-OS,8932131088171,0,5.75
PP8818-BK-OS,8932131088188,0,5.5
PP8818-WH-OS,8932131188185,0,5.5
NN-BLALAC,045923591044,9,5
NN-REDLAC,045923592669,1,5
NN-OWHPET,045923592997,6,5
NN-RBRREX,672975644505,17,5.5
NN-TRREX,672975644512,6,5.5
NN-GSTDOM,614608261673,17,10
NN-GSTBER,672975643485,21,10
NN-GSTRST,672975643492,11,10
NN-GSTARI,672975644802,19,10
FTC648-BK-X4,657447306747,4,21
7757-87,3701411600489,28,9.88
FTAF964-LB-SM,657447306044,8,17.5
FTAF964-LB-ML,657447306051,6,17.5
FTAF964-LB-LX,657447306068,5,17.5
FTAF965-RBW-LX,657447306105,1,17
FTAF967-BK-ML,657447306174,2,17
FTAFPTY5-AC-OQ,657447306235,1,15
NSN-0403-21,657447101656,9,33.4
NSN-0403-29,657447101670,10,33.4
NXENH001,5060274221186,8,45
NXABK001,5060274221544,11,21.75
PM089-02,067981089028,41,2.92
BMS3-94417,677613394477,4,52.5
SF20331,810001683337,9,37.98
BL18500,819835028598,27,6.482
BL18510,819835028604,21,6.846
LP6072776,3700436072776,0,50
RGRCR1170-RD,5060404819993,10,11.7
RGRHUD097,5060404819764,0,53
FTC647-GY-X2,657447306716,8,19
FTC647-GY-X4,657447306723,13,19
C22517-BK-OS,883124179940,1,29.15
C22519-BK-OS,883124179971,5,18.15
CP22525,883124180052,3,27.5
CP22527,883124180076,5,22
CP22528,883124180083,5,22
CP22529,883124180090,2,30.25
CP22530,883124180106,0,11
CP22532,883124180120,2,13.75
PDRD186-21,603912771350,2,192.5
PDRD186-29,603912771367,2,192.5
SHTOU815MBL,7423522655603,6,24.95
SHTOU815GLO,7423522655634,9,26.95
SHTOU817MBL,7423522655689,13,25.95
SHTOU724GLO,7423522638644,14,19.95
SHTOU725GLO,7423522638651,7,19.95
SHTOU726GLO,7423522638668,8,19.95
SHTOU729GLO,7423522638699,7,35.95
SHTOU731GLO,7423522639627,12,7.95
SHTOU732GLO,7423522639634,0,13.95
SHTOU735GLO,7423522639665,10,12.95
SHTOU736GLO,7423522639672,6,29.95
SHTOU737GLO,7423522639689,14,19.95
SHTOU741GLO,7423522640623,0,9.95
SHTOU746GLO,7423522640685,5,17.95
SHTOU747GLO,7423522640692,12,14.95
SHTOU748GLO,7423522641606,11,24.95
SHTOU762GLOLXL,7423522653647,8,24.95
SHTOU762GLOSM,7423522642658,12,24.95
SHTOU765GLO,7423522642689,7,24.95
SHTOU768GLO,7423522643617,7,49.95
SHTOU785GLO,7423522650646,19,15.95
SHTOU786GLO,7423522650653,1,18.95
WVSNDV2SG9,4251460616881,94,114.5
BMS59321,677613593214,0,13.13
BMS59322,677613593221,0,13.13
BMS59325,677613593252,5,13.13
OX3027-CLRICE,840215119360,15,14.5
OX3062-ORG,840215121721,15,14
OX3065-ORG,840215121035,18,9.5
OXS3024-CLRIC,840215119285,15,14
OXHUJ102-CHR-TAR,840215121646,8,9.5
PDRD619-22,603912772326,0,175
PDRD619-21,603912772319,2,175
8284-BPOP,792264877688,3,5.4
8284-BOOTUSA,792264877763,11,5.4
8284-APOPRD,694536307506,2,5.4
8370-PETSTRPAT,694536307247,15,5.4
PK363,848416009428,11,8
HPSF-HH67,5022782127053,0,8
HPSF-HH68,5022782127060,32,8
OLB5211739-PR-LX,841143186684,2,17
OLB5211741-LP-X4,841143188770,1,17
OLL7411781-BP-LX,841143193057,1,17
LOV9803,728360599803,52,65
LOV9810,728360599810,37,65
VI-BU-0804,792816281468,24,26.2
VI-BU-0805,792816281451,28,26.2
VI-P2009,792816281475,15,24.75
VI-P2013,792816281482,57,24.75
VI-F1201,792816281529,13,22
VI-F1213,792816281512,38,22
VI-F1309,792816281536,2,13.92
NOBT-W84UV,9342851003306,19,50
NOBT-NU02PU,9342851003191,15,20
NOBT-NU04PU,9342851003214,14,20
NOBT-NU06PK,9342851003184,6,37.5
NOBT-NU06BL,9342851003245,7,37.5
NOBT-NU05PK,9342851003177,4,42.5
NOBT-NU05BL,9342851003238,8,42.5
MD0047-29,699439004729,63,7.14
HP3464,818631034642,93,3
HP3465,818631034659,82,2.5
HP3467,818631034673,16,3.5
CYEM3100,609224031694,3,30.25
CYEM3102,609224031717,1,48.95
CYEM2207,609224032394,0,21.45
CYEM2208,609224032400,6,15.95
PDRD618-21,603912772296,2,192.5
PDRD618-29,603912772302,2,192.5
DJ1361-03,782421081508,17,8.72
DJ1361-04,782421081515,19,8.72
DJ1361-13,782421081713,10,8.33
DJ1361-14,782421081737,9,8.33
DJ1361-15,782421081850,13,8.33
DJ1312-23-BX,782421080532,16,8.47
DJ1362-19,782421080853,45,3.5
DJ1360-77,782421077976,7,18.73
BEI-CN075,022735180758,8,1.232
XGSK-3002,884472030914,22,11.165
XGSK-3004,884472030938,14,11.865
XGSK-3005,884472030945,24,12.565
RPBBSG4,4251460601290,17,17.5
RPVBSGX,4251460601276,16,20
RPRBSGX,4251460601283,16,25
RPCRSG5,4251460601320,30,20
RPLOSGM,4251460601306,12,20
SS690-02,646709690021,17,24.96
KHE-NV095,825156111024,3,4
KHE-BGC69,825156111109,22,6
KHE-BGR143,825156111048,22,3
KHE-BGR127,825156111031,13,5
KHE-NVD80,825156110898,1,6.5
WS90440,713079904406,155,0.59
PD5383-12,603912772746,4,17.5
PD5383-14,603912772739,10,17.5
PD5384-12,603912772753,11,20
PD5384-43,603912772968,3,20
PD5385-14,603912772784,10,20
PD5385-43,603912772777,9,20
PD5386-14,603912772975,32,22.5
PD5386-43,603912772807,4,22.5
PD5387-12,603912772814,23,22.5
PD5387-14,603912772821,12,22.5
PD5388-12,603912772845,9,25
PD5388-43,603912772838,9,25
PDBD103-27,603912772487,7,40
OX3068-BLKICE,840215121141,7,9
OX3068-CLRICE,840215122476,8,9
OX3077-BLK,840215122636,14,17
OX3077-STL,840215122667,13,17
OX8000-6-BLKBLU,840215122391,7,18
OX8000-12-BLKBLU,840215122414,5,24.5
OXHUJ137-TARICE,840215123091,6,11.5
OXHUJ137-CLRICE,840215123107,9,11.5
OXHUJ129-CLRICE,840215121288,5,8
OXHUJ129-TARICE,840215121264,9,8
OXHUJ139-TARICE,840215123206,13,14.5
OXHUJ139-CLRICE,840215123220,12,14.5
SE4385-20,716770102119,10,37.5
SE4385-05,716770102089,1,33.45
SE4385-10,716770102096,2,33.45
SE4385-15,716770102102,7,37.5
WS91120,713079911206,196,0.49
JJJUNO-FU,5060170972267,15,49.5
JJJUNO-PU,5060170972250,1,49.5
JJJUNOFX-BK,5060170972281,20,59.5
RK-10BLUEBABL,811041015041,8,17.5
RK-10CHAICCR,811041014785,1,27.49
RK-10PEEKLIL,811041015072,9,41.5
RK-10CHAIPERI,811041014792,9,27.49
RK-10SUGDMPP,811041015065,4,19
RK-10CORALCOR,811041015034,2,19.5
RK-10SUGBEPK,811041015058,0,16
RK-10PERRIPP,811041015003,0,18.5
RK-10RO90BLI,811041014730,0,11
INT055-60IE,850000918498,38,7.95
INT055-120IE,850000918504,30,9.95
INT055-240IE,850000918511,11,14.95
XRAH066,848518049056,18,47.64
XRAG937-Black,848518046864,18,8.56
CGC1301-04,638258904452,54,8.5
CGC1302-04,638258904469,21,8.5
CGC1303-04,638258904476,28,8.5
SSY2502-00,638258904346,47,13.95
SSY2503-00,638258904360,30,13.95
SSY2504-00,638258904384,35,13.95
SSY2505-00,638258904407,39,13.95
PM300-39,070907230039,25,11.25
HP3454,818631034543,29,6
HP3455,818631034550,20,6
HP3456,818631034567,32,6
HP3457,818631034574,12,8
HP3458,818631034581,14,8
HP3459,818631034598,13,8
HP3460,818631034604,23,8
HP3461,818631034611,27,11
HP3462,818631034628,7,11
HP3471,818631034710,23,2
HP3474,818631034741,26,9
HP3478,818631034789,21,30
HP3480,818631034802,25,12
HP3481,818631034819,7,12
NSN-0274-04,657447106453,19,17.64
NSN-0274-05,657447106439,15,31.75
NSN-0274-15,657447106446,20,19.05
NSN-0305-00,657447105869,0,13.2
NSN-0514-03,657447105999,13,4.1
NSN-0514-13,657447106002,30,4.85
NSN-0514-33,657447106019,11,4.1
NSN-0514-43,657447106026,22,4.85
NSN-0557-65,657447106064,0,17.1
NSN-0558-35,657447106071,0,30.4
NSN-0558-37,657447106088,8,30.4
NSN-0670-53,657447106224,1,41.35
NSN-0670-54,657447106231,38,41.35
NSN-0670-64,657447106248,13,37
NSN-0670-67,657447106255,5,37
NSN-0719-01,657447105883,6,8.25
NSN-0719-11,657447105906,9,9.85
NSN-0719-41,657447105975,0,8.25
NSN-1112-33,657447106163,13,7.75
NSN-1119-33,657447106187,8,26.95
NSN-1119-37,657447106194,10,26.95
NSN-1300-01,657447106354,0,9.7
NSN-1300-04,657447106361,14,9.7
NSN-1300-05,657447106378,0,9.7
NSN-1300-06,657447106385,0,9.7
NSN-1300-08,657447106392,0,9.7
NSN-1300-09,657447106408,11,9.7
NSN-1311-04,657447106293,2,12.36
BAOWE05,679359001770,56,7
BAAR05,679359001787,21,6.5
WR8569,665752708569,11,5
WR8606,665752708606,16,5
SSY2501-00,638258904322,28,13.95
WR8507,665752708507,10,5
WR6966,785571086966,5,6.5
WR6904,785571086904,12,6.5
WR2163,9781956562163,8,6.5
WR2088,9781956562088,8,7.5
LP6017449,3700436017449,2,98
LP6017401,3700436017401,6,98
LP6017395,3700436017395,12,91.99
LP6017388,3700436017388,17,86.5
NT3060-2,782631306026,9,66.05
SLQ-366,650245462394,12,7.5
SLQ-365,650245382296,7,12
SLQ-104,650245240909,9,5
SLQ-105,650245516332,26,7
ZAF03102,735632930431,4,51
ZAF02711,735632930226,5,55.25
ZAF02712,735632930233,12,55.25
IBIC8015,847841080156,12,16.6
IBIC8016,847841080163,7,16.6
IBIC1306,847841013062,13,27.5
IBIC1307,847841013079,10,27.5
IBIC1308,847841013086,12,25
IBIC1101,847841011013,0,20
IBIC1400,847841014007,9,16.6
IBIC1401,847841014014,5,16.6
IBIC1402,847841014021,5,16.6
IBIC1403,847841014038,4,16.6
IBIC1404,847841014045,7,16.6
IBIC3300,848741033006,6,10
IBIC3301,848741033013,7,10
IBIC3302,848741033020,15,10
IBIC3303,848741033037,5,10
IBIC3304,848741033044,13,10
IBIC3305,848741033051,17,10
IBIC1700,847841017008,39,25
IBIC1701,847841017015,4,32.5
IBIC1702,847841017022,15,47.5
IBIC1703,847841017039,14,37.5
XGSK-1027,884472032925,20,33.95
XGSK-1028,884472032932,11,44.95
DJ1361-24,782421083823,9,6.62
DJ1361-25,782421083830,13,6.62
DJ1361-26,782421083847,9,6.62
DJ1361-27,782421083854,6,6.62
DJ1361-28,782421083861,14,6.62
DJ1361-29,782421083878,14,6.62
DJ4550-50,782421084820,26,28.43
DJ5000-01,782421084110,1,23.47
DJ5000-03,782421084165,18,22.48
DJ5001-02,782421084202,12,7.83
DJ5001-04,782421084226,12,8
DJ5001-06,782421084240,2,15.48
DJ5002-01,782421084271,5,13.13
DJ5002-03,782421084295,11,23.62
DJ5003-01,782421084318,10,15.58
DJ5003-03,782421084479,5,11.32
DJ5003-04,782421084349,7,12.27
DJ5004-02,782421084592,7,9.27
DJ5005-01,782421084370,5,8.78
DJ5005-02,782421084387,1,7.73
DJ5110-52,782421083809,0,8.12
DJ5130-41,782421083816,7,14.56
DJ5200-38,782421083885,14,38.8
DJ5200-39,782421084639,11,38.8
DJ5510-38,782421083892,0,14.56
DJ5510-39,782421084646,11,14.56
DJ7000-01,782421083243,24,36.73
DJ7000-03,782421083267,7,39.33
DJ7000-05,782421083281,13,41.13
DJ7000-07,782421083915,18,39.1
DJ7000-09,782421083922,21,38.48
DJ7000-11,782421083939,28,30.63
SHU101,697309901017,8,25
SHU103,697309901031,4,25
SHU104,697309901048,2,25
SHU201,697309902014,14,30
SHU204,697309902045,15,30
SHU301,697309903011,10,37.5
SHU303,697309903035,3,37.5
SHU304,697309903042,7,37.5
SHU401,697309904018,8,40
SHU403,697309904032,11,40
SHU404,697309904049,7,40
SHU501,697309905015,10,40
SHU503,697309905039,13,40
SHU504,697309905046,12,40
SHU601,697309906012,7,37.5
SHU604,697309906043,11,37.5
FE-FF-1037-01,663546905293,52,28.5
FE-FF-1037-02,663546905286,26,28.5
FE-FF-1037-04,663546905309,47,28.5
CN-07-0586-11,653078943177,13,13.35
CN-0133-03-20,653078942705,5,33.17
BL10119,819835028901,11,8.624
BL38408,819835028659,82,7.322
BL38400,819835028642,24,6.279
BL38502,819835028635,16,7.721
BL38500,819835028628,35,8.764
BL27540,819835028826,16,15.134
BL27519,819835028857,13,15.134
BL27518,819835028840,7,15.134
BL27512,819835028833,26,15.134
BL27511,819835028819,20,15.134
BL27522,819835028864,5,15.134
BL51337,819835028796,3,16.24
BLM00096,702730686478,1,121.317
BL06612,819835025016,29,8.75
BL83605,819835028970,3,111.86
SE1492-50,716770102942,17,9.5
SE2699-75,716770102867,25,7.6
SE2699-80,716770102874,12,7.6
SE4382-50,716770103451,29,45
SE0608-50,716770102881,0,35.2
SE2651-50,716770102669,8,9.5
SE2651-55,716770102676,16,9.5
SE2651-60,716770102683,23,9.5
SE2651-65,716770102690,20,9.5
SE3300-25,716770102973,5,12.12
SE0883-50,716770103031,4,10.1
SE0883-80,716770103048,11,10.1
SE0883-90,716770103055,7,10.1
SE0883-95,716770103062,9,10.1
SE1963-50,716770103406,22,26.2
SE2380-50,716770102843,23,6
SE2380-55,716770102850,14,6
ANE5720-32,850040572032,9,12.5
SI95350,752875953508,55,3.99
PF-CS-06C,851127008864,13,19.9
PF-CR-18C,8511270089180,13,14.5
PF-XP-21C,851127008871,51,19.9
SE1245-10,716770102546,1,17.1
SE1245-20,716770102560,3,10.26
SE1245-30,716770102584,33,10.26
LW-044,4890808256305,7,17
LW-045,4890808256312,35,17
LW-046,4890808256329,5,17
GW2227-BL-OS,703674867220,0,16.95
GW2227-PK-OS,703674867213,13,16.95
GW2232-NV-OQ,703674867398,12,17.95
PL20039-BK-OQ,196018393170,3,8
PL25114-BK-OS,196018392944,2,10
PL25115-BK-OS,196018392982,8,8
PL25115-BK-OQ,196018393002,8,9
PL25115-WH-OQ,196018393019,3,9
PL25116-BK-OS,196018393026,9,8
PL27053-BK-OS,196018373004,12,14
PL23101-BK-OS,196018372960,9,12
PL23101-RD-OS,196018372977,11,12
PL23101-BK-OQ,196018372984,0,13
RR53033-BK-SM,196018371000,21,6.175
RR53033-BK-ML,196018370997,36,6.175
RR53033-BG-ML,196018371017,6,6.175
RR53034-BK-SM,196018371048,23,5.85
RR53034-BK-ML,196018371031,24,5.85
RR53034-BG-ML,196018371055,25,9
RR1169-BK-SM,196018370928,3,3.25
RR1169-BK-ML,196018369052,12,3.25
RR50025-BK-SM,196018370966,26,7.15
RR50025-BK-ML,196018370959,39,7.15
RR53030-BK-ML,196018365528,11,5.2
RR53032-BK-SM,196018365559,25,8.125
RR53032-BK-ML,196018365542,24,8.125
RR53029-BL-SM,196018364125,21,8.125
RR53029-BL-ML,196018364118,25,8.125
RR51014-PR-ML,196018364095,2,10.2
RR53035-BK-SM,196018384055,31,6.5
RR53035-BK-ML,196018384048,22,6.5
RR53031-BG-SM,196018365191,2,5.85
RR53031-BG-ML,196018365184,1,5.85
RR53031-BK-SM,196018365177,12,5.85
RR53031-BK-ML,196018365160,19,5.85
RGRPS073,5060404818187,1,47.5
RGROS1090-RD,5060404811980,0,23
BLM6004,4890808254134,2,60
BLM6005,4890808254141,1,42
BLM6007,4890808254165,18,50
ELD-LF1809BLK,4890808263464,14,20
BLM5014BLK,4890808263358,32,30
BLM5013BLK,4890808263341,20,25
LITLGP-025,685634103404,25,3.3
LITLGP-026,685634103381,8,3.85
LITLGP-027,685634103398,13,3.85
VD-GF4479,812024034479,7,5.988
VD-GF4486,812024034486,5,7.128
VD-GF4493,812024034493,6,7.128
VD-GF4516,812024034516,8,10.728
VD-GF4523,812024034523,9,8.568
VD-GF4530,812024034530,11,10.008
BC-H2OM16,720184109169,9,25.58
BC-H2OM24,720184109244,18,3.25
BC-H2OM02,720184109022,12,8.25
BC-H2OM08,720184109084,6,16.45
FTS976-MG-OS,657447308710,5,8.25
FTS976-MG-OQ,657447308727,1,8.25
EN-RS-1249,844477021249,28,8.99
EN-RS-1195,844477021195,4,42.99
EN-RS-1171,844477021171,31,88.99
ZE-RS-8256,844477018256,12,34.99
ZE-MS-1263,844477021263,10,28.99
ZE-MS-1270,844477021270,18,28.99
GX-RS-1072,844477021072,29,13.99
GX-BP-1034,844477021034,4,30.99
IDDFRT12,761236903045,2,1.03
IDDFRB01,761236902741,72,4.15
IDDFRB02,761236902758,53,7.07
IDDFRB04,761236902765,105,9.5
IDDFRB08,761236902772,24,14.16
IDDEBB04,761236902796,31,6.13
IDDEPB04,761236902802,26,6.13
IDDEWB04,761236902826,28,6.13
IDDECB04,761236902819,35,6.13
SF10815,814137021391,19,7.98
SF10849,814137027386,57,8.26
SF10846,814137021513,6,8.98
SF11374,814137021612,11,7.98
SF11371,814137021629,6,7.98
SF11369,814137021643,12,7.98
SF11370,814137021650,9,7.98
SF11688,814137021575,18,7.98
SF11714,814137021728,12,6.48
SF11738,814137022084,7,9.48
SF11736,814137022060,6,9.48
SF11749,814137020691,7,8.48
SF11748,814137020684,6,8.48
SF12475,814137020042,4,8.48
SF12700,814137020585,5,8.48
SF14154,814137027416,2,9.48
IS17012,704155170129,51,5
IS98731,704155987314,5,6
PJ139-85,827160115425,34,11.5
PJ139-86,827160115432,0,9
SF13020,814137020455,3,8.98
SF14157,814137027430,1,10.98
SF9663,814137022114,4,3.48
SF9666,814137022152,8,3.48
SF9669,814137022145,8,3.48
SF9664,814137022169,6,3.48
SF22007,810001685966,66,14.98
SF22146,810001685584,5,25.98
OXS3026-CLIC,840215119339,4,13.5
OX3065-BLK,840215121042,15,9.5
OX3065-CLR,840215121059,17,9.5
OX3065-SPC,840215121066,13,9.5
OX3065-STL,840215121028,15,9.5
OX1324-CLR,840215120373,15,8
OX3029-NGT,840215121806,11,38
OX1115-SMK,840215111135,3,34
OXAJ1006-CLR,840215111692,13,19.5
NOBT-W82DPK,9342851003252,10,35
NOBT-W82DPU,9342851003313,11,35
NOBT-W82DTQ,9342851003269,17,35
NOBT-W83DPU,9342851003283,11,52.5
SF22067,810001685669,2,8.98
SF22068,810001685676,7,10.48
SF22077,810001685720,7,11.48
SF22073,810001685768,1,11.48
SAT2569,4061504002569,19,24.885
SAT2620,4061504002620,24,27.285
SAT8317,4061504018317,6,20.385
SAT8324,4061504018324,9,20.385
SAT8331,4061504018331,8,20.685
SAT8348,4061504018348,10,20.685
SAT8379,4061504018362,21,20.085
SAT3835,4049369043835,14,10.785
SAT3859,4049369043859,4,10.785
SAT3866,4049369043866,14,14.38
SAT9711,4061504009711,2,16.485
SAT9698,4061504009698,9,16.485
EVA-1289,813686021289,0,51.5
EVA-1272,813686021272,12,51.5
EVA-1302,813686021302,29,12.5
MPE2695-BK-X4,190602504157,5,23.55
MPE2704-BK-X4,190602504423,1,23.55
MPE2698-BK-LX,190602504263,1,16.95
8280-013,810040295058,11,10
MAS213,810040295072,14,3.5
MAS214,810040295089,25,3.5
8280-014,810040295065,16,10
8281-013,810040295034,10,9.5
MPE8625-BK-ML,190602504805,3,19.95
MPE8625-BK-X2,190602504812,2,22.55
MPE8713-NN-SM,190602504973,1,17.95
8281-014,810040295041,12,9.5
MPE8715-NN-SM,190602505055,1,14.95
MPE8715-NN-LX,190602505062,1,14.95
MPE8218-RL-X3,190602027335,1,18.55
FE-SH-813B-03,663546905798,9,28
FE-SH-813B-07,663546905804,14,28
FE-SH-813B-37,663546905811,18,28
TNT-12132,019213848590,39,28.2
NXREVOTW,5060274221568,23,110
NXBEN001,5060274221551,9,49.5
MPE120-TL-LX,190602506380,2,5.55
MPE120-GR-SM,190602506199,5,5.55
MPE120-GR-LX,190602506205,11,5.55
MPE120-PR-SM,190602506397,7,5.55
MPE120-PR-LX,190602506403,8,5.55
MPE120-BK-LX,190602506366,6,5.55
MPE120-WH-SM,190602506236,4,5.55
MPE120-WH-LX,190602506243,12,5.55
MPE120-FH-LX,190602506182,2,5.55
LITBG-080,685634103480,14,6.6
LITBG-081,685634103497,3,6.6
MPE104-LB-S0,190602018821,8,8.55
MPE104-LB-M0,190602018838,9,8.55
LITBG-078,685634103435,22,13.75
MPE104-LB-L0,190602018845,5,8.55
MPE104-LB-X0,190602018852,3,8.55
7552-16,685634103374,9,7.15
MPE105-LB-S0,190602121514,12,11.95
MPE105-LB-M0,190602121521,13,11.95
MPE105-LB-L0,190602121538,11,11.95
LITPWM-012,685634103411,0,23.1
MPE90-BK-S0,849663057484,6,4.95
MPE90-BK-M0,849663057491,5,4.95
MPE90-BK-L0,849663057507,6,4.95
MPE90-BK-X0,849663057514,5,4.95
MPE90-BK-X2,190602500890,2,4.55
MPE90-BK-X3,190602500906,2,4.55
LITNV-213,685634103527,17,8
LITNV-214,685634103534,17,8
MPE94-RD-X0,190602136204,4,3.55
MPE94-WH-X0,190602136280,1,3.55
MPE97-RD-M0,190602224024,2,4.55
MPE97-RD-L0,190602224031,7,4.55
MPE97-RD-X0,190602224048,1,4.55
MPE999-GD-OS,190602504201,7,19.95
EN-RS-1225,844477021225,16,62.99
CRC-SKLUBFU4,5037353006439,24,9
VD-VT4554,812024034554,53,38.514
CB5253,860008835253,6,54.29
CB5215,860008835215,1,75
LITBT-516,685634110556,47,7.15
LP6032916,3700436032916,12,25
LP6032909,3700436032909,25,25
BMS30829,677613308290,0,9.03
RP291SG4,4251460612296,48,9.5
RP281SG8,4251460612302,40,20
RP251SG9,4251460612265,19,20
RP241SG2,4251460612258,28,8
RP271SGA,4251460612289,54,15
NT3096,782631309607,16,16.55
SE0913-55,716770103093,9,67.45
SE0913-60,716770103109,5,67.45
SE0914-05,716770103116,3,67.45
SE0914-10,716770103123,3,67.45
SE1844-15,716770102836,17,24.1
7750-MLE003,810040294709,24,9.5
7750-MLE001,810040294693,12,9.5
7750-MLE204,810040294747,22,3.5
7750-MLE203,810040294730,27,3.5
RGF1018-BKRD,5060363861224,0,34
LOV0074,6972677430074,154,65
RC-SDAD7-101-P,851787008471,29,11.97
RC-FLP-101-PK,851787008938,17,5.25
ELAB0819-36,763290081936 ,57,31.69
VD-MH3083,812024033083,13,37.81
VD-MH3090,812024033090,0,37.81
VD-MH3076,812024033076,0,37.81
PD4961-12,603912771374,12,55
PD4963-12,603912771381,9,61
PD4965-12,603912772548,13,27.5
PD4966-12,603912772555,13,55
PD4967-12,603912773385,13,110
HPB-687R,794568043707,34,49.9
BI-BM00900T75ZC,6959532333947,19,61.04
BI-014902,6959532333909,0,46.48
LIL0057,850031090057,11,65
LIL0125,850031090125,0,65
EN-RS-1089,844477021089,16,35.99
EN-RS-1096,844477021096,14,32.99
EN-RS-1577,844477021577,22,22.99
EN-RS-1201,844477021201,11,55.99
EN-RS-1683,844477021683,8,51.99
EN-RS-1690,844477021690,13,50.99
ZE-MS-1331,844477021331,18,5.99
GX-RS-1256,844477021256,15,54.99
GX-MS-0020,844477020020,10,18.99
GX-RS-9215,844477019215,20,45.99
8379-TTSCIN,792264878210,10,5.75
8379-TTSSC,792264878203,8,5.75
8379-TTSCAR,792264878197,1,5.75
8379-TTSSTW,792264878180,12,5.75
8379-TTSCC,792264878173,17,5.75
8286-FQU,792264878241,10,5.4
EH39718-BK-X0,763036323191,10,12.7125
EH35475-NN-S0,763036322842,2,14.2125
EH35475-NN-L0,763036322866,3,14.2125
EH72100-NN-L0,763036323948,5,17.95
EH72100-NN-X0,763036323955,7,17.95
LST207-BK-OQ,845830043724,0,23.5
WVWZ171SG3,4251460603652,2,69.5
WVWZ171SG6,4251460616256,4,69.5
WVWZ171SG5,4251460616263,4,69.5
IS59985,704155599852,13,10
HPB-767B,794568044582,2,29.9
PK369,848416009480,8,8
PK371,848416009503,2,8
PK372,848416009510,19,8
FSG84282,5060897578100,2,19.5
SS098-21,646709098216,20,9.01
SS099-52,646709099527,21,15.02
ELAB0859-27,763290085927,42,29.95
ELAB2150-10,763290215010,12,12.65
ELAB2152-32,763290215232,43,12.65
ELAB2151-57,763290215157,40,12.65
ELAB2152-87,763290215287,27,12.65
ELAB2157-44,763290215744,0,12.65
ELAB2155-34,763290215034,17,14.25
ELAB2154-16,763290215416,57,14.25
BMS38016,677613380166,0,17.54
OX3076-BLK,840215122490,4,14.5
OX3076-CLR,840215122506,6,14.5
OX3078-BLK,840215122520,15,13.5
OX3078-CLR,840215122537,13,13.5
OX3069-BLICE,840215122797,12,24.5
OX3069-RDICE,840215122780,9,24.5
OX3071-BLK,840215122995,10,69.5
OX3071-CLR,840215123008,26,69.5
NN-CHGYXF,810121170120,0,5.5
NN-CHLBXF,810121170007,1,5.5
NN-CHOYXF,810121170137,8,5.5
NN-HRGRXF,810121170144,14,5.5
OX3097-BLK,840215122896,5,29.5
OX3097-CLR,840215122902,12,29.5
NN-HRPIHRT,810121170175,16,5.5
OX3044SM-RDMPH,840215123046,5,38
OX3044LG-BLMPH,840215123039,1,54.5
OX3044LG-RDMPH,840215123053,4,54.5
OX3098SM-BKICE,840215123060,9,38
OX3098LG-BKICE,840215123077,4,54.5
EH39726-NCR-M0,763036323252,1,21.95
EH39726-NCR-X0,763036323276,6,21.95
EH72189-NL-M0,763036324181,5,19.95
EH72189-NL-L0,763036324198,8,19.95
EH72189-NL-X0,763036324204,7,19.95
EH40324-NP-X0,763036323412,3,17.95
EH35474-NP-L0,763036322828,4,13.95
EH35474-NP-X0,763036322835,4,13.95
OXHUJ130-BZ,840215121332,5,12
OXHUJ130-CLICE,840215121318,18,12
OXHUJ130-TARICE,840215121301,14,12
OXHUJ131-CLICE,840215121356,9,11
OXHUJ131-TARICE,840215121349,18,11
OXHUJ136-TARICE,840215121523,2,54.5
EH72106-WH-40,763036320596,2,8.9625
EH72106-WH-42,763036320602,1,8.9625
EH72106-WH-44,763036320619,7,8.9625
EH72106-PK-40,763036320565,10,8.9625
EH72106-PK-42,763036320572,2,8.9625
EH72106-PK-44,763036320589,7,8.9625
EH72152-PK-OS,763036321319,7,3.95
EH72152-BK-OS,763036321302,0,3.95
EH72152-BK-OQ,763036321333,0,4.95
EH72152-PK-OQ,763036321340,1,4.95
EH72115-BK-S0,763036320985,6,4.95
EH72115-BK-M0,763036320992,6,4.95
EH72115-BK-L0,763036321005,3,4.95
EH72115-BK-X0,763036321012,5,4.95
EH72115-PK-S0,763036321029,6,4.95
EH72115-PK-M0,763036321036,7,4.95
EH72115-PK-L0,763036321043,4,4.95
EH72115-PK-X0,763036321050,0,4.95
EH72115-PK-2X,763036321135,5,5.95
EH72115-BK-2X,763036321104,0,5.95
EH72115-BK-4X,763036321111,1,5.95
EH72153-WH-S0,763036321449,0,4.95
EH72153-WH-M0,763036321456,7,4.95
EH72153-WH-L0,763036321463,4,4.95
EH72153-WH-X0,763036321470,7,4.95
EH72153-BK-S0,763036321364,2,4.95
EH72153-BK-M0,763036321371,5,4.95
EH72153-BK-L0,763036321388,0,4.95
EH72153-BK-X0,763036321395,0,4.95
EH72153-BK-2X,763036321487,5,6.95
EH72153-BK-4X,763036321494,6,6.95
EH72153-WH-4X,763036321531,0,5.95
EH72153-WH-2X,763036321524,0,5.95
EH34418-MI-L0,763036324426,3,12.7125
EH34418-MI-X0,763036324433,6,12.7125
EH35494-BHP-S0,763036322927,12,14.95
EH35494-BHP-M0,763036322934,15,14.95
EH35494-BHP-L0,763036322941,15,14.95
EH35494-BHP-X0,763036322958,20,14.95
EEC2214-RP-OS,763036321746,3,10.95
EEC2183-PR-OS,763036321722,0,12.95
EEC2228-PR-OS,763036321753,7,11.95
EEC2228-PR-OQ,763036322156,0,12.95
EH34477-BK-S0,763036322712,2,10.4625
EH34477-BK-1X,763036322743,1,11.2125
EH54070-PR-OS,763036323733,0,3.25
EH54070-PR-OQ,763036323740,0,3.95
EH2254-NL-OS,763036322620,5,12.95
EH2206-NL-OS,763036322552,6,9.95
EH2245-BK-OS,763036322613,5,9.95
EH2220-BK-OS,763036322576,8,9.95
UMBM-HVP,5060140208945,6,5.95
UMBM-HMVP,5060140208938,7,5.95
UMBM-HMXVP,5060140208921,3,5.95
EH35432-BK-S0,763036324440,2,16.95
EH35432-BK-M0,763036324457,1,16.95
EH71170-BL-M0,763036323801,1,17.95
EH71170-BL-X0,763036323825,6,17.95
EH72183-BK-OS,763036324167,3,7.95
EH72194-BK-OS,763036324259,0,4.95
EH35495-BK-LX,763036322972,2,12.95
LP6072899,3700436072899,7,30
LP6072912,3700436072912,9,9
LP6072929,3700436072929,8,9
LP6072936,3700436072936,11,9
AWGS1SG5,4251460611275,17,36.5
AWGS1SG8,4251460611282,18,36.5
AWGS1SG9,4251460618748,14,36.5
AWPN1SG5,4251460611244,15,8.5
AWPN1SG8,4251460611251,9,8.5
AWPN1SG9,4251460618755,11,8.5
PD4150-21,603912772593,21,41.5
PD4151-21,603912772616,10,38
PD4152-21,603912772623,22,41.5
PD4152-22,603912772852,23,41.5
PD4153-21,603912772647,17,45
PD4153-29,603912772869,5,45
PD4154-21,603912772661,7,27.5
PD4154-22,603912772876,6,27.5
PD4154-29,603912772883,15,27.5
PD4155-21,603912772692,4,75
PD4155-29,603912773613,4,75
PD4156-22,603912772906,17,27.5
PD4157-29,603912772951,11,45
BEI-BT129,022735002029,88,0.609
BL26819,819835026808,15,13.314
BL26811,819835026815,23,12.964
BL26812,819835027591,19,12.964
BL14926,819835028437,23,8.995
BL14923,819835028420,37,8.995
BL12906,819835028451,23,10.01
BL12903,819835028444,36,10.01
BL12956,819835028499,18,12.572
BL12953,819835028482,31,12.572
BMS37212,677613372123,0,18.2
BMS46100,677613461001,0,33.02
MC-P105GD,653485535996,9,6.9
FPY2205-PK-OQ,657447309830,0,4.75
FPY2205-PK-SM,657447309816,0,4.75
FPY2205-PK-LX,657447309823,0,4.75
FPY2207-PK-OQ,657447310041,5,3.5
FPY2207-PK-SM,657447310003,3,3.5
FPY2207-PK-LX,657447310010,0,3.5
WVSNSY2SG7,4251460619349,0,84.5
WVWZ142SG9,4251460611107,8,114.5
WVWZ142SG7,4251460611114,7,114.5
WVWZ142SG5,4251460611121,13,114.5
WVWZ142SG4,4251460611145,13,114.5
WVWZ142SG8,4251460611138,17,114.5
BL13603,819835020295,60,4.907
BL99925,702730697757,119,3.353
LOV0104,6972677430104,48,85
LOV0098,6972677430098,67,50
2036-1032,848416009886,9,22
2036-1028,848416009848,11,24.5
SS521-00,646709521004,1,14
SS521-03,646709521035,5,15
SS521-08,646709521080,1,8.5
BWX600,848416009718,1,36.95
BWX604,848416009756,27,25.865
BWX605,848416009763,12,25.865
MEMEGWS-MT-S0,3391194182083,20,4.875
MEMEGWS-MT-M0,3391194182090,34,4.875
MEMEGWS-MT-L0,3391194182106,32,4.875
MEMEGWS-MT-X0,3391194182113,19,4.875
MEMEUGC-MT-S0,3391214102435,5,4.875
MEMEUGC-MT-M0,3391214102442,25,4.875
MEMEUGC-MT-L0,3391214102459,19,4.875
MEMEUGC-MT-X0,3391194182182,15,4.875
MEMEUGM-MT-L0,3391214102527,4,4.875
MEMEUGM-MT-X0,3391214102534,4,4.875
MEMEPST-MT-S0,3391214112281,9,4.875
MEMEPST-MT-M0,3391214112298,10,4.875
MEMEPST-MT-L0,3391214112304,16,4.875
MEMEPST-MT-X0,3391214112311,7,4.875
MEMELAT-BK-S0,3391214122051,23,4.875
MEMELAT-BK-M0,3391214122068,32,4.875
MEMELAT-BK-L0,3391214122075,35,4.875
MEMELAT-BK-X0,3391214122082,24,4.875
MEMELAB-BK-S0,3391214122136,14,4.875
MEMELAB-BK-M0,3391214122143,19,4.875
MEMELAB-BK-L0,3391214122150,23,4.875
MEMELAB-BK-X0,3391214122167,17,4.875
MEMECCG-MT-S0,3391214122532,13,4.875
MEMECCG-MT-M0,3391214122549,25,4.875
MEMECCG-MT-L0,3391214122556,27,4.875
MEMECCG-MT-X0,3391214122563,8,4.875
MEMEPBP-MT-S0,3391214102299,15,4.875
MEMEPBP-MT-L0,3391214102312,28,4.875
MEMEPBP-MT-M0,3391214102305,19,4.875
MEMEPBP-MT-X0,3391194182168,15,4.875
MEMECHG-MT-S0,3391214122600,2,4.875
MEMECHG-MT-L0,3391214122624,10,4.875
MEMECHG-MT-M0,3391214122617,2,4.875
MEMECHG-MT-X0,3391214122631,3,4.875
MEMECFY-MT-L0,3391194182212,3,4.875
MEMECFY-MT-X0,3391194182229,6,4.875
MEMESLM-MT-S0,3391194182458,6,4.875
MEMESLM-MT-M0,3391194182465,19,4.875
MEMESLM-MT-L0,3391194182472,22,4.875
MEMESLM-MT-X0,3391194182489,6,4.875
MEMEBPL-MT-S0,3391214112090,13,4.875
MEMEBPL-MT-M0,3391214112106,8,4.875
MEMEBPL-MT-L0,3391214112113,12,4.875
MEMEBPL-MT-X0,3391214112120,13,4.875
MEMEFPR-MT-S0,3391214112328,2,4.875
MEMEFPR-MT-L0,3391214112342,4,4.875
MEMEFPR-MT-X0,3391194182748,2,4.875
MEMEFSP-MT-S0,3391214112502,7,4.875
MEMEFSP-MT-M0,3391214112519,18,4.875
MEMEFSP-MT-L0,3391214112526,11,4.875
MEMEFSP-MT-X0,3391194182830,8,4.875
MEMELG-MT-S0,3391214112816,1,4.875
MEMEMM-MT-S0,3391214132791,22,4.875
MEMEMM-MT-M0,3391214132807,25,4.875
MEMEMM-MT-L0,3391214132814,29,4.875
FE-FF-1038-01,663546906092,25,45
FE-FF-1038-02,663546906108,13,45
MEMEMM-MT-X0,3391214132821,26,4.875
FE-FF-1038-04,663546906115,12,45
LP6032862,3700436032862,9,40.5
NSN-1107-63,657447104459,0,16.45
PDRD543-29,603912772722,6,90
CNEX108-93,8433345108933,14,41.142
CNEX112-49,8433345112497,7,36.252
CNEX113-01,8433345113012,13,52.116
CNEX113-05,8433345113050,29,52.116
CNEX407-81,8433345407814,1,30.552
CNEX111-71,8433345111711,35,43.848
CNEX111-75,8433345111759,16,51.156
CNEX404-61,8433345404615,6,13.5
BL99915EA,702730697740,44,3.717
HPB-855B,710022362986,83,24.43
HPB-856O,710022362993,48,20.94
HPB-834B,794568036044,3,39.9
CRC-SKRBRL,5037353007436,11,22.5
CRC-SKRBRF,5037353007443,11,27.5
STR6450,4041937564506,1,218.03
STR6454,4041937564544,1,198.53
STR6457,4041937564575,4,209.03
CRC-UNIHT,5037353007450,49,27.5
CRC-UNIMP,5037353007474,24,27.5
CRC-UNIBB,5037353007467,25,27.5
BM-4BBUL-GP,817483015212,6,5.45
BM-4BBUL-KW,817483015229,1,5.45
BM-4BBUL-ST,817483015236,0,5.45
BM-4TBUL-KW,817483015267,2,5.45
BM-4BD6-BB,817483015281,11,9.09
BM-4BD6-GP,817483015298,5,9.09
BM-4TD6-BB,817483015328,1,9.09
BM-4TD6-GP,817483015335,14,9.09
BM-4TD6-KW,817483015342,4,9.09
BM-4TD6-ST,817483015359,6,9.09
BM-4BHAR-KW,817483015397,14,10
BM-4THAR-BL,817483015410,12,10
BM-4THAR-GP,817483015427,2,10
BM-4THAR-KW,817483015434,6,10
BM-4TPNT-R,817483015472,0,22.72
BM-4BOW-GP,817483015496,13,9.09
BM-4BOW-KW,817483015502,5,9.09
BM-4BOW-ST,817483015519,5,9.09
BM-4TOW-GP,817483015533,7,9.09
BM-4TOW-KW,817483015540,23,9.09
BM-4TOW-ST,817483015557,5,9.09
GN1000318,850010096933,1,23.95
GN1000319,850010096926,9,23.95
GN1000320,850010096827,2,23.95
C23117-TL-S0,883124181851,0,23.65
C23117-TL-M0,883124181868,0,23.65
C23117-TL-L0,883124181875,0,23.65
C23115-RP-OS,883124181486,4,4.5
C23125-BL-OS,883124181479,0,4.95
C23174-BK-OS,883124181981,0,9.35
C23172-BK-OS,883124181974,0,9.35
C23113-RP-X0,883124181813,2,15
C23111-RP-S0,883124181752,15,13.5
C23111-RP-M0,883124181769,2,13.5
C23111-RP-L0,883124181776,4,13.5
C23108-BK-S0,883124181318,0,32.73
C23108-BK-M0,883124181325,1,32.73
C23108-BK-L0,883124181332,0,32.73
C23108-BK-X0,883124181349,0,32.73
C23103-WH-S0,883124182148,17,19.8
C23103-WH-M0,883124182155,14,19.8
C23103-WH-L0,883124182162,20,19.8
C23122-BL-S0,883124182384,1,21.45
C23122-BL-M0,883124182391,19,21.45
C23122-BL-L0,883124182407,12,21.45
C23131-BK-OS,883124181493,4,3.5
C23131-BK-X0,883124181509,0,3.5
C1726-BK-OS,883124022710,0,4.24
C1726-BK-X0,883124102290,12,4.24
C1732-BK-OS,883124075600,0,3.03
FE-SH-812J-37,663546906054,8,26.5
C1750-BK-OS,883124089287,4,5.45
C1750-BK-X0,883124102733,5,5.45
C1750-WH-OS,883124124810,4,5.45
MEP298-AN-SM,671241117323,16,20.95
MEP298-AN-LX,671241117330,30,20.95
MEP298-AN-OQ,671241117347,15,22.95
MEP300-AN-OQ,671241117408,3,21.95
MEP300-AN-SM,671241117385,18,19.95
MEP300-AN-LX,671241117392,25,19.95
MEP310-RD-LX,671241118023,2,21.95
MEP312-RD-LX,671241118146,10,19.95
MEP312-RD-SM,671241118139,22,19.95
MEP312-RD-OQ,671241118153,0,21.95
MEP311-BK-OQ,671241118061,1,22.95
MEP311-BK-LX,671241118054,3,20.95
MEP308-BK-SM,671241117866,22,18.95
MEP308-BK-LX,671241117873,33,18.95
MEP220-NO-SM,671241118344,8,16.5
MEP220-NO-LX,671241118351,18,16.5
MEP221-NY-LX,671241118443,20,16.5
MEP219-NO-SM,671241118283,15,16.5
MEP219-NO-LX,671241118290,21,16.5
MP145278-MT-L0,845830088732,0,10.95
MP352278-MT-SM,845830088756,0,10.5
MP352278-MT-LX,845830088763,0,10.5
MP353277-PR-SM,845830088664,0,9.95
MP353277-PR-LX,845830088671,1,9.95
MP443277-PR-SM,845830088688,4,8.95
MEP221-NY-SM,671241118436,15,16.5
MEP220-NY-LX,671241118382,18,16.5
MEP220-NY-SM,671241118375,9,16.5
XRAH128,848518051219,83,25.026
XRAH129,848518051226,25,25.026
XRAH140,848518051318,131,25.026
BM-ABR-BL,817483015182,11,16.1
CG-ACHECHIK-001,794775094844,13,15
CG-CDEVILLE-001,796167830986,2,15
CG-EANGELINA-001,794775095063,12,15
CG-ADFOX-001,794775095094,0,15
CG-DGRACE-001,794775095117,16,15
CG-GDERZA-001,796167830351,10,15
CG-VSKY-001,794775095124,5,15
CG-BT-LRHODES-01,671891764182,24,35
BMS27416,677613274168,10,23.63
BMS27419,677613274199,28,23.63
BMS57801,677613578013,8,22.73
BMS57802,677613578020,4,15.07
BMS57803,677613578037,0,18.85
BMS57804,677613578044,0,26.25
BMS57805,677613578051,0,10.08
BMS57806,677613578068,0,6.14
BMS57807,677613578075,0,8.77
BMS57808,677613578082,0,12.23
BMS57809,677613578099,0,6.98
BMS58001,677613580016,0,8.77
BMS58002,677613580023,0,8.77
ZE-RS-1713,844477021713,11,53.99
SHTOU817BLK,7423522656600,11,25.95
SS480-22,646709480226,26,17.49
SS480-23,646709480233,23,17.49
SS480-25,646709480257,35,11.66
SS480-26,646709480264,24,17.49
EN-RD-2734,844477022734,10,55.99
EN-RD-2741,844477022741,10,55.99
PJ139-67,827160115166,31,19.25
PJ139-68,827160115173,28,16.25
BZRP004-BW-ML,843464004364,12,13.5525
BZRP005-WH-SM,843464004371,6,13.9425
BZRP005-WH-ML,843464004388,8,13.9425
BZRP006-BK-SM,843464004395,12,14.4625
BZRP006-BK-ML,843464004401,2,14.4625
BZRP007-RW-ML,843464004425,19,14.56
BZRP007-RW-SM,843464004418,18,14.56
BZRP009-HP-SM,843464004456,8,14.1375
BZRP009-HP-ML,843464004463,15,14.1375
BZRP010-BW-ML,843464004487,31,17.7125
BZRP010-BW-SM,843464004470,28,17.7125
BZRP012-BK-ML,843464004524,2,13.715
GX-PK-2529,844477022529,14,28.99
GX-PK-0969,844477020969,11,28.99
GX-PK-0976,844477020976,7,28.99
XRAH118,848518050519,20,8.32
XRAH120,848518050533,22,8.32
XRAH121,848518050540,20,8.32
SAT6796,4061504006796,27,28.485
SAT6802,4061504006802,47,28.485
SAT6772,4061504006772,9,15.885
SAT6789,4061504006789,17,15.885
SAT1678,4061504001678,13,28.935
SAT1647,4061504001647,12,25.185
SAT1661,4061504001661,6,25.185
SAT7158,4061504037158,12,20.085
SAT7165,4061504037165,8,20.085
MPE8667-PR-ML,190602498241,2,12.95
MPE8677-BK-X3,190602498944,1,22.55
MPE93-BK-S0,849663057842,3,2.95
MPE93-BK-M0,849663057859,3,2.95
MPE93-BK-L0,849663057866,4,2.95
MPE93-BK-X0,849663057873,3,2.95
MPE93-HP-X0,849663058030,3,2.95
MPE93-HP-S0,849663058009,9,2.95
MPE93-HP-M0,849663058016,1,2.95
MPE93-HP-L0,849663058023,5,2.95
MPE93-RD-L0,849663057989,5,2.95
MPE93-RD-S0,849663057965,4,2.95
MPE93-RD-M0,849663057972,5,2.95
MPE93-RD-X0,849663057996,6,2.95
MPE93-TQ-X0,849663058115,8,2.95
MPE93-TQ-S0,849663058085,0,2.95
MPE93-TQ-M0,849663058092,10,2.95
MPE93-TQ-L0,849663058108,0,2.95
MPE97-BK-L0,190602224154,3,4.55
MPE97-BK-S0,190602224130,1,4.55
MPE97-BK-M0,190602224147,3,4.55
MPE97-BK-X0,190602224161,6,4.55
MPE97-WH-S0,190602224178,1,4.55
MPE97-WH-M0,190602224185,3,4.55
MPE97-WH-L0,190602224192,4,4.55
MPE97-WH-X0,190602224208,3,4.55
SHTREA149GLOBLU,8714273520272,3,34.95
SHTREA149GLOPNK,8714273520296,2,34.95
SHTREA159TUR,8714273520876,10,18.95
SHTREA159TRA,8714273520883,8,18.95
SHTREA155PNK,8714273520562,7,29.95
SHTREA155TUR,8714273520586,6,29.95
SHTREA142GLOBLU,8714273519931,0,14.95
SHTREA142GLOGRN,8714273519948,16,14.95
SHTREA144GLOBLU,8714273520012,14,23.95
SHTREA144GLOPNK,8714273520036,8,23.95
SHTREA145GLOPUR,8714273520081,10,29.95
SHTREA145GLOBLU,8714273520050,8,29.95
SHTREA117FLE,7423522626627,5,17.95
SHTREA117TAN,7423522626634,6,17.95
SHTREA139FLE,8714273521422,0,29.95
MPE1075-BK-SM,849663059846,0,3.55
MPE1075-BK-ML,849663059853,0,3.55
MPE1075-WH-ML,849663059860,6,4.55
MPE1075-WH-SM,849663059877,5,4.55
BI-026246,6959532333985,50,5.6
BI-014963,6959532334067,8,18.55
WS90924,713079909241,28,9.95
WS90944,713079909449,34,9.95
WS90934,713079909340,36,9.95
WS90930,713079909302,217,1.2
WS90940,713079909401,292,1.2
WS90920,713079909203,110,1.2
DK2002,850040628029,8,6.65
DK2004,850040628036,6,6.65
DK2014,850040628111,6,6.65
DK2016,850040628128,10,6.65
DK4000,850040628074,1,10.5
SAT6551,4061504038551,2,30.585
SAT6544,4061504038544,16,31.185
SAT6537,4061504038537,25,32.985
SAT6019,4061504044019,6,21.585
SAT6975,4061504043975,3,21.285
SAT6982,4061504043982,1,21.285
SAT6574,4061504051574,1,15.885
SAT6814,4061504043814,5,16.785
SAT6571,4061504036571,16,28.785
SAT6588,4061504036588,4,28.785
SAT6595,4061504036595,2,26.985
SAT6601,4061504036601,6,26.985
OLL5111770-BK-S0,841143195990,7,17
OLL5111770-BK-M0,841143195969,14,17
OLL5111770-BK-L0,841143195938,20,17
OLL5111770-BK-X0,841143196027,31,17
OLL5111807-BK-X0,841143195389,8,19
OLL4011290-BK-XL,841143174629,3,20
OLB5111313-PK-LX,841143175336,4,19
OLB5011302-LA-SM,841143174704,21,14
OLB5011302-LA-LX,841143174698,24,14
OLB7211842-LA-LX,841143174919,1,16
OLB4011311-BK-SM,841143175381,3,14
OLB4011311-BK-LX,841143175374,17,14
OLL4011291-LM-LX,841143174674,4,15
OLL5211800-BK-S0,841143195426,13,19
OLL5211800-BK-M0,841143195419,5,19
OLL5211800-BK-L0,841143195372,17,19
OLL5211800-BK-X0,841143195433,23,19
OLL5211848-WH-L0,841143175015,4,16
OLL5211848-WH-X0,841143175046,14,16
OLL7511283-WH-L0,841143198205,3,21
OLL4011800-WH-S0,841143174834,2,23
OLL4011800-WH-M0,841143174827,1,23
OLL4011800-WH-L0,841143174810,2,23
OLL4011800-WH-X0,841143174841,17,23
OLL6211288-BL-XL,841143197703,1,16
OLB5211779-FH-X2,841143186448,1,13
OXHUJ138-CLRICE,840215123176,5,24.5
OXHUJ138-TARICE,840215123169,7,24.5
OXHUJ132-CLRICE,840215121394,6,9.5
OXHUJ132-TARICE,840215121387,6,9.5
OXHUJ135-CLRICE,840215121509,12,24.5
OXHUJ135-TARICE,840215121493,9,24.5
OXHUJ134-CLRICE,840215121462,7,16
OXHUJ134-TARICE,840215121455,5,16
OXHUJ133-CLRICE,840215121431,8,23
OXHUJ133-TARICE,840215121424,11,23
SW1067,850047085108,77,25
NXTOR001,5060274221599,9,42.5
NT3099-1,782631309911,4,34.9
NT3099-2,782631309928,6,34.9
VI-P2213,792816281659,65,24.75
VI-BU-0901,792816281666,36,29.25
VI-P2108,792816281611,17,24.75
VI-F1509,792816281581,38,27
CYEM3106,609224031755,5,48.95
CYEM3107,609224031762,3,54.45
CYEM3175,609224031984,0,35.75
CYEM3177,0609224031991,6,35.75
SE4349-20,716770103796,7,36.85
SE4349-25,716770103802,10,39.95
SE4349-30,716770103819,8,48.6
SE4351-12,716770103789,5,64.95
SE0850-05,716770104359,15,31.47
SE0850-15,716770104366,22,34.5
SE0850-25,716770104373,32,34.5
SE2700-41,716770104816,48,4.2
SE2700-42,716770104823,32,4.2
SE2700-47,716770104830,38,5.5
SE2700-75,716770104472,24,19.85
SE2702-97,716770104007,19,5.1
SE2702-98,716770104014,20,5.1
SE2702-01,716770104311,14,9.7
SE2702-02,716770103857,23,11.85
SE2702-03,716770103956,14,8.85
SE2702-04,716770103963,28,11.7
SE2702-07,716770103970,12,7.45
SE2702-14,716770103994,24,7.1
SE2700-40,716770104809,32,4.2
SE2702-90,716770104878,15,3.25
SE4300-50,716770104854,11,72.25
SE0615-15,716770103949,22,43.1
SE4410-64,716770103901,15,22.6
SE4410-77,716770104304,13,4.2
SE0882-20,716770104526,8,10.1
SE1841-22,716770104410,15,19.6
SE1843-35,716770104434,12,21.85
SE4410-70,716770103918,15,51.75
SE2410-12,716770103895,16,6.85
SE0912-45,716770104137,8,20.45
SE0255-05,716770104243,13,23.7
SE0255-10,716770104250,4,23.7
SE0255-25,716770104267,13,32.85
SE0255-30,716770104274,11,32.85
CN-14-0540-46,653078943450,26,25.15
CN-14-0541-42,653078943467,40,23.5
CN-14-0542-33,653078943474,35,25.15
CN-14-0543-51,653078943481,11,18.753
CN-14-0544-46,653078943498,12,19.551
CN-14-0545-42,653078943504,10,19.551
CN-14-0546-33,653078943511,15,19.551
CN-14-0547-51,653078943528,11,19.551
CN-11-0417-32,653078943436,11,17.8
XRAH148,848518051400,22,37.26
XRAH056,848518048912,1,45.468
XRAH090,848518049452,1,80.454
XRAG451-3XL,848518048158,1,12.166
XRAG766-Purple,848518044761,13,8.73
LITBG-106,685634103671,37,10.725
ANE0014-16,894757001416,9,35
MEP307-BL-OQ,671241118696,0,21.95
MEP310-BL-LX,671241118771,2,21.95
LP6017623,3700436017623,10,34.49
MEP311-BL-SM,671241118795,0,20.95
MEP311-BL-LX,671241118801,9,20.95
MEP400-BL-SM,671241118917,16,6.95
MEP400-BL-LX,671241118924,29,6.95
MEP400-BL-OQ,671241118931,30,7.95
MEP400-RD-OQ,671241118900,19,7.95
MEP400-RD-SM,671241118887,34,6.95
MEP400-RD-LX,671241118894,30,6.95
MEP400-BK-LX,671241118863,38,6.95
MEP400-BK-SM,671241118856,0,6.95
MEP400-BK-OQ,671241118870,3,7.95
MEP401-BK-OQ,671241118962,0,6.95
MEP401-BK-LX,671241118955,16,5.95
MEP401-RD-LX,671241118986,8,5.95
MEP401-RD-SM,671241118979,0,5.95
MEP401-RD-OQ,671241118993,11,6.95
MEP401-BL-OQ,671241119020,5,6.95
MEP401-BL-LX,671241119013,18,5.95
MEP345-PK-LX,671241119792,10,18.95
LP6017647,3700436017647,10,34.49
LP6017609,3700436017609,13,34.49
MEP345-PK-SM,671241119785,4,18.95
LP6017661,3700436017661,16,34.49
MEP346-PK-LX,671241119853,1,19.95
MEP318-LM-SM,671241119242,14,18.95
MEP318-LM-LX,671241119259,18,18.95
MEP318-LM-OQ,671241119266,13,20.95
MEP317-LM-OQ,671241119204,13,26.95
MEP317-LM-SM,671241119181,31,24.95
MEP317-LM-LX,671241119556,39,24.95
MEP344-OR-LX,671241119617,6,19.95
LP6072868,3700436072868,5,75
MEP344-OR-SM,671241119600,0,19.95
MEP341-BK-LX,671241119402,23,21.95
MEP341-BK-SM,671241119396,17,21.95
MEP343-BK-LX,671241119525,4,20.95
LITCP-1103,817717011034,0,3.2175
LITCP-1109,817717011096,43,2.145
LITCP-1100,817717011003,22,3.2175
LITCP-1098,817717010983,48,7.15
LITCP-1104,817717011041,48,3.85
LITCP-1111,817717011119,74,4.4
LITCP-1105,817717011058,0,3.85
LITCP-1101,817717011010,57,6.6
LITCP-1091,817717010914,20,3.3
LITLGP-029,685634103626,77,4.4
LITLGP-032,685634103664,73,3.85
7757-71,3701411600526,23,9.08
FTAF975-BK-ML,657447311000,3,16
FTGL2119-GLW-LX,657447311628,4,20
FTGL2119-GLW-ML,657447311611,2,20
FTGL2126-MT-OS,657447311888,1,11
FTGL2126-MT-OQ,657447311895,5,11
JJBULAMEG,5060170972670,7,32.5
JJBULAMPR,5060170972687,6,32.5
JJBULDULI,5060170972649,0,32.5
JJBULVIPW,5060170972656,7,32.5
HPB-868B,710022363129,14,74.9
MEP166-BK-OS,671241118504,30,15.95
MEP166-TQ-OS,671241118511,3,15.95
MPE8732-PK-LX,190602587624,2,12.95
MPE7481-WH-LX,190602586351,9,18.95
MPE8752-BK-LX,190602586528,9,22.95
MPE8752-BK-SM,190602586511,1,22.95
MPE8762-BK-LX,190602588300,8,17.95
MPE7489-BK-X4,190602588522,6,18.55
MPE2720-RBW-LX,190602588935,2,19.95
NSN-0211-05,657447107122,5,27.9
NSN-0326-02,657447107290,10,14.7
NSN-0326-09,657447107306,8,14.7
NSN-0326-27,657447107344,6,18.7
NSN-0326-34,657447107351,18,21.7
NSN-0326-37,657447107368,14,21.7
NSN-0326-51,657447107399,8,27.7
NSN-0381-07,657447107542,14,12.95
NSN-0381-08,657447107535,15,12.95
LGPTM,860010197516,15,62.5
NSN-0381-24,657447107566,1,14.45
LGBTM,860010197523,28,62.5
NSN-0405-53,657447106736,14,13.3
NSN-0409-31,657447106668,4,26.7
NSN-0409-32,657447106675,5,26.7
NSN-0409-35,657447106705,16,26.7
FCM82421,638054824213,11,5.4
MPE2727-BK-LX,190602589079,13,23.95
NSN-0964-04,657447107047,10,6.45
NSN-0964-05,657447107054,2,6.45
NSN-0964-07,657447107061,0,6.45
NSN-0964-14,657447107078,16,8.6
NSN-0964-15,657447107085,11,8.6
NSN-0964-17,657447107092,18,8.6
NSN-0966-04,657447107504,0,6.2
NSN-0966-05,657447107511,10,6.2
NSN-0966-07,657447107528,13,6.2
NSN-0966-11,657447107474,15,5.95
NSN-0966-29,657447107481,6,5.95
NSN-0966-39,657447107498,12,5.95
MPE2727-BK-X4,190602589093,1,26.55
FCM82504,638054825043,16,5.7
FCM82505,638054825050,8,5.7
FCM88162,638054881629,8,5.7
FCM88167,638054881674,1,5.7
FCM88186,638054881865,9,5.7
NSN-1302-04,657447106798,5,9.95
NSN-1302-44,657447106880,4,5.85
NSN-1302-49,657447106897,0,5.85
NSN-1302-61,657447106811,18,11
NSN-1303-01,657447106903,9,7.95
NSN-1303-11,657447106927,15,7.75
NSN-1303-12,657447106934,13,7.75
NSN-1303-25,657447106965,17,7.75
NSN-1303-26,657447106972,21,7.75
NSN-1304-41,657447107009,0,20.35
BL31212,819835029663,8,15.435
BL38215,819835029670,13,22.295
BL11580,819835029694,14,9.989
BL11862,819835029700,3,11.543
BL10482,819835029687,14,8.785
BL18521,819835029724,6,7.035
BL10692,819835029717,22,9.387
BL99984,819835029212,6,2.289
BL60813,819835029595,8,39.27
FCM88101,638054881018,56,8.4
FCM88114,638054881148,3,8.4
BL84063,819835029199,1,11.34
BL84043,819835029151,14,11.34
GW2306-BL-OS,703674868203,10,14.95
GW2310-NO-OS,703674867947,8,14.95
BL28504,819835029489,14,27.559
BL06309,819835029250,11,8.701
BL06419,819835029274,23,8.848
BL06519,819835029267,14,8.918
GW2330-BL-OS,703674867909,7,15.95
BL20129,819835029243,19,3.549
BL72309,819835029229,10,4.963
BL61309,819835029236,16,7.917
GW2335-RD-OS,703674868166,4,10.95
WR2248,9781956562248,9,6.5
HPB-781G,794568044759,3,22.75
MPE2717-BK-LX,190602588836,2,14.95
MPE8740-WH-X0,190602587587,10,19.95
HP3404,818631034048,7,35
HP3405,818631034055,7,20
HP3406,818631034062,10,28
HP3423,818631034239,29,8.25
HP3514,818631035144,16,15
HP3504,818631035045,13,79.85
HP3505,818631035052,12,79.85
HP3506,818631035069,7,20
HP3509,818631035090,1,6
HP3482,818631034826,33,3
HP3507,818631035076,25,13
HP3508,818631035083,11,7.5
HP3524,818631035243,23,2.2
HP3525,818631035250,2,2.2
HP3527,818631035274,18,2.2
HP3529,818631035298,17,2.2
HP3526,818631035267,16,2.2
HP3528,818631035281,29,2.2
HP3523,818631035236,23,6
MPE8751-BK-LX,190602586504,22,14.95
MPE8751-BK-SM,190602586498,2,14.95
MPE8756-BK-LX,190602588126,11,12.95
DJ0682-27,782421086008,27,10.63
DJ5200-40,782421085377,5,38.8
DJ5200-41,782421086053,5,38.8
DJ5210-07,782421085513,1,38.8
DJ5510-07,782421085520,0,14.57
DJ5510-40,782421085384,14,14.56
DJ5510-41,782421086060,17,14.56
DJ8160-24,782421086046,7,47.18
DJ8160-26,782421086695,12,43.8
DJ8160-27,782421086701,7,43.8
DJ5206-25,782421085988,12,24.97
DJ5206-26,782421085995,10,24.97
DJ3701-01,782421084035,18,9.33
DJ3701-02,782421084059,7,9.93
DJ3701-03,782421084080,30,6.85
DJ3705-01,782421086459,16,14.77
DJ3705-02,782421086466,9,13.67
DJ3705-03,782421086473,12,11.87
DJ3705-04,782421086480,17,24.02
DJ3705-05,782421086497,11,33.17
DJ0990-31,782421086602,4,32.47
SPU-701RD,669729001387,9,10.325
SPU-701SIL,669729001462,6,10.325
SPU-702RD,669729001394,9,13.265
SPU-702SIL,669729001479,11,13.265
SPU-706BK,669729001356,10,17.234
SPU-706RD,669729001431,8,17.234
SPU-706SIL,669729001516,4,17.234
COO1009-03,638258904551,52,6.85
COO1009-07,638258904568,0,11.25
COO1009-12,638258904575,28,14.95
FE-LL-7204-06,663546904296,28,16
FE-LL-7205-15,663546904357,14,12.5
FE-LL-7206-01,663546904364,66,20
FE-LL-7206-06,663546904319,61,20
FE-LL-7207-06,663546902933,23,7.5
FE-LL-7207-01,663546902940,47,7.5
FE-LL-7209-06,663546905040,27,5.5
FE-LL-7209-01,663546905057,63,6.5
FE-LL-7212-01,663546905101,0,22.5
FE-LL-7213-01,663546905125,63,20
FE-LL-7214-01,663546905156,58,15
FE-LL-7215-06,663546905170,4,13.125
FE-LL-7215-15,663546905163,50,17.5
FE-LL-7216-01,663546905194,54,20
COO1022-07,638258904681,33,9.75
LW-007NAV,4890808278475,2,72.5
LW-001PUR,4890808278246,7,92.5
LW-020RG,4890808279021,3,65
LW-049,4890808278239,18,22.5
GX-LQ-1973,844477021973,0,10.99
STH11448-BR-X4,840091732752,2,18
STH11485-RD-X4,840091733278,1,18
STH11519-BL-X4,840091734398,3,17
STH11519-BL-X2,840091734381,0,17
CRC-SKTTGS,5037353008822,5,20
STH11519-BL-S0,840091734282,0,16
STH11519-BL-M0,840091734299,0,16
STH11519-BL-L0,840091734305,0,16
STH11519-BL-X0,840091734312,3,16
STH11549-BL-X0,840091735302,12,16.5
CRC-SKTTW,5037353008839,5,20
STH11549-BL-M0,840091735289,0,16.5
STH11549-BL-L0,840091735296,0,16.5
STH11481-BB-S0,840091732301,7,16
STH11481-BB-M0,840091732318,4,16
STH11481-BB-L0,840091732325,13,16
STH11481-BB-X0,840091732332,19,16
FE-FF-1040-2D,663546906351,17,50
FE-FF-1040-04,663546906344,9,50
STH11516-RD-S0,840091733957,5,17
CRC-PWMBB1,5060811120057,6,19.17
STH11516-RD-M0,840091733964,2,17
STH11516-RD-L0,840091733971,11,17
STH11516-RD-X0,840091733988,15,17
STH11516-LA-X0,840091733940,9,17
STH11516-LA-M0,840091733926,5,17
STH11516-LA-L0,840091733933,5,17
CRC-PWMBOS1,5060811120026,20,8.2
STH11514-RD-L0,840091733759,33,15.5
STH11514-RD-S0,840091733735,25,15.5
CRC-PWMBOS1-B,5060811120163,25,8.2
STH11514-RD-M0,840091733742,33,15.5
STH11514-RD-X0,840091733766,33,15.5
CRC-PWMPIL-1-PP,5060811120040,11,25.62
STH11515-LA-L0,840091733858,1,17
STH11515-LA-X4,840091733803,0,18
STH11534-LA-S0,840091734565,1,17
STH11534-LA-M0,840091734572,2,17
STH11534-LA-L0,840091734589,10,17
STH11534-LA-X0,840091734596,12,17
STH11534-BK-X0,840091734558,15,17
STH11534-BK-S0,840091734527,16,17
STH11534-BK-M0,840091734534,16,17
STH11534-BK-L0,840091734541,16,17
STH11534-BK-X4,840091734619,1,18
STH11495-BK-X0,840091733537,9,16.5
STH11495-BK-S0,840091733506,6,16.5
STH11495-BK-M0,840091733513,4,16.5
STH11495-BK-L0,840091733520,8,16.5
STH11495-BK-X2,840091733582,3,17.5
STH11495-BK-X4,840091733599,5,17.5
STH11495-RD-X4,840091733612,12,17.5
STH11495-RD-X2,840091733605,6,17.5
STH11495-RD-S0,840091733544,7,16.5
STH11495-RD-M0,840091733551,7,16.5
STH11495-RD-L0,840091733568,8,16.5
STH11495-RD-X0,840091733575,13,16.5
STH11546-BK-L0,840091735005,3,19.5
BB338795-BK-S0,017036519819,28,8.125
BB338795-BK-L0,017036518898,19,8.125
BB338796-BK-S0,017036521645,31,8.125
BB338796-BK-M0,017036521416,38,8.125
BB338796-BK-L0,017036521409,31,8.125
BB338815-BK-S0,017036524431,6,8.775
BB338816-BK-L0,017036525049,1,9.75
BB338817-BK-S0,017036526442,8,9.75
BB338817-BK-M0,017036525759,5,9.75
BB338817-BK-L0,017036525346,16,9.75
KK-NK-BLOWME,850041942483,4,2.5
KK-NK-RAINBOWPENIS,850041942506,17,2.5
KK-NK-SWALLOW,850045911560,1,2.5
KK-NK-GIVINGHEAD,850049885164,1,2.5
KK-NK-BDAYSEX,850041942537,11,2.5
KK-GB-GREEN,850041942025,10,4
KK-WP-SQUIRT,850045911980,6,7.5
KK-WP-SWEATPANTS,850045911997,5,7.5
KHE-BGC34,825156111215,10,4.5
KK-WP-TRIPPIN,850049885003,5,7.5
KK-WP-PLADY,850045911966,9,7.5
KHE-BGR14,825156111239,5,11
KHE-BGR124,825156111147,9,8.5
KHE-BGR232,825156111178,6,6
KK-NS-TRITIP,850045911904,6,4.5
KK-NS-LOVECUMS,850045911829,2,4.5
KK-NS-RAINBOWPENIS,850045911843,14,4.5
KHE-BGD18,825156111222,10,8.5
KK-NK-RAINBOWPENIS-6,850049885249,11,15
KK-NK-BOX-6,850049885058,10,10.5
KK-NK-SWALLOW-6,850049885348,11,10.5
KK-NK-BDAYSEX-6,850049885072,3,15
KK-NK-STRIPPERLOIN,850049885324,6,2.5
KK-NK-STEAKBJ-6,850049885300,5,15
SHTOU818MPU,8714273493422,11,29.95
SHTOU818ROS,8714273493354,17,29.95
SHTOU819MPU,8714273493705,9,19.95
SHTOU819ROS,8714273493637,15,19.95
SHTOU820MPU,8714273493989,16,27.95
SHTOU820ROS,8714273493910,13,27.95
PM000-64,813356000064,11,28.12
PM002-17,813356000217,10,28.12
PM001-70,813356000170,9,15.47
PM000-71,813356000071,2,15.47
SHTOU821MPU,8714273494269,8,35.95
SHTOU821ROS,8714273494191,4,35.95
SHTOU822MPU,8714273494542,15,19.95
SHTOU822ROS,8714273494474,9,19.95
SHTOU823MPU,8714273494825,15,24.95
SHTOU823ROS,8714273494757,3,24.95
SHTOU824MPU,8714273495105,8,32.95
SHTOU824ROS,8714273495037,5,32.95
SHTOU825BLKML2,8714273492975,11,39.95
SHTOU825BLKXLXXL2,8714273493118,19,39.95
SHTOU825BLKXSS2,8714273492906,10,39.95
SHTOU826BLKML2,8714273493835,12,39.95
SHTOU826BLKXLXXL2,8714273493040,8,39.95
SHTOU826BLKXSS2,8714273493187,17,39.95
SHTOU827BLKML2,8714273493392,13,37.95
SHTOU827BLKXLXXL2,8714273493460,14,37.95
SHTOU827BLKXSS2,8714273493323,14,37.95
SHTOU828BLKML2,8714273493606,4,37.95
SHTOU828BLKXLXXL2,8714273493675,8,37.95
SHTOU828BLKXSS2,8714273493538,10,37.95
SHTOU829BLKML2,8714273493811,13,36.95
SHTOU829BLKXLXXL2,8714273493880,12,42.95
SHTOU829BLKXSS2,8714273493743,16,42.95
SHTOU830BLKML2,8714273494023,2,42.95
SHTOU830BLKXLXXL2,8714273494092,9,42.95
SHTOU830BLKXSS2,8714273493958,2,42.95
SHTOU831BLKML2,8714273494238,9,42.95
SHTOU831BLKXLXXL2,8714273494306,9,42.95
SHTOU831BLKXSS2,8714273494160,10,42.95
SHTREA141GLOPNK,8714273519917,0,10.5
SHTREA142GLOPNK,8714273519955,0,14.95
SHTREA143GLOPNK,8714273519993,0,16.95
SHTREA143GLOPUR,8714273520005,0,16.95
SHTREA144GLOPUR,8714273520043,13,23.95
SHTREA147GLOPNK,8714273520159,13,16.95
SHTREA147GLOPUR,8714273520166,17,16.95
SHTREA148GLOPNK,8714273520258,6,17.95
SHTREA148GLOPUR,8714273520265,0,17.95
SHTREA149GLOPUR,8714273520302,6,34.95
SHTREA150PNK,8714273520326,19,6.95
SHTREA150PUR,8714273520333,21,6.95
SHTREA152PNK,8714273520418,12,11.95
SHTREA152PUR,8714273520425,16,11.95
SHTREA153PNK,8714273520463,10,13.95
SHTREA153PUR,8714273520470,5,13.95
SHTREA154PNK,8714273520517,17,19.95
SHTREA154PUR,8714273520524,16,19.95
SHTREA157PNK,8714273520807,6,13.95
SHTREA157PUR,8714273520814,10,13.95
SHTREA158PNK,8714273520661,11,10.5
SHTREA158PUR,8714273520678,8,10.5
SHTREA161PNK,8714273522801,10,5.95
SHTREA161PUR,8714273522665,11,5.95
SHTREA162PNK,8714273520760,13,10.95
SHTREA162PUR,8714273520777,19,10.95
SHTINN001GLD,8714273532084,0,54.95
SHTINN001SIL,8714273532091,3,54.95
BLM4020,4890808264546,10,15
BLM4021,4890808264553,25,10
BLM4022,4890808264560,16,10
BLM4023,4890808264577,10,12.5
BLM4024,4890808264584,11,12.5
BLM4025,4890808264591,28,10
BLM4026-BLU,4890808264607,6,7.5
BLM4027-BLU,4890808264614,6,7.5
BLM4032-BLU,4890808264676,16,15
BLM4033-BLU,4890808264690,16,9
BLM4037-BLU,4890808264874,9,9
BLM4038-BLU,4890808264799,9,10
BLM4039-BLU,4890808264812,4,10
BLM4040-BLU,4890808264836,10,10
BLM4041-BLU,4890808264850,11,10
RK-10NIYA1BU,811041015256,8,31.15
RK-10NIYA4BU,811041015232,17,24.5
RK-10NIYA6BU,811041015218,18,29.05
SHU8202,697309082020,10,16
SHU0150,697309150002,23,6.5
VD-GL4998,812024034998,5,23.76
VD-GL5001,812024035001,10,23.76
VD-GF8280,645457148280,7,3.9
PP9406-BK-S0,8932130194064,28,19.95
PP9406-BK-M0,8932130294061,20,19.95
PP9406-BK-L0,8932130394068,30,19.95
PP9406-BK-X0,8932130494065,33,19.95
PP9409-BK-S0,8932130194095,22,20.95
PP9409-BK-M0,8932130294092,22,20.95
PP9409-BK-L0,8932130394099,22,20.95
PP9409-BK-X0,8932130494096,22,20.95
PP9332-GR-S0,8932130193326,6,19.95
PP9332-GR-M0,8932130293323,13,19.95
PP9332-GR-L0,8932130393320,13,19.95
PP9332-GR-X0,8932130493327,17,19.95
PP914-BL-S0,8932130509141,31,11.95
PP914-BL-M0,8932130609148,29,11.95
PP914-BL-L0,8932130709145,30,11.95
PP914-BL-X0,8932130809142,30,11.95
PP8768-RD-S0,8932130587682,9,10.95
PP9113-PK-L0,8932130391135,6,20.5
PP9113-PK-X0,8932130491132,5,20.5
PP8768-RD-M0,8932130687689,13,10.95
PP8768-RD-L0,8932130787686,6,10.95
PP8768-RD-X0,8932130887683,9,10.95
PP8936-BS-S0,8932130189367,36,14.95
PP8936-BS-M0,8932130289364,36,14.95
PP8768-WH-S0,8932132587680,16,10.95
PP8768-WH-M0,8932132687687,13,10.95
PP8768-WH-L0,8932132787684,21,10.95
PP8768-WH-XL,8932132887681,20,10.95
PP8936-BS-L0,8932130389361,35,14.95
PP8936-BS-X0,8932130489368,31,14.95
PP330-BK-OS,8932130103301,13,16.95
PP339-BK-OS,8932130103394,1,14.95
PP303-BK-OS,8932130103035,0,11.95
IBIC2328,847841023283,24,10
IBIC2329,847841023290,26,10
IBIC2419,847841024198,14,15
IBIC2423,847841024235,9,15
IBIC1334,847841013345,11,17.5
IBIC1335,847841013352,7,17.5
IBIC2327,847841023276,7,6.65
IBIC2330,847841023306,14,6.65
IBIC2331,847841023313,5,6.65
IBIC2508,847841025089,11,6.65
IBIC2510,847841025102,8,6.65
IBIC2511,847841025119,5,16.25
IBIC2638,847841026383,11,6.65
IBIC2639,847841263924,21,6.65
IBIC2659,847841026598,6,6.65
IBIC2668,847841026680,13,6.65
IBIC2669,847841026697,15,6.65
IBIC2670,847841026703,9,6.65
IBIC2671,847841026710,21,6.65
IBIC2850,847841028509,9,6.65
IBIC2851,847841028516,19,6.65
IBIC2852,847841028523,9,6.65
IBIC2853,847841028530,13,6.65
IBIC2527,847841025270,12,6.65
IBIC2528,847841025287,12,6.65
IBIC2529,847841025294,5,6.65
IBIC2531,847841025317,9,6.65
SENVL620,855559008294,14,7.98
SENVL617,855559008263,14,7.98
SENVL616,855559008256,6,7.98
SENVL615,855559008249,14,7.98
SENVL619,855559008287,23,7.98
SENVL618,855559008270,25,7.98
BWX606,848416009770,41,20.265
BWX608,848416009794,25,20.265
BWX609,848416009800,34,20.265
BWX611,848416009824,36,20.265
BWX614,848416009992,7,38.95
BWX615,848416010004,20,25.165
BWX612,848416009978,24,25.165
BWX165,848416010431,15,47.6
BWX164,848416010424,35,41.65
XGCS103,848416010387,13,18.5
XGCS101,848416010363,6,12
GLAS-155,4890808219263,12,15.5
GLAS-156,4890808219270,5,14
GLAS-163,4890808264881,35,20
GLAS-164,4890808264898,11,20
GLAS-165,4890808264904,2,18
GLAS-166,4890808264911,2,18
GLAS-502,4890808250471,2,25
GLAS-508,4890808250532,8,40
GLAS-SET-07,4890808265031,12,45
GLAS-SET-08,4890808265062,5,45
GLAS-SET-09,4890808265079,15,40
GLAS-V1,4890808250556,8,50
GLAS-V2,4890808250563,9,50
GLAS-V3,4890808250570,3,50
KR20051,8720256722618,1,25
KR11044,8720256722519,6,57.5
KR11046,8720256722533,2,64.5
KR20023,8720256722120,3,8.45
KR20024,8720256722168,8,9.95
KR20048,8720256722588,6,40
KR11036,8720256722984,11,23
KR11037,8720256722441,7,15
RGRHA1046-BKBK,5056400304779,0,28.5
RGRL1017-BKBK,5056400304823,0,21
RGRBRG1165-BKRD,5060404818958,2,22.5
RGRMF1019-BK,5060404819511,0,5
RGRMF1019-RD,5060404819528,0,5
RGRMSP1103-BK,5060404819801,0,5
RGRMSP1103-RD,5060404819818,0,5
RGRMOP1123-RD,5060404819832,0,5
RGRMH1176-BK,5056400304885,0,5
RGRMH1176-RD,5056400304892,0,5
WVSNSY4SG3,4251460619745,1,47.5
WVSNSY4SG5,4251460619752,0,47.5
RPRE1SGD,4251460621984,34,35
NXFCR001,5060274221605,42,7.25
NXFCR002,5060274221612,0,9
UMBM-V-HV,5060140201458,8,14
UMBM-V-VE,5060140201465,12,14
UMBM-VR-M45,5060140201434,13,14
UMBM-VR-M55,5060140201441,10,14
BI-210294,6959532334081,42,16.8
BI-BW022093,6959532327403,0,12.1
OR597775,4024144638093,1,40
OR552330,4024144113057,44,36
KX1351-BK-A,850041569765,16,9.4125
KX1351-BK-B,850041569772,19,9.4125
KX1351-BK-C,850041569789,19,9.4125
KX1351-BK-D,850041569796,18,9.4125
KX1352-BK-D,850041569833,1,12.55
KX1352-BK-A,850041569802,10,12.55
KX1352-BK-B,850041569819,12,12.55
KX1352-BK-C,850041569826,0,12.55
KX5000-RD-X0,850041569550,3,5.625
KX5000-RD-2X,850041569567,12,5.625
KX5000-RD-3X,850041569574,15,5.625
KX5000-WH-3X,850041569642,19,5.625
KX5000-WH-2X,850041569635,16,5.625
KX5000-WH-S0,850041569598,1,5.625
KX5000-WH-L0,850041569611,4,5.625
KX5000-WH-X0,850041569628,21,5.625
KX4000-BK-X0,850034934129,33,5.625
KX4000-BK-2X,850034934136,15,5.625
KX4000-BK-3X,850034934143,14,5.625
KX2000-BK-S0,850017512955,1,8.625
KX2000-BK-L0,850017512979,3,8.625
KX2000-BK-X0,850017512986,5,8.625
KX2000-BK-3X,850034934006,3,8.625
KX3000-BK-3X,850034934082,18,8.625
KX3000-BK-2X,850034934068,14,8.625
KX3000-BK-S0,850034934020,17,8.625
KX3000-BK-M0,850034934037,22,8.625
KX3000-BK-L0,850034934044,23,8.625
KX3000-BK-X0,850034934051,27,8.625
KXBS222-BK-3X,850041569741,13,16.4925
WR-KEY-035,785571087130,8,6.5
WR-KEY-036,785571087147,1,6.5
OLB4011353-BK-S0,841143177545,14,12.35
OLB4011353-BK-M0,841143177538,11,12.35
OLB4011353-BK-L0,841143177521,23,12.35
OLB4011353-BK-X0,841143177552,30,12.35
OLB5111349-BK-S0,841143177446,35,18.2
OLB5111349-BK-M0,841143177439,37,18.2
OLB5111349-BK-L0,841143177422,35,18.2
OLB5111349-BK-X0,841143177453,39,18.2
OLB5111349-BK-X2,841143178597,29,18.85
OLB5211330-BK-X2,841143178535,28,12.35
OLB5211330-BK-SM,841143177095,22,11.7
OLB5211330-BK-LX,841143177088,35,11.7
OLB4011365-BK-S0,841143177262,13,13.65
OLB4011365-BK-M0,841143177255,10,13.65
OLB4011365-BK-L0,841143177248,26,13.65
OLB4011365-BK-X0,841143177279,31,13.65
OLB7111365-BK-X0,841143177613,1,16.9
OLB5211366-BK-X2,841143176968,1,11.7
OLB5211366-BK-LX,841143176999,20,11.05
OLB6111321-BK-X0,841143177392,9,16.9
OLB6111321-BK-2X,841143177354,6,17.55
OLB7011355-BK-S0,841143177224,11,18.2
OLB7011355-BK-M0,841143177217,5,18.2
OLB7011355-BK-L0,841143177200,8,18.2
OLB7011355-BK-X0,841143177231,24,18.2
OLB5111327-BK-X0,841143177156,3,13.65
OLB5111327-BK-1X,841143177101,22,14.3
OLB5111327-BK-2X,841143177118,26,14.3
OLB5111345-BK-S0,841143176883,8,11.7
OLB5111345-BK-M0,841143176876,13,11.7
OLB5111345-BK-L0,841143176869,19,11.7
OLB5111345-BK-X0,841143176890,28,11.7
OLB5111345-BK-1X,841143178559,20,12.35
OLB5111345-BK-2X,841143178566,18,12.35
OLB4011350-BK-S0,841143177644,3,13
OLB4011350-BK-M0,841143177637,12,13
OLB4011350-BK-L0,841143177620,14,13
OLB4011350-BK-X0,841143177651,34,13
NB001680,694182022112,0,30.42
NB001550,694182020613,0,23.1
NB001649,694182021801,0,23.1
NB001671,694182022020,0,7.32
NB001673,694182022044,0,7.32
NB001602,694182213268,0,6.16
NB001641,694182021658,0,13.86
NB001640,694182021641,0,13.86
NB001722,694182022532,0,13.86
NB001642,694182021665,0,26.95
NB001553,694182020644,3,7.62
NB001736,694182022679,0,34.5
NB001450,694182010300,0,50
SF22218,810001685898,11,26.236
AA1133-BK-OS,883045919984,2,21.75
AL46022-BK-SM,883045920188,6,7.5
AL46022-BK-LX,883045920195,12,7.5
AL126082-BK-SM,883045920423,4,9
AL126082-BK-LX,883045920430,11,9
AL46032-BK-LX,883045920232,8,9
AL46032-HP-LX,883045920256,10,9
AL46032-HP-SM,883045920249,3,9
AK120043-PK-OS,883045920119,10,9
AK120063-PK-OS,883045920157,18,9
HPB-679R,794568043592,8,52.5
KX1353-RD-A,850041569840,6,9.4125
KX1353-RD-B,850041569857,14,9.4125
KX1353-RD-C,850041569864,8,9.4125
FSG85439,5060926405094,0,29.5
PB-RS-1621,844477021621,6,42.99
PB-RS-1348,844477021348,6,74.99
PB-RS-1560,844477021560,14,56.99
PB-RS-1218,844477021218,7,36.99
PB-RS-1584,844477021584,12,31.99
PB-RS-1591,844477021591,8,23.793
PB-RS-1355,844477021355,13,44.99
PB-RS-2246,844477022246,16,55.99
PB-RS-2277,844477022277,5,36.99
PB-RS-2284,844477022284,11,36.99
PB-RS-2338,844477022338,13,54.99
PB-RS-2383,844477022383,10,49.99
PB-BP-2253,844477022253,2,36.99
PB-BP-2307,844477022307,11,25.99
PB-RS-2314,844477022314,3,41.99
PB-RS-2437,844477022437,9,69.993
PB-RS-8249,844477018249,7,73.99
PB-RS-2406,844477022406,6,34.99
PB-KB-2444,844477022444,5,39.99
PB-LQ-2062,844477022062,9,10.99
PB-RS-2345,844477022345,8,63.99
PB-RS-2352,844477022352,12,54.99
PB-RS-2376,844477022376,10,36.99
PB-RS-2390,844477022390,13,48.99
LGSTUDWHV-TG,860010197509,65,20.835
WS90472,713079904727,38,6.19
FSG85114,5060926404257,0,52.5
VD-GF-4967,812024034967,4,11.988
VD-GF-4981,812024034981,4,11.988
MPE1102-BK-OS,190602585552,2,8.95
MPE1102-BK-OQ,190602585569,10,9.55
MPE1103-BK-OS,190602585576,12,7.95
MPE1104-BK-OS,190602585590,9,9.95
MPE1104-BK-OQ,190602585606,0,10.55
MPE1106-BK-OQ,190602585644,18,3.95
MPE1106-BK-OS,190602585637,18,3.55
MPE1108-BK-OS,190602585675,4,4.95
MPE1108-BK-OQ,190602585682,7,5.55
MPE1108-WH-OS,190602585699,9,4.95
MPE1108-WH-OQ,190602585705,14,5.55
MPE1109-BK-OS,190602585736,12,2.95
MPE1109-WH-OS,190602585743,14,2.95
MPE1110-WH-OS,190602585767,13,4.55
MPE1110-BK-OS,190602585750,0,4.55
MPE1099-ND-OS,190602311779,12,10.55
MPE1099-ND-OQ,190602311786,4,11.55
MPE1101-ND-OQ,190602403818,5,10.55
MPE1101-ND-OS,190602403801,8,8.95
SS921-26,646709921262,26,8.75
SS921-13,646709921132,11,9.33
SS098-45,646709098452,14,9.91
SS098-43,646709098438,24,8.75
SS098-40,646709098407,24,12.83
MD0070-41,699439007041,0,11
NT3118-1,782631311815,4,39.1
NT3125-1,782631312515,6,21
NT3126-1,782631312614,9,21
HPB-884B,710022363457,14,25.5
HPB-826B,710022363778,0,32.9
KS12061,739122120616,7,14
KS12062,739122120623,18,6.5
KS12063,739122120630,11,6.5
WR-VAF-007,785571087239,6,3
WR-VAF-001,785571087178,0,3
WR-VAF-002,785571087185,0,3
WR-VAF-003,785571087192,1,3
WR-VAF-008,785571087246,12,3
WR-VAF-005,785571087215,0,3
WR-VAF-006,785571087222,15,3
WR-VAF-009,785571087253,12,3
WR-VAF-012,785571087284,18,3
WR-SPA-002,785571087307,13,15
WR-FAN-004,785571087383,0,10
WR-FAN-001,785571087352,0,10
WR-FAN-003,785571087376,0,10
WR-FAN-010,785571087529,29,10
2036-1038,848416010196,0,17.5
CN-09-0940-12,653078943566,1,289.33
CN-09-0942-12,653078943696,1,214.214
CN-07-0593-12,653078943368,1,300
2036-1041,848416010226,12,14
RGRDRC1178-BK,5056400305035,3,11.8
2036-1036,848416010172,3,13
RGRDRC1178-RD,5056400305028,6,11.8
RGRCR1168-RD,5060404819030,2,10.9
RGRFU099,5056400305042,0,6.4
RGRDTW1124-BK,5060404814950,0,40.9
KK-4K-ITS420,850049885522,3,2.5
KK-4K-HIGHTHERE,850049885645,9,2.5
KK-4K-BLUNT,850049885539,8,2.5
KK-4K-FOREPLAY,850049885508,6,1.75
KK-KS-ITS420,850049885577,3,4.5
KK-WP-RAINBOWLEAF,850049885591,14,7.5
KK-WP-PURPLEAF,850049885621,5,5.25
KK-GB-RED,850041942063,1,4
CRC-SKRBBR,5037353008563,14,33.5
XGPO-201,848416012855,24,12
CG-AMONROE-002,671891764151,8,24.99
PDBD104-00,603912772494,23,45
PDBD106-00,603912774009,17,40
PDBD107-00,603912774016,14,40
PDBD108-00,603912774023,29,35
PDBD109-00,603912774054,15,45
PDBD105-00,603912772500,26,75
8284-GVYPK,792264878715,6,5.4
8284-HRTSNAK,792264878753,2,5.4
8286-BUMMELTGBW,792264878142,14,5.4
8284-PLSWT,785123869832,5,4.49
8284-SPDBK,694536303461,16,5.4
8284-BUTGLTBBL,694536307193,11,5.4
8284-DLRGLTGR,785123873242,9,5.4
8284-HRTMELTDISBK,792264877817,6,5.4
8284-STRGLTBK,760921347478,10,5.4
8370-PETPLSSPRBK,792264878593,6,5.4
8370-PETPLSDISPK,694536307230,11,5.4
8370-PETHRTGLTRD,785123871521,15,5.4
8370-PETHRTHOLSL,785123871538,7,5.4
8289-CHNLFIDISGR,792264878678,14,10.5
PD5389-00,603912773910,12,45
PD5390-00,603912773927,2,65
LST245-BK-OQ,845830058247,1,24.95
CRC-SKSEXCSG-01,847878004354,13,10
TNT-12154,019213853761,5,12.6
TNT-12156,019213853785,20,12.6
PF-UB-153,628430541537,18,9.9
PF-UB-150,8101144807622,5,9.9
PF-UB-154,628430541544,6,11
PF-UB-169,8101144808926,5,11
PF-UB-167,8101144808780,12,11
PF-UB-173,628430541667,13,11
LP6073148,3700436073148,10,26
WV26808001,4251460612579,9,64.5
WV26808701,4251460612562,15,64.5
WV26808671,4251460612555,7,64.5
OXAJ1001-BLACK,840215100955,9,16
OXAJ1001-BLB,840215100962,14,16
OXAJ1001-RED,840215100986,12,16
OXAJ1003-BLACK,840215101037,11,16
OXS3025-COOLIC,840215119575,11,12
BH69367SD-BK-OS,809565035430,5,9.1
BH69373SD-BK-OS,809565035508,1,8.775
BH69563CD-BK-OQ,809565037915,0,14.95
BH69565CD-BK-OQ,809565037953,16,9.75
BH69565CD-WH-OQ,809565037960,31,9.75
BH69566CD-BK-OQ,809565037977,21,9.75
BH69566CD-PK-OQ,809565037984,4,9.75
BH69568CD-BK-OQ,809565038011,1,10.725
BH69571CD-BK-OQ,809565038059,0,9.75
BH69577SD-TQ-OS,809565038271,0,10.4
MPE103-BK-SM,190602510585,8,11.95
MPE1017-BK-OS,843993047634,8,12.95
MPE1017-RD-OS,849663061504,3,12.95
MPE1105-BK-OS,190602585613,7,9.95
MPE1017-BK-OQ,190602216203,10,14.55
MPE1105-BK-OQ,190602585620,7,10.55
MPE103-BK-ML,190602510592,9,11.95
MPE2500-BK-S0,190602222372,3,18.95
MPE2500-BK-M0,190602222389,9,18.95
MPE2500-BK-L0,190602222396,21,18.95
MPE2500-BK-X0,190602222402,11,18.95
MPE2716-BK-LX,190602588812,3,13.95
MPE2637-BK-X4,190602506588,1,17.55
MPE6486-WR-LX,190602589789,3,15.95
HPSF-HH70-EA,5022782000059,0,3.67
EN-RD-2710,844477022710,7,70.99
EN-RD-2727,844477022727,7,70.99
EN-RD-2772,844477022772,6,51.99
EN-RD-2789,844477022789,2,51.99
GX-RS-2888,844477022888,12,29.99
GX-PK-2536,844477022536,13,17.99
GX-PK-2543,844477022543,4,17.99
GX-PK-2550,844477022550,12,17.99
GX-RS-2703,844477022703,7,53.99
GX-CR-2598,844477022598,5,33.99
GX-RS-2697,844477022697,3,57.99
GX-RS-1737,844477021737,11,54.99
GX-SP-0990,844477020990,5,39.99
GX-SP-0983,844477020983,11,39.99
GX-SP-2895,844477022895,11,39.99
GX-RS-2864,844477022864,12,66.99
GX-RS-2871,844477022871,8,34.99
ROLI601-TL-L0,019468561855,6,26
ROLI602-BK-S0,019468561923,5,22
ROLI602-BK-M0,019468561916,1,22
ROLI602-BK-L0,019468561909,2,22
ROLI602-BK-X0,019468561930,4,22
ROLI605-LA-L0,019468562159,1,24.5
ROLI605-LA-X0,019468562180,7,24.5
ROLI556-BK-X0,019468559500,8,23.5
ROLI539-BK-OS,019468558664,0,5.5
ROLI539-PK-OS,019468558671,0,5.5
EVA-1555,813686021555,4,19.5
EVA-1562,813686021562,17,19.5
EVA-1579,813686021579,19,19.5
ROLI546-CHC-L0,019468558954,1,20
ROLI546-CHC-X0,019468558985,13,20
ROLI547-GD-L0,019468559104,4,18.5
ROLI547-GD-X0,019468559135,11,18.5
ROLI554-BK-S0,019468559418,15,13.5
ROLI554-BK-M0,019468559401,29,13.5
ROLI554-BK-L0,019468559395,29,13.5
ROLI554-BK-X0,019468559425,20,13.5
ROLI553-BK-S0,019468559371,3,18.5
ROLI553-BK-L0,019468559357,4,18.5
ROLI559-PR-X0,019468559876,1,20
ROLI566-BK-S0,019468560131,14,21
ROLI566-BK-M0,019468560124,13,21
ROLI566-BK-L0,019468560117,15,21
ROLI566-BK-X0,019468560148,20,21
MEP319-PK-LX,671241120156,2,23.95
MEP321-BK-LX,671241120248,8,23.95
MEP321-BK-OQ,671241120255,4,25.95
MEP409-BK-OQ,671241120491,2,7.95
MEP326-BK-SM,671241118221,1,24.95
MEP326-BK-LX,671241118238,3,24.95
MEP327-BK-SM,671241118252,7,25.95
MEP327-BK-LX,671241118269,5,25.95
MEP156-BW-OQ,671241117798,5,22.95
MEP156-BW-SM,671241117774,4,20.95
MEP156-BW-LX,671241117781,5,20.95
LST254-BK-SM,845830090476,0,22.95
LST254-BK-LX,845830090469,1,22.95
LST254-BK-OQ,845830089678,0,24.95
LST258-BK-OQ,845830089715,2,22.95
LST258-BK-LX,845830090544,1,20.95
VD-GL4608,812024034608,6,26.92
MP360280-BK-SM,845830089937,0,8.95
MP360280-BK-LX,845830089920,1,8.95
MP360280-RD-LX,845830089944,1,8.95
MP360280-RD-SM,845830089951,0,8.95
MP409280-RD-SM,845830089838,0,7.95
MP409280-RD-LX,845830089821,0,7.95
MP409280-BK-LX,845830089807,1,7.95
MP409280-BK-SM,845830089814,2,7.95
MPSMS012-BW-LX,845830089517,1,8.95
MPSMS012-BW-SM,845830089524,0,8.95
WS91004,713079910049,70,6.47
BI-BW055013-1,6959532333336,26,26.005
GN1000328,810126930040,0,7.95
GN1000329,810126930033,0,8.95
GN1000330,810126930026,8,9.95
GN1000351,810126930019,3,12.95
GN1000352,810126930057,12,8.95
PL23107-BK-SM,196018419931,11,11
PL23107-BK-ML,196018419924,13,11
PL23107-MT-SM,196018419955,3,11
PL23109-YL-OQ,196018422887,2,10
PL23109-BB-OQ,196018422870,8,10
PL23110-BK-OS,196018419962,11,12.5
PL23110-BK-OQ,196018419979,6,13.5
PL23111-BK-OS,196018419986,9,12.5
PL23111-NGR-OS,196018419993,10,12.5
PL23111-NP-OS,196018420005,7,12.5
PL23112-BK-OS,196018422894,9,9
PL25118-BK-OS,196018422955,18,9
PL25118-BK-OQ,196018422979,4,10
PL25118-NP-OQ,196018422986,6,10
PL25118-NP-OS,196018422962,10,9
PL27055-BK-OS,196018420012,9,8
PL27055-BK-OQ,196018420029,9,9
PL27056-RD-OQ,196018420067,1,9
PL27056-RD-OS,196018420043,7,8
MEMECPL-RBW-X0,3461324162893,1,4.875
MEMECPP-RBW-S0,3461324172106,10,4.875
MEMECPP-RBW-M0,3461324172113,7,4.875
MEMECPP-RBW-L0,3461324172120,1,4.875
MEMECPP-RBW-X0,3461324172137,6,4.875
MEMECPC-RBW-X0,3461324172212,2,4.875
MEMECIK-MT-S0,3461324192135,11,4.875
MEMECIK-MT-M0,3461324192104,7,4.875
MEMECIK-MT-L0,3461324192098,12,4.875
MEMECIK-MT-X0,3461324192081,14,4.875
MEMECCJ-MT-SM,3461324182624,9,4.875
MEMECCJ-MT-M0,3461324182631,4,4.875
MEMECCJ-MT-L0,3461324182648,5,4.875
MEMECCJ-MT-X0,3461324182655,11,4.875
MEMECCF-MT-S0,3461324182549,14,4.875
MEMECCF-MT-M0,3461324182556,12,4.875
MEMECCF-MT-L0,3461324182563,14,4.875
MEMECCF-MT-X0,3461324182570,15,4.875
MEMECCM-MT-S0,3461324182464,16,4.875
MEMECCM-MT-M0,3461324182471,14,4.875
MEMECCM-MT-L0,3461324182488,16,4.875
MEMECCM-MT-X0,3461324182495,20,4.875
MEMEUSAA-MT-L0,3391204172585,2,4.875
MEMEUSAA-MT-X0,3391204172592,3,4.875
IDMLL-17,761236900747,8,45.25
EFF40325-BK-S0,763036327472,5,17.2125
EFF40325-BK-M0,763036327489,9,17.2125
EFF40325-BK-L0,763036327496,4,17.2125
EFF72176-BK-S0,763036327519,7,17.2125
EFF72176-BK-M0,763036327526,11,17.2125
EFF72176-BK-L0,763036327533,8,17.2125
EFF72178-BK-S0,763036327557,10,11.2125
EFF72178-BK-M0,763036327564,3,11.2125
EFF72178-BK-L0,763036327571,11,11.2125
EFF39722-BK-S0,763036327397,7,17.2125
EFF39722-BK-M0,763036327403,2,17.2125
EFF40323-BK-S0,763036327434,1,17.2125
EFF40323-BK-L0,763036327458,2,17.2125
EH73144-BK-S0,763036326970,20,19.95
EH73144-BK-M0,763036326987,16,19.95
EH73144-BK-L0,763036326994,21,19.95
EH73144-BK-X0,763036327007,21,19.95
WVSN00MC1NEN,4251460623827,0,0
WVSN00MK2N,4251460623834,28,0
EH39745-RD-L0,763036325867,1,14.2125
EH39745-RD-X0,763036325874,2,14.2125
EH72198-RD-OS,763036326789,0,3.5
EH36420-BK-X0,763036325317,2,12.95
EH36421-BK-M0,763036325331,4,13.4625
EH36421-BK-L0,763036325348,5,13.4625
EH43514-BK-L0,763036326406,2,19.95
EH73170-BS-S0,763036327267,9,15.95
EH73170-BS-M0,763036327274,17,15.95
EH73170-BS-L0,763036327281,23,15.95
EH73170-BS-X0,763036327298,22,15.95
EH36439-BS-S0,763036325522,14,12.95
EH36439-BS-M0,763036325539,7,12.95
EH36439-BS-X0,763036325553,4,12.95
EH73140-RD-X0,763036326963,6,15.365
BI-014957,6959532327205,0,38.36
BI-014998,6959532334272,21,9.07
BI-014998-1,6959532327748,64,9.07
BI-014998-2,6959532334326,62,9.07
EEC2224-TL-OS,763036324952,1,11.95
BI-014992HP,6959532334227,24,31.58
EH73168-RD-OS,763036327359,1,10.95
EH73168-BK-OS,763036327342,0,10.95
EDCBLM004,8719934001251,10,28
EDCBON021,8719497666621,32,9.1
BALL-CB01,176554006383,36,2.92
BALL-CB02,176554006369,52,2.92
MD0043-23,699439004323,1,225
NTB9102,810120340852,21,29.73
NTB9105,810120340760,20,22.73
NTB9094,810120341057,0,19.73
NTB9092,810120340821,15,19.73
NTB9099,810120340784,0,19.73
NTB9098,810120340838,15,24.73
NTB9097,810120340883,11,29.73
NTB9027,850014891046,14,34.73
NT3129,782631312904,16,11.05
NT3134,782631313406,11,41.35
KK-4K-VIBIN,850049885515,8,2.5
BBL010-22,855951001022,3,14
8635-45,704155585817,6,9.15
OX3084-BLKICE,840215122599,9,16
OX3084-CLRICE,840215122605,12,16
OX3095-CLRICE,840215122711,5,16
EN-RS-1614,844477021614,15,79.99
EN-RS-1607,844477021607,14,72.99
OX3086-BLKICE,840215122803,7,37
OX3086-CLRICE,840215122810,5,37
OX3109-CLRICE,840215122940,44,44.5
NXFCR003,5060274221629,6,30
NXRIDEEX,5060274221636,7,50
IHL1365-BK-S0,828099185787,4,18.95
IHL1365-BK-M0,828099185794,4,18.95
IHL1365-BK-L0,828099185800,6,18.95
IHL2093-BK-M0,828099140823,2,14.95
IHL2093-BK-L0,828099140830,7,14.95
IHL1774-BK-S0,828099182243,0,16.95
IHL1774-BK-M0,828099182250,1,16.95
IHL1774-BK-L0,828099182267,8,16.95
IHL1696-BK-S0,828099121310,2,15.95
IHL1696-BK-M0,828099121327,2,15.95
IHL1698-BK-S0,828099114886,6,15.95
IHL1698-BK-M0,828099114893,7,15.95
IHL1698-BK-L0,828099114909,8,15.95
IHL1961-BK-S0,828099127879,5,15.95
IHL1961-BK-M0,828099127886,4,15.95
IHL1961-BK-L0,828099127893,7,15.95
IHL2095-NV-S0,828099163662,2,13.95
IHL2095-NV-M0,828099163679,6,13.95
IHL2095-NV-L0,828099163686,3,13.95
IHL1423-BK-XS,828099087975,0,3.95
IHL1423-BK-ML,828099087982,0,3.95
IHLB1630-BK-OS,828099054496,12,14.95
IHLB1357-BK-OS,828099185824,6,12.95
CN-07-0597-12,653078943702,24,31.71
IHLB1773-BK-OS,828099167127,1,10.95
IHLB2535-RD-OS,828099123413,0,13.95
ICC77068-BK-1X,828099183783,10,23.95
ICC77068-BK-2X,828099183790,3,23.95
ICC77068-BK-3X,828099183806,6,23.95
ICC77068-BK-S0,828099183745,4,20.95
ICC77068-BK-M0,828099183752,7,20.95
ICC77068-BK-L0,828099183769,9,20.95
ICC77068-BK-X0,828099183776,7,20.95
ICC85050-PK-1X,828099180720,1,20.95
ICC85050-PK-2X,828099180737,1,20.95
ICC85050-PK-3X,828099180744,2,20.95
ICC85050-PK-S0,828099180683,3,18.95
ICC85050-PK-L0,828099180706,7,18.95
ICC85050-PK-X0,828099180713,8,18.95
ICC75003-BK-S0,828099176099,2,18.95
ICC75003-BK-L0,828099176112,4,18.95
ICC75003-BK-X0,828099176129,2,18.95
ICC75003-BK-1X,828099176136,1,20.95
ICC75003-BK-3X,828099176150,3,20.95
SPL-11DBL,669729003244,3,9.744
SPL-11DY,669729003282,3,9.744
SPU-902,669729001707,9,20.79
SPU-903,669729001714,9,22.505
ICG35208-TL-S0,828099186173,8,18.95
BSPR-134,669729003503,16,3.71
BSPR-136,669729003527,1,3.99
ICG35208-TL-M0,828099186180,6,18.95
ICG35208-TL-L0,828099186197,7,18.95
ICG35208-TL-X0,828099186203,9,18.95
BSPR-201,669729002544,2,17.5
ICG34120-BB-S0,828099187477,0,18.95
BSPR-215,669729003084,6,7.525
BSPR-220,669729003138,11,7.525
ICG34120-BB-M0,828099187484,8,18.95
BSPR-230,669729003237,11,7.525
ICG34120-BB-L0,828099187491,3,18.95
ICG34120-BB-X0,828099187507,8,18.95
ICG34108-LB-M0,828099186562,1,17.95
ICG34108-LB-L0,828099186579,2,17.95
ICG34108-LB-X0,828099186586,6,17.95
ICGB34021-BK-OS,828099081836,2,13.95
8284-SUNBABE,792264878906,12,5.4
ELD-LF5302,4890808114834,11,13.5
ELD-LF1378,4890808260128,14,25
ELD-LF1379,4890808260135,18,25
ELD-LF1361RED,4890808062111,17,15.5
ELD-LF1338,4890808042878,6,13.5
ELD-LF1362BLK,4890808062135,11,11
ELD-LF1360BLK,4890808062098,14,20
ELD-LF1372BLK,4890808062173,4,13.5
ELD-LF1337,4890808042861,13,13.5
CDQ22209-BK-M0,883124182582,1,15.95
CDQ22209-BK-L0,883124182599,3,15.95
CDQ22209-BK-X0,883124182605,1,15.95
CDQ22210-BK-OS,883124182612,1,6.5
CDQ22210-BK-X0,883124182629,4,6.5
CDQ22211-PK-OS,883124182636,0,26.4
CDQ22221-BK-X0,883124182797,0,13.75
CDQ22232-BK-OS,883124182858,8,10.45
CDQ22230-PK-OS,883124182841,0,10.45
SOHSS1278-TQ-S0,760299471690,1,13.95
SOHSS1279-CR-2X,760299471782,2,15.5
SOHSS1279-CR-M0,760299471751,2,15.5
SOHSS1279-CR-L0,760299471768,3,15.5
SOHSS1279-CR-X0,760299471775,2,15.5
SOHSS1280-TQ-2X,760299471935,1,12.95
BACATK,679359001749,30,15
BAAAW05,679359001763,19,9.17
BAAAM05,679359001756,21,9.17
BAVIB05,679359001800,22,10
SOHSS1295-BK-2X,760299472888,8,12.95
SOHSS1295-BK-S0,760299472840,2,12.95
SOHSS1295-BK-M0,760299472857,2,12.95
SOHSS1295-BK-X0,760299472871,4,12.95
FTGL2127-NP-OS,657447311901,0,9
FTGL2127-NP-OQ,657447311918,0,9
CP23618,883124183329,0,11
CP23619,883124183336,4,27.5
CP23620,883124183343,2,35.75
CP23621,883124183350,1,22
CP23623,883124183374,1,30.25
CP23624,883124183381,1,13.75
C23504-WH-OS,883124183145,0,29.15
C23507-BL-OS,883124183121,1,32.73
C23503-WH-OS,883124183152,0,32.73
C23503-WH-X0,883124183169,0,32.73
C23502-WH-X0,883124183183,1,31.35
C23502-WH-OS,883124183176,0,31.35
C21P03,PARFTV,0,7.5
BL88269,819835029786,16,20.384
MD0073-31,699439007331,3,140
LP6017500,3700436017500,15,40.5
HP3238-EA,818631000005,48,3.13
SF22574,810001686406,2,10.98
SF22745,810001686765,0,21.48
SF22746,810001686772,0,21.48
SF22747,810001686789,9,21.48
SF22748,810001686796,10,21.48
SF22749,810001686802,9,21.48
LP6033234,3700436033234,7,31.2
LP6033166,3700436033166,13,86.5
LP6033227,3700436033227,12,52
LP6033289,3700436033289,29,26
LP6033296,3700436033296,13,25
CT23605,883124183039,1,30
CT23608,883124183060,0,38.5
CT23606,883124183046,0,55
CT23609,883124183077,0,60
BBL010-39,855951001039,10,28
BBL010-46,855951001046,35,27.5
LW-050WHT,4890808279045,2,60
BV-049BLK,4890808265253,12,85
RR1170-RD-ML,196018419863,9,2.925
RR1171-BK-SM,196018419894,32,2.925
RR1171-BK-ML,196018419887,10,2.925
RR53036-BK-ML,196018420074,55,4.875
RR53036-BK-SM,196018420081,15,4.875
RR53036-RD-SM,196018420104,33,4.875
RR53036-RD-ML,196018420098,43,4.875
RR53037-BK-SM,196018420128,29,7.15
RR53037-BK-ML,196018420111,44,7.15
RR53038-BK-ML,196018420159,52,5.85
RR53038-BK-SM,196018420166,45,5.85
RR53038-FH-SM,196018420180,17,5.85
RR53038-FH-ML,196018420173,43,5.85
AWKN1AFZ,4251460604437,10,6.45
RP901SD9,4251460616706,0,49.5
CX14-NY-X0,9342504040276,2,10
CX76ME2-BK-S0,9342504038884,0,15
CX76ME2-BK-M0,9342504038891,0,15
CX76ME2-BK-L0,9342504038907,0,15
CX76ME2-BK-X0,9342504038914,0,15
CX14ME2-BK-S0,9342504039201,0,11.5
CX14ME2-BK-M0,9342504039218,0,11.5
CX14ME2-BK-L0,9342504039225,0,11.5
CX14ME2-BK-X0,9342504039232,8,11.5
CX14ME2-BL-X0,9342504039317,4,11.5
CX14ME-PK-X0,9342504039355,8,11.5
CX05ME2-BK-S0,9342504038723,0,12
CX05ME2-BK-M0,9342504038730,0,12
CX05ME2-BK-L0,9342504038747,0,12
CX05ME2-BK-X0,9342504038754,0,12
CNEX112-41,8433345112411,14,36.659
CNEX112-55,8433345112558,20,31.422
CX14ME-NGR-S0,9342504039249,8,11.5
CX14ME-NGR-X0,9342504039270,3,11.5
SF10023,814137021322,4,8.48
SF10256,814137021339,7,8.48
SF10542,814137021902,0,8.75
SF10543,814137021919,5,9.98
SF10833,814137020387,8,25.98
SF11740,814137020646,10,11.48
SF11741,814137020653,5,11.48
SF11744,814137022022,0,8.98
SF11746,814137022046,8,8.98
SF12469,814137020127,8,6.98
SF12470,814137020134,8,6.98
SF12797,814137020264,8,15.98
SF23325,810001688233,19,19.48
SF12798,814137020271,6,15.98
SF13027,814137020516,9,4.98
SF13028,814137020523,4,4.98
SF13029,814137020530,7,4.98
FPL2306-BK-SM,657447313998,1,22
FPL2306-BK-ML,657447314001,10,22
SF13623,814137022473,27,24
SF13624,814137022480,15,24
SF13626,814137022503,9,24
SF14080,814137023203,0,14.98
FPL2302-RW-X4,657447313837,1,20.5
SF18355,814137027676,5,14.98
SF19750,810001682910,4,7.48
SF19751,810001682903,7,7.48
RT10042,666987100425,4,38.486
RT10044,666987100449,9,38.486
RT10046,666987100463,2,38.486
BL99805,819835029830,33,5.033
BL99804-GWP,PASZPB,0,0
ELINT71082,796494710821,15,1.25
ELINTPLFA19362,844477011936,12,1.75
ELINTPLFA54912,844477015491,27,1.75
ELINTPLFA55212,844477015521,28,1.75
ELINTPLFA55382,844477015538,9,1.75
ELINTPLFA62702,844477016207,32,1.75
ELINTPLFA97892,844477019789,73,1.75
ELINTPLFA97962,844477019796,82,1.75
ELINTPLFA98022,844477019802,20,1.75
ELINTPLFA98192,844477019819,88,1.75
ELINTPLFA98262,844477019826,0,1.75
ELINTPLFA98332,844477019833,60,1.75
ELINTPLFA98402,844477019840,36,1.75
ELINTPLFA98572,844477019857,0,1.75
ELINTPLFA98642,844477019864,21,1.75
ELINTPLFA98882,844477019888,20,1.75
ELINTPLFA98952,844477019895,6,1.75
ELINTPLFA99322,844477019932,5,1.75
ELINTPLFA99562,844477019956,1,1.75
JJ10503,603912755374,1,24
JJ10508,840281300877,17,27
JJ10305,840281301843,9,33
JJ10302,840281300556,7,22.5
SF10870,814137020776,11,7.98
JJ10507,840281300860,8,33
JJ10550,840281300853,5,27
JJ10505,840281300792,12,33
NT3080-1,782631308013,3,33.1
JJ10701,840281300402,1,30
SAT4224,4061504044224,4,17.685
SAT4231,4061504044231,24,17.685
SAT8553,4061504018553,2,35.985
SAT6068,4061504046068,10,35.985
SAT8643,4061504038643,9,24.885
SAT3245,4061504003245,25,26.985
SAT3337,4061504003337,24,26.985
SAT3306,4061504003306,6,26.985
SAT6618,4061504036618,6,23.685
SAT6625,4061504036625,8,23.685
SAT6632,4061504036632,9,25.485
SAT6649,4061504036649,15,25.485
SAT8225,4061504018225,9,28.485
SAT8249,4061504018249,2,28.485
SAT4293,4061504044293,9,14.985
SAT4286,4061504044286,12,14.985
SAT3753,4061504043753,33,13.785
SAT8386,4061504018386,12,17.685
SAT8393,4061504018393,8,17.685
SAT8409,4061504018409,18,14.985
SAT8430,4061504018430,21,17.085
SAT3146,4061504003146,7,27.885
SAT3153,4061504003153,24,27.885
SAT3160,4061504003160,19,27.885
SAT3177,4061504003177,16,27.885
IDNB04-C2,761236903168,51,9.5
IDTF04-C7,761236903267,1129,0.32
IDTF04-G5,761236903359,5,47.52
IDTB04-C2,761236903274,55,6.85
IDTB08-C2,761236903281,30,9.95
IDSB04-C2,761236903298,24,13.25
IDSB08-C2,761236903311,18,21
XRAH195,848518052001,5,54.1
XRAH196,848518052087,45,23.358
IDSF04-C5,PARJAH,160,0.44
SW2032,749753022784,115,30
SW1100,749753022791,57,17.25
VI-F1601,850052871000,25,22
VI-F1609,850052871017,29,22
VI-R1008,850052871031,55,22
VI-R1013,850052871048,0,22
VI-R1108,850052871055,27,22
VI-R1113,850052871062,46,22
VI-F1709,850052871079,21,24.75
VI-F1701,850052871086,31,24.75
VI-F1713,850052871093,33,24.75
VI-F1809,850052871109,29,24.75
VI-F1801,850052871116,19,24.75
VI-F1813,850052871123,1,24.75
HPB-915F8,710022363846,0,57.9
HPB-917F9,710022363891,3,54.9
HPB-866B,710022367875,0,71.9
RC-SDAD8-101-P,851787008501,2,14.808
CRC-CFPWMCF1,5060811120002,78,27.33
CRC-FSPWMFON1,5060811120033,6,19.17
8280-076,810040295874,16,6.5
STM11499-BND-OS,840091738563,7,13
STM11499-BND-OQ,840091738549,8,14
STM11499-ND-OQ,840091738556,6,14
STM11499-ND-OS,840091738532,3,13
STH11503-WH-S0,840091738464,11,4.25
STH11503-WH-M0,840091738471,14,4.25
STH11503-WH-L0,840091738488,14,4.25
STH11503-WH-XL,840091738495,19,4.25
STH11503-WH-X2,840091738501,16,4.85
STH11503-WH-X4,840091738518,17,4.85
STH11569-BK-X2,840091739911,2,12.075
STR6449,4041937564490,3,256.5
STR6451,4041937564513,3,229.28
STR6452,4041937564520,6,247.28
STR6453,4041937564537,4,179.78
STR6456,4041937564568,5,191.03
STR6458,4041937564582,5,231.53
OX3030-RED,8402151194690,50,2
JJ10513,840281300983,7,24.6
JJ10303,840281301829,16,33
JJ10300,840281300532,10,22.5
PDRD437-21,603912774351,17,11
PDRD437-22,603912774450,7,11
PDRD437-29,603912774467,23,11
PDRD438-21,603912774368,26,11
PDRD438-22,603912774481,22,11
PDRD438-29,603912774498,6,11
PDRD439-21,603912774504,13,11
PDRD439-22,603912774511,12,11
PDRD439-29,603912774528,15,11
PDRD442-20,603912774535,14,11
PDRD621-21,603912774399,14,32.5
PDRD621-22,603912774542,11,32.5
PDRD621-29,603912774559,15,32.5
PDRD622-21,603912774405,7,32.5
PDRD622-22,603912774566,15,32.5
PDRD622-29,603912774573,4,32.5
NOBT-NU07PK,9342851003344,15,26
NOBT-NU07PU,9342851003351,5,26
NOBT-W86PU,9342851003399,0,46
NOBT-W85BK,9342851003368,14,50
NOBT-W85MG,9342851003375,11,50
PDRD623-20,603912774832,8,32.5
PDRD544,603912774474,10,19.5
PDRD545,603912774597,15,82.5
PDRD546,603912774603,6,93.5
PDRD547-20,603912774849,8,90
PDRD624-20,603912775099,13,27.5
PDRD503-29,603912775037,13,27.5
SS360-01,646709360016,7,55.39
PD3249-19,603912774627,11,33
PD3249-23,603912774634,12,33
PD3249-25,603912774641,23,33
PD5752-11,603912774955,13,16.5
PD5752-12,603912774962,8,15
PD5754-11,603912774979,5,18
PD5754-12,603912774986,14,20
PD5756-11,603912774993,6,22
PD5756-12,603912775006,8,24
PD5757-11,603912775013,17,22
PD5757-12,603912775075,12,20
PD5758-20,603912774658,9,24
PD5758-11,603912775051,5,26.5
PD5758-12,603912775068,1,24
PD5759-20,603912774665,21,33
PD5760-20,603912774672,6,20
PD5761-20,603912774924,5,29
PD5761-11,603912775082,11,29
PD5761-12,603912775044,10,32
MPE8785-BK-SM,190602676526,12,14.95
MPE8785-BK-LX,190602676533,15,14.95
MPE8791-BK-LX,190602676656,11,13.95
SS360-03,646709360030,14,21.42
SS360-07,646709360078,15,67.05
MPE8791-BK-SM,190602676649,2,13.95
MPE7499-BK-LX,190602676830,13,15.95
KR20063,8720256722823,3,34.5
KR20062,8720256722786,7,34.5
MPE7504-BK-L0,190602677028,3,16.95
MPE7504-BK-X0,190602677035,8,16.95
MPE8800-BK-M0,190602677097,8,17.95
MPE8800-BK-L0,190602677103,8,17.95
MPE8800-BK-X0,190602677110,8,17.95
MPE8805-BK-M0,190602677233,1,12.95
MPE8805-BK-L0,190602677240,1,12.95
MPE8809-BK-SM,190602677325,15,15.95
MPE8809-BK-LX,190602677332,16,15.95
MPE2739-BK-LX,190602677790,10,14.95
KK-NS-BDAYGASM,850053093456,2,4.5
KK-NS-BOBAD,850053093531,4,4.5
MPE2741-RD-L0,190602679046,1,23.95
KK-NS-DIPSANDNIPS,850053093500,1,4.5
MPE60009-PK-LX,190602678773,17,19.95
MPE60009-PK-SM,190602678766,10,19.95
KK-NK-SKINNYDIPS,850053093302,3,2.5
MPE60009-PK-X2,190602678780,22,21.55
MPE60009-PK-X4,190602678797,26,21.55
KK-NK-BOBAD,850053093296,2,2.5
VHIT60,860003633823,95,39.3
CN-09-1003-12,653078943887,14,10.41
CN-09-1004-10,653078943894,29,9.83
CN-09-1005-11,653078943900,12,9.88
CN-09-1006-10,653078943917,30,8.09
BWX166,848416012046,0,37.5
BWX168,848416012060,4,19.5
BWX169,848416012077,11,19.5
XRAH180,848518051844,1,189.87
XRAH181,848518051851,1,75.948
XRAH283,848518053121,1,257.058
XRAH266,848518052988,16,26.166
XRAH276,848518053022,18,30.58
XRAH281-XL,848518053091,11,44.448
XRAF340,848518027023,14,11.73
XRAH213-L,848518052308,1,50.064
XRAH213-M,848518052292,5,50.064
XRAH213-S,848518052285,7,58.408
BL11998,819835029625,26,43.267
WVSNRA2SG3,4251460620031,14,74.5
WVSNRA2SG5,4251460620048,17,74.5
BLM99903,490082114830,4,249.179
BL11988,819835029618,7,43.4
BL11972,819835029601,5,43.281
BL10801,819835029649,3,16.534
BL10581,819835029656,5,15.834
BL20602,819835029632,7,16.583
BL45960,819835029748,11,36.064
BL52213,819835026921,8,35.56
BL82505,819835029762,1,37.59
BL28808,819835029458,7,27.475
BL21821,819835028116,0,25.942
BL28501,819835029526,11,27.475
BL28401,819835029540,23,27.482
BL28702,819835029533,11,27.482
BL28601,819835029557,16,28.756
BL89045,819835029809,17,70.49
BL05401,819835029793,4,24.542
NSN-0211-11,657447107146,50,42.5015
NSN-0211-19,657447107177,5,28.65
NSN-0218-06,657447107184,6,21.95
NSN-0218-09,657447107450,1,21.95
NSN-0218-14,657447107467,2,21.3
NSN-0218-15,657447107597,6,21.3
NSN-0218-27,657447107634,6,22.85
NSN-0235-14,657447107689,7,17.2
NSN-0235-34,657447107955,30,34.5
NSN-0235-39,657447107962,37,34.5
NSN-0236-04,657447107979,13,32
NSN-0236-08,657447107986,22,32
NSN-0236-17,657447108006,9,21.84
NSN-0274-07,657447108051,15,31
PF-ZR-049,8101144800838,0,67.5
PF-ZR-051,8101144801064,8,67.5
PF-ZR-071,8101144802368,4,67.5
PF-ZR-069,8101144802122,6,67.5
NSN-0327-24,657447108174,6,24.7
NSN-0327-29,657447108181,6,24.7
NSN-0327-34,657447108198,7,15.7
NSN-0327-38,657447108204,5,15.7
NSN-0327-53,657447108235,5,23.8
NSN-0327-65,657447108259,24,36.75
NSN-0327-67,657447108266,7,36.75
NSN-0414-00,657447108273,8,34.5
NSN-0552-44,657447108297,21,48.2
NSN-0556-39,657447108310,6,38.15
NSN-0558-05,657447108327,1,76.55
NSN-0967-09,657447108334,6,9.1
NSN-0967-19,657447108341,12,9.1
NSN-0967-29,657447108358,9,9.1
NSN-1101-69,657447108365,11,37.15
NSN-1101-79,657447108372,14,37.4
NSN-1131-23,657447108761,10,46.2
SS098-50,646709098506,25,11.66
ROLI654-PR-L0,019468571991,7,23
ROLI654-PR-X0,019468572028,16,23
ROLI656-PR-S0,019468572127,1,23
ROLI656-PR-X0,019468572134,4,23
ROLI656-PR-1X,019468572158,6,24
SS098-57,646709098575,35,9.33
SS098-58,646709098582,25,11.66
SS098-60,646709098605,49,8.75
ROLI646-BK-M0,019468571489,1,19
ROLI646-BK-L0,019468571472,6,19
ROLI646-BK-X0,019468571502,10,19
ROLI635-BK-L0,019468570925,5,23
ROLI635-BK-X0,019468570956,7,23
ROLI635-BK-1X,019468570970,1,24
ROLI643-SV-SM,019468571397,10,29
ROLI643-SV-LX,019468571380,15,29
ROLI643-SV-X2,019468571403,6,32
ANE5720-56,850040572056,9,12.5
ANE5720-70,850040572070,3,35
ROLI632-BLW-L0,019468570727,2,16.45
ROLI632-BLW-X0,019468570758,13,16.45
ROLI632-BLW-1X,019468570765,2,17.15
ROLI651-BK-S0,019468571816,6,22
ROLI651-BK-M0,019468571809,9,22
ROLI651-BK-X0,019468571823,20,22
ROLI659-BK-S0,019468572943,22,25
ROLI659-BK-M0,019468572950,18,25
ROLI659-BK-L0,019468572967,21,25
ROLI659-BK-X0,019468572974,15,25
ROLI663-BK-M0,019468572349,3,13.5
ROLI663-BK-X0,019468572363,7,13.5
ROLI665-BK-S0,019468572417,3,16
ROLI665-BK-L0,019468572431,1,16
ROLI665-BK-X0,019468572448,3,16
ROLI666-BK-X0,019468572486,1,10
ROLI670-BK-X0,019468572646,1,9
ROLI671-BK-L0,019468572677,3,10
FSG85113,5060926404264,14,52.5
PDRD620-21,603912774320,5,192.5
PDRD620-22,603912774344,4,192.5
SE0008-70,716770107091,38,36.6
SE0008-75,716770107107,31,36.6
SE0008-80,716770107114,27,36.6
SE0007-25,716770105950,27,29.6
SE0782-56,716770105912,9,18.45
SE0615-20,716770105882,13,47.45
SE0615-25,716770105899,14,47.45
SE0615-30,716770105905,10,47.45
SE0650-00,716770107060,1,47.25
SE0650-05,716770107077,6,53.7
SE0650-10,716770107084,12,53.7
SE0608-75,716770106353,13,48
SE0608-80,716770106360,6,50.95
SE2708-05,716770105462,34,4.47
SE2708-15,716770105486,13,5.52
SE2708-18,716770105721,6,10.05
SE2708-20,716770105493,6,15.2
SE2708-30,716770105509,1,16.6
SE2708-35,716770105516,11,10.11
SE2708-40,716770105523,4,26.95
SE3100-05,716770105295,1,6.42
SE3100-15,716770105301,15,26.91
SE3100-45,716770105332,16,14.67
SE3101-05,716770105387,19,15.21
SE3101-06,716770105394,8,15.21
SE3102-06,716770105431,4,21.45
SE3102-16,716770105455,13,32.16
SE2801-15,716770106056,9,17.95
SE3001-40,716770107206,6,8.67
SE3001-50,716770107220,18,11.01
SE3001-55,716770107237,21,11.01
SE2699-85,716770106728,15,8.2
SE2699-90,716770106735,13,8.2
SE2700-80,716770106421,29,21.85
SE0392-25,716770106087,2,37.2
SE0392-30,716770106094,2,43.7
SE2703-70,716770106575,5,8.95
SE0858-52,716770106315,1,104.1
SE0392-70,716770106810,2,10.26
SE0392-75,716770106827,1,10.26
SE0271-05,716770105196,6,13.45
SE0273-05,716770105219,4,19.1
SE0273-06,716770105226,9,19.1
SE2404-10,716770105592,46,7.5
AL178902-RD-OS,883045920829,7,15
SE2404-25,716770105615,27,10.45
AL28602-BL-OS,883045920638,12,10.5
AL28202-BL-OS,883045920614,16,7.5
AL28202-RD-OS,883045920621,15,7.5
AA1141-RD-OS,883045920607,7,7.5
BM-AP1-BB,817483016134,4,31.55
BM-AP2-BB,817483016165,2,31.55
BM-AP1-KW,817483016158,10,31.55
BM-AP3-KW,817483016219,13,31.55
BM-AP3-LL,817483016202,17,31.55
BC-FOB2,720184301020,43,10.46
BC-FOB24,720184301204,27,5.35
BC-FOB8,720184301082,48,28.53
BC-EUL24,720184209241,21,3.58
BC-EUL02,720184209029,14,8.25
FE-SH-815A-03,810119281777,5,49.6
FE-SH-815A-07,663546906566,10,49.6
FE-SH-816J-03,810119281807,2,24
FE-SH-816J-07,663546906627,4,24
FE-SH-300S-17,810119280428,25,9.9
FE-SH-300M-17,810119280442,14,9.9
FE-SH-300M-23,810119280459,36,9.9
FE-SH-300L-17,810119280466,3,9.9
FE-SH-300L-23,810119280473,13,9.9
FE-SH-301S-23,810119280497,5,8.7
FE-SH-301M-17,810119280503,4,8.7
FE-SH-301L-17,810119280527,37,8.7
FE-FF-1041-01,810119281456,48,35
FE-FF-1041-17,810119281463,6,35
FE-LL-7218-01,663546905842,12,20
FE-LL-7218-06,663546905859,7,20
GW2383-NO-OS,703674868753,10,12.95
GW2304-GR-OS,703674868531,7,14.95
GW2370-VT-OQ,703674868661,8,16.95
AWPP1SG9,4251460623629,76,159.5
AWDF1SG9,4251460623636,364,109.5
HPB-868W,710022363266,10,74.9
ELD-LF1328RED,4890808278543,8,24
ELD-LF1810,4890808275412,29,30
ELD-LF1811,4890808279342,12,30
ELD-LF1812,4890808279359,12,25
ELD-LF1813,4890808279366,1,30
ELD-LF5317,4890808263372,9,40
ELD-LF5318,4890808263402,5,40
ELD-LF5319,4890808279373,10,40
ELD-LF5320,4890808279380,0,80
ELD-LF5321,4890808279397,17,55
ELD-LF5322,4890808279403,0,45
NSN-1800-33,657447108808,2,16.45
NSN-1800-53,657447108822,6,12.8
NSN-1800-63,657447108839,2,13.1
NSN-1800-93,657447108860,2,11
ZOLO-6063,848416012916,3,77
NSN-1803-13,657447108907,12,6.7
NSN-1803-23,657447108921,9,6.7
NSN-1803-41,657447108952,13,6.6
NSN-1803-53,657447108983,1,8.45
NSN-1805-01,657447108990,14,13.8
NSN-1805-11,657447109003,34,10.2
NSN-1805-21,657447109010,29,6.6
NSN-1805-31,657447108662,19,7.6
NSN-1805-41,657447109034,0,7.5
NSN-1806-01,657447109041,4,9
NSN-1806-11,657447109058,38,6.7
NSN-1806-21,657447109065,0,7.7
NSN-1806-31,657447109072,22,7.25
NSN-1806-41,657447109089,0,10.25
NSN-1806-51,657447109096,2,7.25
SHTINN002BLU,8714273051929,5,59.95
SHTINN002BUR,8714273051936,0,59.95
SHTINN002GRN,8714273051943,0,59.95
SHTLOVU015BLU,8714273052506,13,34.95
SHTLOVU015GRN,8714273052520,4,34.95
SHTLOVU015BUR,8714273052513,10,34.95
SHTLOVU015PNK,8714273052537,9,34.95
SHTLOVU016BLK,8714273052544,14,39.95
SHTLOVU016BLU,8714273052551,1,39.95
SHTLOVU017BLK,8714273052568,11,29.95
SHTLOVU017BLU,8714273052575,15,29.95
SHTLOVU018BLU,8714273052582,14,29.95
SHTLOVU018BUR,8714273052599,15,29.95
SHTLOVU018GRN,8714273052605,19,29.95
SHTVIVE055PNK,8714273051806,14,69.95
SHTVIVE055PUR,8714273051813,6,69.95
SHTVIVE056PNK,8714273051820,5,69.95
SHTVIVE056PUR,8714273051837,4,69.95
SHTVIVE057PNK,8714273051844,10,69.95
SHTVIVE057PUR,8714273051851,4,69.95
SHTVIVE058PNK,8714273051868,11,69.95
SHTVIVE058PUR,8714273051875,13,69.95
SHTVIVE059PNK,8714273051905,16,59.95
SHTVIVE059PUR,8714273051912,15,59.95
SHTVIVE060PNK,8714273051882,13,57.95
SHTVIVE060PUR,8714273051899,11,57.95
OLB5111378-BK-L0,841143182778,2,16
OLB5111378-BK-X0,841143182808,2,16
OLL6211757-BK-M0,841143183713,4,23
OLL6211757-BK-X0,841143183737,7,23
OLL6211757-BK-1X,841143183683,3,25
OLL5111347-BK-S0,841143181757,0,21
OLL5111347-BK-M0,841143181733,2,21
OLL5111347-BK-L0,841143181702,3,21
OLL5111347-BK-X0,841143181764,13,21
OLB4011344-RD-L0,841143182020,12,17
OLB4011344-RD-X0,841143182082,19,17
OLB5211390-PK-LX,841143182280,7,15
OLB5211390-PK-X2,841143182273,5,16
NSN-0236-24,657447108037,29,27.95
NSN-0236-29,657447108044,7,27.95
NSN-0236-36,657447108013,3,23.3
NSN-0236-39,657447108020,10,23.3
OLB7011355-RD-X0,841143182914,14,18.2
OLLAP11173-RW-OS,841143183485,0,5
HPB-781B,710022364256,42,15
IBIC5076,847841050760,4,30
IBIC5077,847841050777,7,32.5
IBIC1705,847841017053,10,40
IBIC1706,847841017060,20,33.33
IBIC1707,847841017077,16,40
IBIC1708,847841017084,20,40
IBIC1350,847841013505,3,27.5
IBIC1351,847841013512,17,37.5
IBIC1353,847841013536,21,36.75
IBIC1354,847841013543,5,35
IBIC1356,847841013567,11,40
IBIC1357,847841013574,18,36.75
IBIC1358,847841013581,12,34.95
IBIC1359,847841013598,9,45
CRC-SKTTR,5037353008815,13,25
SL-RS-3281,844477023281,16,21.99
SL-RS-3472,844477023472,12,21.99
SL-CR-3595,844477023595,28,4.99
SL-CR-3502,844477023502,32,1.99
SL-RS-3298,844477023298,9,24.99
SL-DD-3519,844477023519,17,8.99
SL-RS-3830,844477023830,5,14.99
SL-VB-3243,844477023243,14,15.99
SL-VB-3250,844477023250,10,15.99
SL-MS-3878,844477023878,14,16.99
SL-RS-3328,844477023328,20,20.99
SL-MS-3885,844477023885,13,16.99
SL-KT-3540,844477023540,11,14.99
SL-RS-3311,844477023311,14,18.99
SL-RS-3342,844477023342,19,18.99
SL-RS-3359,844477023359,10,17.99
SL-BP-3526,844477023526,19,10.99
SL-NC-3557,844477023557,6,8.49
SL-NC-3564,844477023564,11,8.49
SL-NC-3915,844477023915,12,8.49
SL-DD-3571,844477023571,20,17.99
SL-DD-3588,844477023588,15,17.99
SL-VB-3465,844477023465,26,15.99
SL-VB-3533,844477023533,11,24.99
SL-RS-3335,844477023335,9,18.99
SL-RS-3373,844477023373,7,14.99
SL-RS-3366,844477023366,7,14.99
SL-RS-3380,844477023380,32,14.99
HP3426,818631034260,23,6.05
HP3427,818631034277,21,4.5
HP3483,818631034833,11,23
HP3484,818631034840,6,18
HP3485,818631034857,27,18
HP3486,818631034864,14,21
HP3487,818631034871,12,21
HP3488,818631034888,28,21
HP3531,818631035311,4,20
HP3532,818631035328,6,20
HP3533,818631035335,8,20
HP3534,818631035342,17,20
CH23307-BGD-M0,883124183817,3,17.15
CH23307-BGD-L0,883124183824,5,17.15
CH23307-BGD-X0,883124183831,8,17.15
HP3538,818631035380,8,10
CH23307-BGD-X2,883124183848,2,17.15
HP3539,818631035397,23,2.75
HP3540,818631035403,21,2.75
CH23308-BGD-X0,883124183794,1,7.7
HP3542,818631035427,31,17
HP3543,818631035434,6,19
HP3545,818631035458,18,14
CH23316-BS-L0,883124183749,3,15.015
CH23316-BS-X0,883124183756,1,15.015
SF13342,814137022312,13,26.48
SF23092,810001687229,2,7.48
SF23094,810001687243,7,12.48
SF23096,810001687267,5,12.48
SF23185,810001687700,1,5.48
SF23187,810001687724,7,5.48
SF23188,810001687731,0,5.48
SF23135,810001687298,2,6.48
KHE-BGR151,825156111369,40,5
KHE-NV102,825156111345,29,3
KHE-BGR122,825156111376,25,5
KHE-NV082,825156111314,3,8.5
ELP002-62,802190000262,0,4.35
NB001762,PARMZP,0,0.75
NB001763,PARMZQ,0,0.75
NB001764,PARMZR,0,0.75
NB001765,PARMZS,0,0.75
NB001766,PARMZT,0,0.75
NB001767,PARMZU,0,0.75
NB001768,PARMZV,0,0.75
NB001769,PARMZW,0,0.75
NN-XLDOMXF,810121171127,14,8
NB001770,PARMZX,0,0.75
NB001771,PARMZY,0,0.75
NB001772,PARMZZ,0,0.75
NB001773,PARNAA,0,0.75
NB001774,PARNAB,0,0.75
NB001775,PARNAC,0,0.75
NN-RMRXF,733074136749,5,5
NB001776,NBBAG,0,0.75
NB001364,694182213640,0,15.5
NN-PINSHR,810121171028,18,5.5
NB001664,694182021955,0,27.5
NN-WHISTP,614608262595,13,5.5
NN-GSTPB,689855876994,12,9
NB001747,694182022808,0,7.75
NB001748,694182022815,0,9.25
NB001751,694182022846,0,9.25
NB001752,694182022853,0,9.25
NB001755,694182022884,0,10.75
NB001756,694182022891,0,10.75
NB001749,694182022822,0,10.75
NB001750,694182022839,0,10.75
NB001753,694182022860,0,10.75
NB001754,694182022877,0,12.5
NB001757,694182022907,0,10.75
NB001758,694182022914,0,12.75
JEL2700-98,638258904964,7,117
ELD-BZ-001-08,017036034190,15,15
ELP099-99,802190009999,6,4.35
SSY3001-03,638258904988,36,8.75
SSY3002-03,638258904995,25,8.75
SSY3003-03,638258905008,22,8.75
ELP000-88,802190000088,15,4.35
SSY3004-03,638258905015,31,8.75
SSY3005-03,638258905022,34,8.75
ELD-BZ-002-08,017036034237,17,15
ELD-BZ-003-08,017036034251,7,15
ELP001-18,802190000118,9,4.35
ELP001-25,802190000125,0,4.35
ELP002-79,802190000279,1,4.35
ELP002-48,802190000248,0,4.35
ELD-BZ-004-08,017036034299,18,15
ELD-BZ-005-08,017036034305,3,15
ELD-BZ-006-08,017036034312,17,15
NT3137,782631313703,11,36.75
NT3143-2,782631314328,23,33.1
NT3144-1,782631314410,1,36.75
NT3144-2,782631314427,9,36.75
BL12320,819835028741,36,20.195
BL12422,819835028758,3,20.657
BL21700,819835028710,16,21.644
BL21902,819835028703,6,21.644
SF23062,810001687199,11,19.48
KK-HT-RETROPURPLEB,850053093104,0,4
SPB-W15,669729003329,1,9.8
BWB-B2,669729701027,8,7.105
BWB-B9,669729701096,13,7.875
BWB-B23,669729801017,8,7.875
BWB-B25,669729009574,9,7.875
BWB-B26,669729009581,13,7.875
BWB-B28,669729009604,15,7.875
BWB-B33,669729002728,13,7.875
BWB-B35,669729002742,10,7.875
MB201-TL-S0,804859887863,5,9.375
CRC-UNIKL,5037353009409,7,27.5
MBN05-NY-L0,677355426641,1,7.875
CRC-UNIWS,5037353009416,18,27.5
MBN05-NY-X0,677355435100,3,7.875
CRC-SKLUBMP4,5037353004725,23,8
CRC-SKLUBWM4,5037353004763,21,8
CRC-SKLUBSTR4,5037353004749,13,8
MBN05-RL-L0,677355447158,1,7.875
MBN05-RL-X0,677355482302,2,7.875
SLQ-106,850050864202,231,0.6
PM151-32,726893115132,47,10.87
DJ0682-21,782421087395,36,6.05
DJ0682-28,782421087401,30,10.63
DJ0682-35,782421088682,13,20.1
DJ0991-25,782421088491,7,71.35
DJ0991-26,782421088507,2,71.35
DJ1363-00,782421088583,36,8.85
DJ1363-01,782421088606,23,8.85
DJ1363-02,782421088613,37,8.85
DJ1363-03,782421088620,22,8.85
DJ1363-04,782421088637,24,8.85
DJ5000-06,782421087593,10,33.15
DJ5000-07,782421087685,12,19.97
DJ5001-09,782421087388,4,9.15
DJ5001-10,782421087746,9,9.8
DJ5003-08,782421087586,5,12.5
DJ5003-10,782421088651,10,6.55
DJ5130-08,782421088576,3,36.95
DJ5200-42,782421086077,5,36.95
DJ5200-43,782421086084,8,36.95
DJ5200-69,782421086947,4,38.8
DJ5510-42,782421086138,25,13.87
DJ5510-43,782421086145,24,13.87
DJ5510-69,782421087036,0,14.56
DJ8160-29,782421087074,8,47.19
DJ8160-30,782421087081,12,53.42
DJ8160-31,782421087159,11,59.59
DJ8160-32,782421087517,12,59.59
DJ5200-57,782421088088,45,17.48
MBLN04-BW-X0,804859884626,0,14
EN-RD-2758,844477022758,18,49.99
EN-RD-2765,844477022765,13,49.99
GX-SP-2901,844477022901,0,33.99
GX-SP-2918,844477022918,9,33.99
GX-SP-2925,844477022925,14,33.99
EN-RD-2796,844477022796,16,85.99
EN-RD-2802,844477022802,13,85.99
ZE-RS-2680,844477022680,13,24.99
ZE-RS-2574,844477022574,6,46.99
ZE-PP-2857,844477022857,45,32.99
ZE-RS-1652,844477021652,11,67.99
ZE-MS-1638,844477021638,4,18.99
ZE-MS-1645,844477021645,12,18.99
ZE-RS-1751,844477021751,10,124.99
ZE-RS-2567,844477022567,9,68.99
ZE-RS-2833,844477022833,11,94.99
RPPT1SG7,4251460623520,11,22.5
WVSNCK2SG9,4251460622981,2,159.5
RK-10NIYA1BURB,811041015355,11,44.5
RK-10NIYA2BURB,811041015362,2,37.5
RK-10NIYA4BURB,811041015386,17,35
LITBG-108,685634103718,20,22
LITBG-111,685634103725,13,9.35
LITBG-110,685634103701,23,5.5
LITBG-109,685634103695,24,11
LITCP-1135,817717011348,87,3.85
LITCP-1134,817717011355,47,3.85
LITCP-1120,817717011201,57,3.85
LITCP-1130,817717011300,10,2.275
LITCP-1124,817717011249,39,5.3625
LITCP-1127,817717011270,4,2.275
LITCP-1126,817717011263,78,3.9325
RTVRS-2204,666987022048	,9,9.436
VHITADAP,860003633816,1,17.15
TPX502-BR-SM,848416007813,4,17.95
TPX502-BR-ML,848416007820,13,17.95
TPX502-BR-OQ,848416007837,1,18.95
TPX506-GR-OQ,848416007950,4,17.95
TPX506-GR-SM,848416007936,0,16.95
TPX506-GR-ML,848416007943,2,16.95
TPX510-BR-SM,884472031027,5,15.95
TPX510-BR-OQ,884472031041,1,16.95
TPX511-RBK-OQ,884472031072,9,17.95
TPX511-RBK-SM,884472031058,18,16.95
TPX511-RBK-ML,884472031065,19,16.95
TPX516-RBK-OS,884472035278,14,19.95
TPX101-GR-OS,848416003082,10,11.5
TPX101-GR-1X,848416003228,6,13.5
TPX104-RD-1X,848416003259,11,13.5
TPX104-RD-OS,848416003112,10,11.5
TPX107-PK-OS,848416003303,13,11.5
TPX107-PK-1X,848416003310,10,13.5
TPX207-BK-1X,848416003280,9,10.5
TPX207-BK-OS,848416003204,1,9
TPX208-WH-OS,848416003211,7,9
TPX208-WH-1X,848416003297,9,10.5
TPX306-TQ-1X,848416004355,7,18.5
TPX306-TQ-OS,848416004348,9,16
TPX308-RD-OS,848416004386,1,16
TPX308-RD-1X,848416004393,0,18.5
LOV0142,6972677430142,0,72
SW2030,749753022814,0,15.2
SW2028,749753022807,24,21.55
SW2031,749753022821,45,20.9
BMS89025,677613890252,15,35.02
VD-HS5056,812024035056,1,22.686
VD-HS5070,812024035070,16,14.322
VD-HS5087,812024035087,8,14.322
VD-HS5094,812024035094,8,14.322
VD-HS5124,812024035124,11,13.17
VD-HS5339,812024035339,4,11.04
VD-HS5155,812024035155,6,20.334
VD-HS5131,812024035131,7,17.88
VD-HS5117,812024035117,7,7.962
SS201-01,646709201012,10,82.5
CN-07-0599-00,653078944006,21,14.74
CN-07-0601-00,653078944020,16,14.74
PLPC75002P,612608642850,0,7.5
PLPC75002R,821555179177,4,7.5
PLPC75002PP,821555179160,3,7.5
PLPC75015R,821555179337,13,10
PLPC75017PP,821555179351,10,20
PLPC75235P,821555179184,5,9
PLPC75236,821555179191,3,9
PLPC78102R,821555179313,0,15
PLPC78101,802991612534,2,25
PLPC32025RR,821555179085,4,22.75
PLPC32037,821555179146,1,40
NT3152-1,782631315219,10,24.3
NT3152-2,782631315226,15,24.3
NT3153-1,782631315318,3,24.3
NT3154-1,782631315417,17,24.3
NT3154-2,782631315424,13,24.3
NXBEN002,5060274221643,9,49.5
SL-RS-3274,844477023274,8,21.99
PLPC32035,821555179122,0,30
OXOXLW44,840215124326,13,7.5
OXOXLW85,840215124319,15,11.5
OXOXLW04,840215124333,4,18.75
OXOXLS04,840215124364,9,30
OXOXLS44,840215124357,2,13
OXOXLS85,840215124340,8,23
OXOXLH04,840215124395,13,25
PB-RS-3199,844477023199,9,55.99
PB-RS-3182,844477023182,20,44.99
PB-RS-3205,844477023205,15,32.99
ZE-RS-3441,844477023441,8,50.99
EN-RS-3106,844477023106,12,46.99
EN-RS-2512,844477022512,7,47.99
EN-RS-3052,844477023052,14,58.99
EN-RS-3014,844477023014,7,64.99
EN-RS-3007,844477023007,3,49.99
EN-RS-2994,844477022994,11,55.99
BMS3-21529,677613321596,0,35.02
BMS3-21514,677613321541,0,35.02
LITBT-517,685634111188,58,7.15
LITBT-518,685634111195,49,7.15
LITBT-405,685634111447,31,5.5
LITBT-406,685634111461,58,5.5
LITBT-408,685634111485,57,5.5
LITBT-409,685634111492,18,5.5
DJ2404-61-01,782421089443,9,9.57
KK-NV-THINKLESS,850054576408,2,9
KK-NV-GOODVIBES,850054576446,2,9
KK-NV-VIBETRIBE,850054576439,5,9
KK-NV-DICKDONT,850054576422,10,9
CG-ASAKIRA-001,671891764359,14,15
CG-VISTARR-001,671891764373,6,15
CG-LUCHU-001,671891764311,0,15
CG-VASKY-001,671891764328,3,15
CG-JSTE-001,4890808195826,1,15
CG-AFOXX-001,794775094868,18,15
BI-300008,6959532327892,39,10.08
BI-300008-1,6959532328134,10,10.08
BI-300016HP,6959532334524,0,26.49
BI-040157W,6959532328004,22,23.18
BI-BM-00900T83Z,6959532327410,13,22.18
SW1097,850047085078,4,27
8379-TTSWTM,792264878623,20,5.75
8370-PETHRTXOPKWT,792264878555,3,5.4
8286-HWDY,792264879033,3,5.4
8284-HRTSPRBK,792264878616,9,5.4
8284-PLSSPRBK,792264878609,8,5.4
BWX173,848416012114,10,16.5
2036-1024,848416009657,3,103
2036-1019,848416009558,4,22
2036-1021,848416009596,3,19.5
2036-1060B,848416011995,13,12
2036-1060C,848416012695,9,12
2036-1060R,848416012183,8,12
2036-1061,848416012008,8,14
2036-1057,848416011964,0,61.5
LST800466,845830088053,0,13.95
LST802466,845830088077,0,12.5
LST803466,845830088084,8,5.95
LST804466,845830088091,11,9.5
LST805466,845830088107,1,12.95
WR-CB-039,9781956562255,7,6.5
WR-CB-040,9781956562279,4,6.5
WR-CRA-003,197644429684,9,6
HO28,5060354561270,11,51.5
LOV0159,6972677430159,402,65
BBL010-53,855951001053,14,27
BBL010-15,855951001015,51,14
BBL060-03,855951006003,20,15
BBL001-42,855951200142,9,12.5
BBL001-35,855951200135,6,9
BC-FDA24,720184302201,15,6.17
BC-FDA2,720184302027,10,12.38
BC-FDA8,720184302089,25,31.25
BC-H2OL08,720184881089,5,12.57
BC-H2OL16,720184881164,7,20.28
BC-EGG24,720184103204,24,2.67
BC-EGG16,720184103167,11,21.7
BC-EGGL24,720184106205,11,2.67
BC-EGGL02,720184106021,16,6.63
BC-EGGL08,720184106090,12,13.45
BC-ECL01,720184105017,8,3.77
BC-ECL09,720184105086,22,15.08
BC-ECC01,720184401010,18,3.77
BC-ECC04,720184401041,2,12.08
BC-ECC09,720184401096,3,15.08
BC-ECC15,720184401157,13,21.16
BC-ECH01,720184102016,92,3.77
BC-ECH04,720184102047,25,12.08
BC-ECH09,720184102085,1,15.08
BC-ECH15,720184102153,2,21.16
HPB-927W,710022364010,32,49.9
HPB-8682,710022364744,265,0
SOHSS1312-BK-M0,760299474165,3,14.95
SOHSS1312-BK-L0,760299474172,11,14.95
SOHSS1312-BK-X0,760299474189,10,14.95
SOHSS1312-BK-2X,760299474196,15,14.95
SOHSS1320-BK-2X,760299474547,2,9.95
LW-007RG,4890808209752,4,72.5
WS91304,713079913040,64,8.74
WS91305,713079913057,129,8.74
WS91314,713079913149,122,10.69
WS91310,713079913101,38,17.69
BSZV011,850050504023,14,29.988
BSZV201,850050504009,17,26.988
BSZV202,850050504016,12,26.988
BSZV101,850050504047,9,22.788
BSZV501,850050504054,1,10.488
BSZV502,850050504061,6,10.488
BSZV503,850050504078,1,11.988
BSZV514,850050504085,7,14.988
EVA-1210,813686021210,19,64.5
WVSN901SG9,4251460623735,36,99.5
WVSNSY5SG4,4251460619769,22,52.5
WVSNSY5SG8,4251460619776,1,52.5
RPNP1SG9,4251460623612,53,10
CRC-SKRBRFZ,5037353010306,19,25
CRC-SKRBRP,5037353010290,38,22.5
CRC-SKRBRT,5037353010313,24,27.5
WVSNNS2AR9,4251460624305,21,10
LOV0227,6972677430227,72,74
WVWZ112SG2,4251460622776,3,52.5
WVWZ112SG3,4251460622783,5,52.5
WVWZ112SG5,4251460622974,0,52.5
WVWZ112SG4,4251460622790,11,52.5
RPLP1SGG,4251460623605,5,30
WVWZSH1SGC,4251460623902,3,14.5
RPSP1SG5,4251460623551,37,15
RPSO1SG9,4251460623568,33,25
RPSG1SG4,4251460623544,23,17.5
PM541-04,016169541049,43,16.32
UMBM-CR-SP,5060140200604,1,3.5
NX100336,5060274221674,8,35
NX100337,5060274221681,5,36.25
UMBM-V-EP,5060140200147,7,34.65
PM790-00,016169790003,5,7.61
PM540-04,016169540042,43,9.51
LITBT-643,685634110488,18,7.7
PM038-12,016169038129,34,12.68
NSN-0327-12,657447108150,2,20.45
PM993-73,067981993738,5,2.87
LITBT-801,685634102780,53,4
LITBT-802,685634102803,31,4
CN-09-0946-00,653078944167,2,47.29
LITBT-806,685634110594,54,7.15
CN-09-0948-01,653078944181,12,75.09
SOHSS1325-BK-X0,760299474981,1,17.95
SOHSS1329-GD-X0,760299475131,6,13.95
SOHSS1329-GD-2X,760299475148,9,13.95
SOHSS1332-BS-L0,760299475322,1,17.95
SOHSS1332-BS-X0,760299475339,2,17.95
SOHSS1333-BHP-X0,760299475384,1,17.95
SOHSS1333-BHP-2X,760299475391,7,17.95
SOHSS1327-BS-2X,760299475049,4,17.95
SOHSS1342-BK-X0,760299475780,1,17.95
SOHSS1346-RD-X0,760299476084,3,14.95
SOHSS1346-RD-2X,760299476091,5,14.95
XRAH285,848518053190,11,35.896
XRAH236-18,848518052667,57,8.334
XRAH236-24,848518052674,57,10.002
LOV0210,6972677430210,191,2.8
LOV0128,6972677430128,98,16.8
LOV0135,6972677430135,40,92
NT3147-1,782631314717,14,23
NT3147-2,782631314724,17,23
NT3148-1,782631314816,22,24.8
NT3148-2,782631314823,11,24.8
XRAH295,848518053299,11,11.11
XRAH275,848518053015,21,70.032
BSBDI0471,4897106300471,43,17.988
BSBDI0464,4897106300464,39,17.988
WO-SL3GP,740805150035,141,3
BSBDI0457,4897106300457,18,17.988
BSBDI0440,4897106300440,33,17.988
BSBGI0402,4897106300402,8,16.488
KK-NV-DOYOU,850054576958,13,9
KK-NV-WETTER,850054576965,9,9
KK-NV-SPICEIT,850054576941,2,9
ELINTPLFA19432,844477011943,56,1.75
ELINTPLFA19812,844477011981,53,1.75
ELINTPLFA77852,844477015682,10,1.75
ELINTPLFA98712,844477019871,24,1.75
LOV0258,6972677430258,74,8
LOV0241,6972677430241,43,8
XRAH214-M,848518052322,2,66.756
XRAH214-L,848518052339,4,66.756
SS098-47,646709098476,21,14.58
SS098-48,646709098483,22,11.66
SS099-53,646709099534,39,14.58
SS099-54,646709099541,16,15.74
SS099-57,646709099572,14,8.16
WR-DGM-005,785571087574,78,4
CYEM3910,609224032912,0,54.45
WR-DGM-002,785571087543,3,4
WR-DGM-001,785571087536,17,4
WR-DGM-006,785571087581,3,4
WR-DGM-003,785571087550,18,4
WR-DGM-004,785571087567,23,4
WR-VAF-013,785571087598,0,3
WR-VAF-018,785571087628,0,3
WR-VAF-017,785571087727,16,3
WR-VAF-020,785571087703,12,3
WR-VAF-021,785571087611,0,3
WR-VAF-016,785571087741,11,3
WR-WRP-016,785571087765,3,5
WR-EPP-018,785571087796,10,5
WR-EPP-017,785571087789,3,5
WR-WRP-017,785571087758,7,5
FE-FF-1042-01,663546906887,14,32
FE-FF-1042-17,663546906863,4,32
PB-GL-4264,844477024264,4,28.99
PB-GL-4592,844477024592,10,20.99
XRAH336,848518053855,20,6.666
XRAH330,848518053794,10,27.894
BAHA05,679359001961,16,14.99
NXSIM8W,5060274221698,25,42.5
WS90124,713079901245,106,9.29
WS90128,713079901283,56,13.44
WVWZNT1SG9,4251460623667,0,114.5
WVWZNT1SG4,4251460623650,0,114.5
WVWZNT1SG8,4251460623674,5,114.5
RPGG2SG5,4251460623599,4,20
RPST2SG2,4251460623575,37,27.5
RPBT2SGA,4251460623582,35,17.5
NT3164,782631316407,13,22.05
NT3167,782631316704,17,22.05
NT3168,782631316803,24,22.05
NT3169,782631316902,13,24.8
NT3170,782631317008,18,22.05
NT3177,782631317701,3,33.1
NT3178,782631317800,13,22.05
HPB-933B,710022364157,41,44.9
HPB-984B,710022364164,31,37.5
HPB-935B,710022364171,21,46.5
HPB-021F,710022366021,0,99.9
HPB-952P,710022364362,39,52.9
HPB-952B,710022364546,18,52.9
HPB-948P,710022364409,19,44.9
HPB-964P,710022364720,22,43.5
HPB-964L,710022364737,12,43.5
HPB-957O,710022364645,3,13.93
HPB-968P,710022364836,13,42.5
SF23136,810001687304,3,6.48
SF23138,810001687328,9,6.48
SF23139,810001687335,4,6.48
SF23140,810001687342,6,6.48
SF23141,810001687359,8,6.48
LP6033142,3700436033142,170,3.9
LP6033159,3700436033159,170,3.9
LP6033135,3700436033135,173,3.9
HO29,5060354561331,3,49.5
BL99800EA,819835029816,47,5.033
FTCH3005-BK-S0,657447315596,7,21
FTCH3005-BK-M0,657447315602,2,21
FTCH3005-BK-L0,657447315619,1,21
FTCH3005-BK-XL,657447315626,1,21
FTCH3005-BK-2X,657447315633,2,21
BI-BW500004-LED,6959532335491,9,34.61
BI-BW500004-LED-2,6959532334593,3,24.227
BI-BW500004-LED-3,6959532335460,6,24.227
BI-BW055016-LED,6959532335507,34,27.363
BI-BW055016-LED-1,6959532334609,13,27.363
BI-BW055016-LED-2,6959532335477,20,27.363
EH24473-BK-S0,763036261905,0,15.95
EH24473-RD-L0,763036327960,0,15.95
EBC2310-BK-OS,763036327670,2,10.95
EH74159-BK-M0,763036332339,0,22.95
EH74159-BK-L0,763036332346,0,22.95
EH74159-BK-XL,763036332353,6,22.95
EH74116-BK-OS,763036331677,4,4.95
EH74112-BK-OS,763036331639,10,9.95
EH73228-BL-S0,763036331165,1,16.95
EH73228-BL-M0,763036331172,0,16.95
EH73228-BL-L0,763036331189,9,16.95
EH73228-PK-S0,763036331103,6,16.95
EH73228-PK-M0,763036331110,4,16.95
EH73228-PK-L0,763036331127,3,16.95
C24104-BK-S0,883124184470,11,24.2
C24104-BK-M0,883124184487,8,24.2
C24104-BK-L0,883124184494,9,24.2
C24103-BK-OS,883124184456,4,18.15
C24103-BK-OQ,883124184463,0,18.15
C24106-BK-S0,883124184500,3,26.4
C24106-BK-M0,883124184517,6,26.4
C24106-BK-L0,883124184524,4,26.4
C24106-BK-X0,883124184531,12,26.4
C24108-BK-S0,883124184623,14,21.73
C24108-BK-M0,883124184630,14,21.73
C24108-BK-L0,883124184647,9,21.73
AL128202-BK-S0,883045921574,8,11.25
AL128202-BK-M0,883045921581,12,11.25
C24109-BK-S0,883124184654,14,26.4
C24109-BK-M0,883124184661,16,26.4
C24109-BK-L0,883124184678,14,26.4
AL128202-BK-L0,883045921598,10,11.25
AL128206-BK-OS,883045922014,5,13.5
AA1143B-BK-OS,883045920898,0,4.5
AA1144B-BK-OS,883045920911,0,4.5
AA1145B-BK-OS,883045920935,0,4.5
AA1146B-BK-OS,883045920959,0,4.5
AA1147B-BK-OS,883045920973,0,4.5
SF23239,810001688479,7,29.98
LP6033159-GWP,PAR,0,0
SE0001-00,716770109248,14,33.75
SE0001-05,716770109255,13,38.85
SE0001-10,716770109262,24,37.85
SE0001-12,716770109460,28,42.2
GN1000298,810126930095,5,16.95
SE0001-15,716770109279,10,39.25
GN3000929,810126930231,0,13.95
SE0001-20,716770109286,8,42.45
GN3010010,850010096889,4,12.95
KR21000,8720256722878,3,34.5
KR21001,8720256722885,14,34.5
KR21002,8720256722892,2,34.5
SE4349-23,716770108876,6,48.6
SE4349-28,716770108890,13,48.6
SE4349-35,716770108906,8,43.95
SE0410-18,716770109057,16,19
MPE8821-PK-L0,190602102001,2,20.95
MPE8821-PK-X0,190602102018,5,20.95
SE0414-00,716770109484,25,5.45
SE1491-53,716770109156,22,4.85
SE1491-73,716770109149,25,5.5
SE1492-20,716770108210,24,4.45
SE1492-21,716770108227,26,4.45
SE1492-25,716770108975,31,5.75
SE1492-26,716770108982,28,5.75
MPE8823-PK-S0,190602102087,0,20.95
SE1492-30,716770109163,24,5.5
MPE8823-PK-L0,190602102100,6,20.95
MPE8823-PK-X0,190602102117,2,20.95
SE1492-33,716770109170,38,9.75
SE2703-80,716770106568,12,29.75
SE2099-05,716770108999,12,24.1
SE2099-10,716770109002,27,26.1
SE2099-15,716770109019,21,28.75
SE2099-20,716770109026,8,30
SE2099-25,716770109033,22,30
SE0043-07,716770108517,6,16.25
SE0061-40,716770107299,19,12.1
SE0061-41,716770107305,29,12.1
MPE8854-BK-L0,190602104326,3,17.95
MPE8854-BK-X0,190602104333,5,17.95
SE0061-42,716770107312,43,12.1
SE0061-43,716770107329,44,12.1
SE0061-50,716770107336,24,12.1
SE0061-51,716770107343,42,12.1
SE0061-52,716770107350,39,12.1
SE0061-53,716770107367,17,12.1
SE0061-60,716770107374,31,12.1
SE0061-61,716770107381,31,12.1
SE0061-62,716770107398,35,12.1
SE0061-63,716770107404,31,12.1
SE0061-70,716770107411,8,12.1
SE0061-71,716770107428,13,12.1
SE0061-72,716770107435,33,12.1
SE0061-73,716770107442,48,12.1
SE0443-30,716770108746,8,22.5
SE0443-40,716770108760,17,25.25
SE0444-10,716770108180,19,11.7
SE0444-12,716770108197,9,11.7
SE0444-13,716770108203,14,11.7
SE0649-35,716770106933,16,42.7
SE0649-40,716770106940,8,42.7
SE0003-00,716770108678,13,14.7
SE0003-02,716770109774,24,14.7
SE0003-30,716770109538,19,32.75
SE0003-35,716770109545,10,32.75
SE0003-80,716770108722,0,14.7
SE0003-85,716770108739,27,14.7
SF23326,810001688240,30,13.98
SE4575-10,716770109491,26,44.45
SE0309-00,716770109569,26,16.2
SE0309-05,716770109576,16,16.2
SE0309-10,716770109583,18,16.2
SE4210-05,716770108937,1,21.25
SE4210-10,716770108944,8,24.45
SE4210-20,716770108968,8,31
SE2678-00,716770108395,11,4.85
SE2678-05,716770108401,12,8.85
SE2678-10,716770108418,16,12.2
SE2678-15,716770108425,12,11.7
SE2678-20,716770108432,2,12.6
SE2678-25,716770108449,10,24.45
SE2678-30,716770108456,10,27.25
SE2678-35,716770108463,15,6.35
SE2678-40,716770108470,20,6.75
SE0858-40,716770109477,5,39.95
SE0858-57,716770109552,6,82.85
SE5400-05,716770105172,14,7.95
SE5400-15,716770105189,10,7.95
SE5500-00,716770106254,15,33.45
SE5500-25,716770106674,2,50.1
SE0892-05,716770108784,28,15.7
SE0892-10,716770108791,21,15.7
SE0892-15,716770108807,31,15.7
SF23327,810001688257,14,10.98
SE0886-05,716770108524,7,25.5
SE0886-07,716770108531,12,25.5
SE0886-10,716770108104,8,27.95
SE0886-12,716770108111,0,27.95
SE0936-05,716770108814,9,6.85
SE0936-10,716770108821,5,6.85
SE0936-15,716770108838,9,6.85
SE0936-20,716770108845,15,6.85
SE0936-25,716770108852,16,6.85
SE0936-30,716770108869,14,6.85
SE0936-80,716770108487,31,8.75
SE0936-90,716770108494,18,9.2
SE2654-00,716770109187,11,5.7
SE2654-03,716770109194,15,5.7
SE2654-10,716770109200,19,7.2
SE2654-12,716770109217,18,7.2
SE2654-14,716770109224,16,7.2
SE2654-15,716770109231,7,7.2
SE0835-00,716770108623,20,26.75
SE0835-05,716770108630,7,26.75
SE0835-15,716770108654,8,27.1
SE0835-20,716770108661,4,27.1
SE2655-05,716770109422,16,28.75
SE2655-10,716770109439,24,28.75
SE2655-15,716770109446,25,28.75
SE0392-80,716770106834,20,21.45
SE0392-85,716770106841,8,21.45
SE0399-05,716770108289,3,10.95
SE0399-10,716770108296,3,10.95
SE0399-15,716770108302,5,10.95
SE0379-15,716770108173,24,11.35
VI-P2409,850052871222,52,24.75
VI-P2308,850052871208,19,27
VI-R1213,850052871192,43,22
VI-H0119,850052871178,26,24.75
VI-H0118,850052871161,35,24.75
BATHO05,679359001909,7,14
BAAFH05,679359001916,15,9.37
BASL20,679359001923,11,6.64
UMBM-HM8-CC,5060140201021,0,66.5
BALL20,679359001930,7,8.54
XRAH358,848518054111,16,57.13
PD3250-19,603912775211,10,66
PD3250-25,603912775204,19,66
PD4968-12,603912775174,14,100
PDRD440-21,603912774375,5,30
PDRD440-29,603912775129,12,30
PDRD441-21,603912774382,24,30
PDRD441-29,603912775136,3,30
PDRD443-20,603912775150,18,30
PDRD625-21,603912775198,5,50
PDRD625-29,603912775266,3,50
PDRD626-21,603912775181,5,165
PDRD626-29,603912775273,13,165
KK-NK-TOOHOT,850059990094,10,2.5
KK-NK-CUMQUEEN,850059990155,13,2.5
KK-KS-WEEDBECUTE,850059990292,31,4.5
NOBT-NU10BL,9342851003443,27,32.5
NOBT-NU10PK,9342851003450,23,32.5
NOBT-W87DPU,9342851003474,3,45
NOBT-W89EBL,9342851003511,21,50
NOBT-W89UV,9342851003528,13,52.5
BL72522,819835029854,15,38.997
BL07200,819835029960,18,28.14
BL43601,810138370117,1,32.13
BL42601,810138370001,27,42.042
BL06433,810138370100,23,7.063
BL08423,810138370056,18,6.167
BL73413,810138370094,30,8.477
DJ2403-10,782421090593,10,21.14
AA1144P-PK-OS,883045920928,0,4.5
DJ5200-47,782421086121,8,38.81
DJ5200-48,782421086886,2,38.81
DJ5510-47,782421086190,19,14.57
DJ5510-48,782421086978,4,14.57
DJ8160-35,782421090104,6,46.01
DJ8160-36,782421090111,8,49.56
DJ8160-37,782421090128,8,49.56
DJ8160-38,782421091255,18,46.01
DJ8160-39,782421091866,16,49.56
DJ8160-40,782421092009,4,46.01
DJ6020-05,782421091354,3,59.98
DJ6020-06,782421091361,3,65.83
DJ3702-00,782421090159,3,17.3
DJ3702-01,782421091750,6,7.88
DJ3702-02,782421091767,13,7.88
DJ3702-03,782421091774,36,7.88
DJ3702-04,782421092047,9,7.88
CN-09-0952-10,653078944693,12,10
CN-09-0953-12,653078944709,10,10
CN-09-0954-11,653078944716,14,10
CN-09-0949-01,653078944198,20,38.93
CN-11-0432-88,653078944204,14,24.71
SSY4001-10,638258905503,23,9.75
SSY4002-10,638258905510,15,9.75
SSY4003-10,638258905527,25,9.75
SSY4004-10,638258905534,34,10.04
SSY4005-10,638258905541,26,10.95
COO1010-03,638258905305,37,6.85
COO1010-15,638258905572,57,1.5
SSY3000-100,638258905473,3,175
CLF-RSMV,5070000979694,17,22.4625
BL07423,810138370087,34,6.195
BL09503,810138370025,29,6.237
BL73403,810138370063,24,10.577
BL73546,810138370070,16,11.025
BL08497,810138370018,13,6.076
BL73543,810138370049,11,11.025
BL84073,810138370032,18,7.938
BL14302,850002870558,17,9.702
BL14308,850002870503,25,9.702
BL14301,850002870527,10,9.702
BL14319,850002870510,12,9.702
BL85604,810138370278,27,43.407
BL24522,810138370438,22,36.26
BL88804,819835029861,10,13.3
BL88822,819835029885,8,13.419
IBIC3104,847841031042,9,10
IBIC3105,847841031059,8,10
IBIC3106,847841031066,3,10
IBIC3107,847841031073,10,10
IBIC1360,847841013604,9,60
IBIC1361,847841013611,3,62.5
IBIC1362,847841013628,8,32.5
IBIC1363,847841013635,11,32.5
IBIC1364,847841013642,14,35
IBIC1365,847841013659,11,35
IBIC1366,847841013666,15,20
IBIC1367,847841013673,14,15
IBIC1368,847841013680,23,32.5
IBIC1369,847841013697,15,40
IBIC1370,847841013703,11,37.5
IBIC1371,847841013710,25,45
IBIC1372,847841013727,8,49.95
KS14403,739122144032,6,12
KS14405,739122144056,8,12
OX3092-BLKICE,840215122551,11,16
OX3092-CLRICE,840215122568,18,16
OX3092-STL,840215122582,4,16
OX3090-BLKICE,840215121974,4,24.5
OX3090-CLRICE,840215121981,45,24.5
OX3094-BLUICE,840215122681,9,23
OX3094-CLRICE,840215122674,10,23
OX3096-CLRICE,840215122766,8,23
OX3080-BLKICE,840215122964,3,39.5
OX3080-CLRICE,840215122971,3,39.5
OX3200-BLK,840215124401,6,9.5
OX3200-CLR,840215124418,10,9.5
OX3200-MTL,840215124425,1,9.5
JJ10680,840281301874,2,33
JJ10681,840281301881,13,43.5
JJ10684,840281301911,6,33
JJ10304,840281301836,4,33
SHTSLI242TRA,8714273055071,19,12.95
SHTSLI243FLE,8714273055088,20,17.95
SHTSLI244GLD,8714273055095,43,14.95
SHTSLI245BLK,8714273055101,15,4.5
SHTSLI247MUL,8714273055125,12,4.5
RGRPPP1181-BKBK,5056400305233,2,33.6
LP6033081,3700436033081,20,25
LP6032701,3700436032701,2,45
LP6017524,3700436017524,6,52
LITBG-117,685634103770,30,6.6
LITBG-118,685634103763,28,11
LITCP-1118,817717011188,45,3.3
LITCP-1153,817717011539,35,3.5
LITCP-1154,817717011546,41,3.5
LITCP-1155,817717011553,28,3.5
LITCP-1157,817717011577,25,3.5
LITCP-1158,817717011584,55,3.5
LITCP-1159,817717011591,14,3.5
LITCP-1144,817717011447,35,5.5
FTAF983-BK-SM,657447315893,1,15.5
FTAF983-BK-ML,657447315909,1,15.5
FTAF983-BK-LX,657447315916,2,15.5
FTAF983-BK-OQ,657447315923,0,15.5
SE0250-07,716770108562,4,17.85
FTAF982-BK-SM,657447315855,2,16.5
FTAF982-BK-ML,657447315862,3,16.5
FTAF982-BK-LX,657447315879,4,16.5
FTAF982-BK-OQ,657447315886,2,16.5
SE0251-05,716770108579,4,52.7
SE0251-10,716770108586,9,52.7
SS201-03,646709201036,32,45.05
CRC-SKSEXBUL,5037353010696,13,12
PJ140-22,827160116422,30,15
PJ140-23,827160116439,0,17.5
SS310-02,646709310028,17,24.49
SS310-06,646709310066,31,34.98
SS324-04,646709324049,37,11.66
SS324-05,646709324056,19,20.41
SS324-06,646709324063,25,25
SS480-40,646709480400,8,20.41
SS480-44,646709480448,24,44
LOV0272,6972677430272,53,65
NOBT-NU11BL,9342851003559,17,32.5
NOBT-NU11PK,9342851003573,1,32.5
NOBT-NU12PU,9342851003597,11,27.5
NOBT-NU13PK,9342851003603,11,42.5
NOBT-NU13PU,9342851003610,27,42.5
NOBT-W88DPK,9342851003498,1,45
NOBT-W88DPU,9342851003504,1,45
NOBT-W90DTQ,9342851003535,1,50
NOBT-W90MG,9342851003542,1,50
SHTSLI248FLE,8714273055132,37,5.95
SHTSLI249FLE,8714273055293,24,5.95
SHTSLI250FLE,8714273055149,79,5.95
SHTSLI251FLE,8714273055156,12,5.95
SHTSLI252FLE,8714273055286,27,5.95
SHTSLI253BLK,8714273055248,37,4.95
SHTSLI254WHT,8714273055255,12,4.95
SHTSLI255MUL,8714273055262,20,4.95
SHTSLI256FLE,8714273055163,30,6.95
SHTSLI257FLE,8714273055170,30,22.95
SHTSLI262MUL,8714273055309,15,2.95
SHTVIVECOS001,8714273937230,18,7.95
SHTLOVU033BUR,8714273054753,0,29.95
SHTLOVU034BUR,8714273054906,9,34.95
SHTLOVU034PNK,8714273054920,22,34.95
SHTPMP046PNK,8714273054784,14,39.95
SHTPMP046PUR,8714273054791,3,39.95
BM-ARBA-BU,817483017377,0,9.07
BM-ARBA-PK,817483017391,0,9.07
BM-ARBA-PU,817483017384,0,9.07
BM-ARBA-S,817483017407,0,9.07
BM-ARCHAR-BU,817483017179,15,29.52
BM-ARCHARXL-BL,817483017193,5,29.52
BM-ARCHARXL-BU,817483017209,23,29.52
BM-ARCHARXL-GN,817483017216,33,29.52
BM-ARCSW-BL,817483017223,10,29.52
BM-ARCSW-BU,817483017230,8,29.52
BM-ARCSW-GN,817483017247,5,29.52
SHTPMP047PNK,8714273054814,23,39.95
SHTPMP047PUR,8714273054821,10,32.95
SHTPMP048PUR,8714273054852,13,39.95
SHTPMP048PNK,8714273054845,14,39.95
SHTPMP049PNK,8714273054876,3,39.95
SHTPMP049PUR,8714273054883,13,39.95
SHTSLI237FLE,8714273055026,36,24.95
SHTSLI238FLE,8714273055033,32,24.95
SHTSLI239TRA,8714273055040,18,12.95
SHTSLI240TRA,8714273055057,34,12.95
FTGL2139-NP-OS,657447317064,0,9
FTGL2139-NP-OQ,657447317071,0,9
SHTSLI241TRA,8714273055064,22,12.95
XRAH414-L,848518054869,5,38.93
SE4349-26,716770108883,15,43.95
CRC-SKLUBSPL3VI,5037353010337,20,7
CRC-SKLUBSPL3FR,5037353010344,15,6.5
CRC-SKLUBSPL6VF,5037353010320,6,10
KK-MB-WEEDBECUTE,850059990087,10,3.5
KK-MB-IDHIT,850059990063,7,3.5
KK-MB-DOOBIES,850059990056,1,3.5
KK-MB-WEEDBEFORE,850059990049,10,3.5
KK-MB-MORESEX,850059990032,3,3.5
KK-MB-RECORD,850045911478,13,3.5
KK-MB-HWISH,850041942292,5,3.5
NSN-0204-37,657447109119,5,29.25
NSN-0213-04,657447109157,14,11.85
NSN-0213-18,657447109164,3,16.55
NSN-0213-29,657447109171,10,20.8
BV-001OR,4890808284216,12,70.125
BV-006FUC,4890808284223,17,68
XRAH313,848518053565,9,33.372
HP3489,818631034895,5,25
HP3490,818631034901,22,25
HP3580,818631035809,57,6.5
SS694-01,646709694012,27,5.24
SS696-05,646709696054,19,22.39
SS930-40,646709930400,14,5.59
OLL7411122-YL-LX,840392201087,3,17
HP3581,818631035816,26,4.75
HP3582,818631035823,29,14
HP3583,818631035830,20,14.5
HP3584,818631035847,17,15
OLL4011730-PR-LX,840392200790,5,15
OLL5111553-BK-S0,840392202589,8,24
HP3585,818631035854,7,12
OLL5111553-BK-L0,840392202565,6,24
HP3586,818631035861,11,24
OLB5211126-CBL-SM,840392202473,1,10
HP3588,818631035885,22,15
PM646-14,022600646143,75,9.21
LOV0289,PASBWW,55,200
GN2000139,810126930187,2,13.95
GN2000144,810126930248,25,14.95
GN2000142,810126930217,8,11.95
NB001785,694182023188,0,23.5
NB001792,694182023256,0,36.5
NB001793,694182023263,0,36.5
NB001794,694182023270,0,40.5
NB001761,694182022945,0,56.5
NB001777,694182023102,0,30.5
NB001778,694182023119,0,34.5
NB001784,694182023171,0,23.5
NB001612,694182021368,1,17.5
NB001613,694182021375,0,17.5
NB001614,694182021382,0,19.5
NB001779,694182023126,0,17.5
NB001780,694182023133,5,17.5
NB001781,694182023140,0,17.5
NB001782,694182023157,1,17.5
NB001783,694182023164,0,30.5
NB001796,694182023294,2,44.5
OLB4111578-PK-SM,840392200240,13,18
OLB4111578-PK-LX,840392200233,2,18
OLL5111596-PK-LX,840392200530,3,17
SEN178-M,855559009192,42,11.98
SEN510-M,855559009291,90,11.98
HP3587,818631035878,3,40
BLM5021,4890808283431,8,45
BLM5023,4890808283455,21,45
BLM5024-BLK,4890808283479,16,40
BLM5024-WHT,4890808283462,6,40
BLM9001,4890808283257,0,14
BLM9002,4890808283264,11,12
BLM9015,4890808283394,8,12
GLAS-167,4890808282953,29,35
GLAS-168,4890808282960,11,25
GLAS-169,4890808282977,5,30
GLAS-511,4890808282984,7,30
GLAS-514,4890808283011,6,35
GLAS-518,4890808283059,13,55
GLAS-SET-10,4890808283066,4,45
SF23345,810001688363,8,4.98
XRAH433,848518055095,21,33.36
XRAH458,848518055460,8,16.71
XRAH460,848518055484,13,21.57
ANE5720-94,850040572094,6,40
ANE5720-18,850040572018,15,7.5
XRAH371,848518054265,19,27.8
XRAH303,848518053442,21,30.03
XRAH308,848518053510,13,50.05
XRAH309,848518053527,7,50.05
XRAH326,848518053756,54,23.926
XRAH327,848518053763,18,55.62
XRAH331,848518053800,13,27.21
XRAH374,848518054296,10,50.05
XRAH379,848518054357,8,25.02
XRAH394,848518054517,44,38.358
XRAH395,848518055606,50,22.456
XRAH424,848518054944,13,6.24
XRAH425,848518054951,19,6.24
XRAH426,848518054968,13,3.744
XRAH428,848518054982,13,6.24
XRAH468,848518055569,10,6.24
XRAH474,848518055668,10,39.886
XRAH316,848518053589,3,194.72
XRAH359-30,848518054135,17,13.89
XRAH382,848518054388,1,333.82
FE-FO-01V-07,810119281609,20,25
FE-FO-01V-37,810119281593,17,25
FE-FO-02B-03,810119281838,2,25
FE-FO-02B-07,810119281852,13,25
FE-FO-02B-37,810119281845,18,25
FE-FO-03M-03,810119281869,8,25
FE-FO-03M-07,810119281883,18,25
FE-FO-03M-37,810119281876,15,25
FE-LM-0205MW,8388766648943,6,35
FE-LM-0106MB,8388766648950,21,35
FE-LM-0103MB,8388766648981,7,35
FE-LM-0304MR,8388766648936,17,43
FE-LM-0302MR,8388766648967,20,43
NSN-0240-04,657447109188,15,27.65
NSN-0240-19,657447109195,11,36.25
NSN-0240-23,657447109201,11,44
NSN-0240-49,657447109225,29,45
NSN-0240-54,657447109232,18,37.05
NSN-0287-17,657447109270,12,25.45
NSN-0287-24,657447109287,11,38.8
NSN-0287-34,657447109294,22,29.55
NSN-0287-45,657447109300,3,39.9
NSN-1160-23,657447109591,13,28.4
NSN-1801-13AP,657447109645,0,12.95
WS91350,713079913507,554,0.89
WS91360,713079913606,317,0.89
WS91370,713079913705,116,0.89
WS91380,713079913804,343,0.89
CRC-USOSG-SP,5037353009447,18,15
CG-VABARDOT-001,671891764571,5,15
SOHSS1358-LA-M0,760299476619,1,12.95
SOHSS1358-LA-X0,760299476633,2,12.95
SOHSS1358-LA-2X,760299476640,1,12.95
SOHSS1359-TQ-X0,760299476787,2,14.95
SOHSS1360-BK-L0,760299476824,4,13.95
SOHSS1360-BK-X0,760299476831,9,13.95
SOHSS1360-BK-2X,760299476848,9,13.95
SOHSS1362-BK-L0,760299476923,1,12.95
SOHSS1362-BK-X0,760299476930,2,12.95
SOHSS1362-BK-2X,760299476947,4,12.95
CG-GIBLANCO-001,671891764595,19,15
CG-LAVIOLET-001,671891764601,7,15
CG-BRGRAY-001,671891764533,12,15
CG-PAPRESLEE-001,671891764526,0,15
CG-ADANGER-001,794775094837,0,15
CG-SS-KGREY-001,671891764472,2,24.99
CG-T-AMONROE-001,671891764410,13,22.5
CG-T-JSTEVENS-001,671891764403,12,22.5
CG-SK-RCAVALLI-001,671891764441,20,35
CG-SK-AMONROE-001,671891764427,0,35
CG-SK-CHEART-001,671891764489,14,35
PB-RS-4707,844477024707,13,54.99
PB-RS-3656,844477023656,15,67.99
PB-RS-4271,844477024271,10,49.99
EN-RS-4561,844477024561,19,40.99
EN-RS-4097,844477024097,15,29.99
EN-RS-4929,844477024929,9,17.99
ZE-RS-3670,844477023670,26,36.99
ZE-RS-3694,844477023694,8,28.99
ZE-MS-3038,844477023038,21,25.99
ZE-MS-3458,844477023458,16,24.99
ZE-MS-3021,844477023021,6,24.99
SS-DD-3854,844477023854,13,24.99
SL-DD-3892,844477023892,23,10.99
SL-DD-3908,844477023908,16,10.99
SL-MS-3489,844477023489,12,14.99
SL-MS-3496,844477023496,10,14.99
SL-MS-3267,844477023267,4,8.99
SL-MS-3601,844477023601,16,8.99
SL-RS-3304,844477023304,15,19.99
GX-PK-3762,844477023762,16,18.99
GX-PK-3779,844477023779,8,18.99
GX-PK-3786,844477023786,16,18.99
LW-032BO,4890808242490,8,125
LW-032RQ,4890808242483,7,125
LW-034BO,4890808242537,13,85
LW-034RQ,4890808242520 ,3,72.25
WR-BAG-007,786368850104,7,7.5
WR-BAG-012,786368850142,1,7.5
SF22123,810001686147,12,9.98
SF22130,810001686215,0,9.98
SF22131,810001686222,9,9.98
SF22575,810001686413,0,9.98
SF22576,810001686420,0,9.98
SF22577,810001686437,3,9.98
SF22578,810001686444,8,9.98
SF22579,810001686451,7,9.98
VD-GF-5360,812024035360,4,16.344
VD-GF-5407,812024035407,1,13.752
VD-GF-5414,812024035414,5,16.344
VD-GF-5438,812024035438,2,16.344
VD-GF-5445,812024035445,8,16.344
VD-GF-5452,812024035452,12,16.344
STH11627-BK-S0,840091741952,5,15.5
STH11627-BK-M0,840091741969,5,15.5
STH11627-BK-L0,840091741976,5,15.5
STH11627-BK-X0,840091741983,6,15.5
XRAH168,848518051714,12,46.06
OLB9411136-BK-SM,841143157172,4,17
OLB9411136-BK-LX,841143157165,7,17
NSN-0287-08,657447109263,10,29.25
OLB9411136-WH-SM,841143157219,10,17
OLB9411136-WH-LX,841143157202,11,17
NSN-0287-53,657447109317,10,20.6
NSN-0287-65,657447109256,22,33.65
NSN-0474-01,657447109348,29,13.35
NSN-0474-11,657447109355,19,5.6
NSN-0474-21,657447109362,21,5.75
NSN-0474-31,657447109379,12,6.2
NSN-0478-07,657447109386,2,9.5
NSN-0478-19,657447109393,27,14.6
FRTK-MM001-AR,198168296967,7,15.743
FRTK-MM002-AN,198168845530,12,15.743
ANE0013-17,894757001317,13,20
MPE7551-BK-LX,190602104234,5,19.95
MPE8821-PK-4X,190602102032,0,23.55
MPE8854-BK-2X,190602104340,2,19.55
MPE8854-BK-4X,190602104357,2,19.55
MPE8859-BK-SM,190602104463,7,15.95
MPE8859-BK-LX,190602104470,10,15.95
PM144-32,726893114432,35,2.82
PM151-25,726893115125,72,2.82
PM147-46,726893114746,74,2.82
PM143-95,726893114395,48,11.22
PM150-95,726893115095,45,2.82
PM143-57,726893114357,47,11.22
PM150-88,726893115088,47,2.82
PM143-64,726893114364,54,11.22
PM001-41,022600200161,111,3.88
PM001-67,022600200147,88,10.99
PM998-36,022600999836,46,10.99
XRAG251,848518034533,2,58.09
GN2000141,810126930200,12,11.95
NSN-0479-16,657447109416,31,20
NSN-0479-25,657447109430,7,16.2
NSN-0558-47,657447109447,11,31.9
NSN-0560-14,657447109461,2,28.45
NSN-0560-25,657447109478,2,28.45
NSN-1101-89,657447109485,15,35.75
NSN-1103-63,657447109492,10,31.9
NSN-1113-33,657447109508,0,6
NSN-1113-53,657447109515,10,7.5
NSN-1119-43,657447109539,5,24.05
NSN-1128-03,657447109546,18,13.3
NSN-1128-13,657447109553,0,5.6
NSN-1128-23,657447109560,13,5.75
NSN-1128-33,657447109577,20,6.1
NSN-1160-13,657447109584,16,28.4
NSN-1801-33AP,657447109683,0,12.8
NSN-1801-46AP,657447109737,0,12.95
KK-MB-SCRIPT,850045911126,16,3.5
KK-MB-NICEJAY,850054576682,19,3.5
KK-MB-HIGHLOVE,850045911133,7,3.5
KK-MB-LOVELANG,850045911263,13,3.5
KK-MB-HBD,850041942308,11,3.5
KK-MB-RETROLOVE,850053093593,18,3.5
EN-RS-3649,844477023649,5,23.99
SEN174-M,855559009239,11,11.98
KK-420K-SAYINGHIGH,850053093708,9,2.5
KK-420K-BONGWATER,850049885652,23,2.5
RR1173-BLK-SM,196018764284,10,3.5
RR1173-BLK-ML,196018764277,7,3.5
RR7112-BLK-OS,196018764703,12,7
RR7112-RED-OS,196018764710,5,7
RR1172-BLK-SM,196018584134,5,4
RR1172-BLK-ML,196018584127,4,4
PL27060-BLK-OS,196018567571,2,9
C24106-BK-2X,883124184548,3,26.4
C24106-BK-4X,883124184555,0,26.4
NSN-1807-01AP,657447109812,6,30.25
NSN-1807-11AP,657447109843,4,26.7
NSN-1807-21AP,657447109867,7,16.85
NSN-1807-31AP,657447109881,11,22.4
NSN-1807-41AP,657447109904,14,16.35
NSN-1807-51AP,657447109935,34,13.3
NSN-1807-61AP,657447109959,17,31.55
NSN-1807-71AP,657447109973,18,27.55
HP3590-A,818631035908,30,3.95
HP3591-A,818631035915,48,3.95
HP3592-A,818631035922,33,3.95
KK-KS-BONGWATER,850049885874,13,4.5
KK-NS-GREATESTHITS,850049885829,18,4.5
KK-NS-FORTHERECORD,850053093906,15,4.5
KK-KS-DOPEDAD,850049885843,2,4.5
KK-KS-SMOKINGRILLIN,850049885812,10,4.5
KK-SET-LOVEWINS,850059990681,1,7
KK-SET-BORNTHISGAY,850059990704,4,7
KK-NK-LOVEWINS,850059990636,4,3
KK-GB-PRIDEHEARTS,850059990575,0,4
KK-GB-GAYSTUFF,850059990599,0,4
KK-GB-BORNTHISGAY,850059990605,2,4
KK-GB-PRIDE,850059990612,21,4
SE2700-58,716770108128,21,15.1
LITBG-116,685634103756,49,6.6
SE2700-59,716770108135,8,13.7
LITBG-115,685634103749,25,6.6
LITBG-114,685634103732,46,6.6
CG-TM-AWHITE-001,671891764496,11,35
SE2701-23,716770108142,13,26.75
SE2701-24,716770108159,20,26.75
SE2701-25,716770108166,13,26.75
LW-020BLK,4890808289693,1,65
BV-075,4890808289723,1,12.75
BV-077,4890808289747,3,14.875
BV-078,4890808289754,5,15
BV-080,4890808289778,11,15
BV-079,4890808289761,7,25
MEG1067,197644030385,142,34.99
MEG1097,198168045466,0,39.99
KS12066,739122120661,14,14
KS12067,739122120678,22,6.5
KS12068,739122120685,10,6.5
WS90116,713079901160,59,18.96
PD4469-23,603912775327,9,82.5
PD5786-20,603912775433,7,16.5
PD5787-20,603912775457,7,24.5
PD5788-20,603912775464,11,33
PDRD548-20,603912775358,6,61.5
PDRD549-20,603912775365,15,77.5
PDRD627-21,603912775235,18,37.5
PDRD627-29,603912775419,10,37.5
PDRD628-21,603912775297,7,37.5
PDRD628-29,603912775303,22,37.5
PDRD629-20,603912775426,9,37.5
PDRD630-20,603912775389,5,37.5
BL44602,810138370483,7,32.55
BL44600,810138370490,16,32.578
BL87605,810138370476,19,50.477
BL84605,810138370452,15,54.775
BL85605,810138370445,15,67.795
BL85005,810138370339,8,30.359
BL32501,810138370353,3,38.829
BL46601,810138370360,44,33.334
BL47600,810138370537,16,25.186
BL46600,810138370384,64,33.313
BL47601,810138370520,5,30.345
BL46602,810138370377,9,36.113
BL23701,819835027485,15,25.746
BL23802,819835028994,18,25.074
BL28600,819835027645,30,25.067
NOBT-NU11LG,9342851003566,15,32.5
KK-RC-NV-SUGARBUZZ,850059990711,1,9
ROLI692-BL-L0,019468577733,4,22
ROLI682-BK-S0,019468577177,2,24
NT3187-1,782631318715,19,15.2
NT3187-2,782631318722,8,15.2
NT3165,782631316506,0,38.6
OLB9411136-BK-2X,841143157141,5,20
OLB9411136-WH-2X,841143157189,13,20
MOD20556,810001683504,0,12.57
MOD20555,810001683450,6,56.57
MOD20557,810001683467,8,22.83
MOD20560,810001683474,2,14.29
MOD20558,810001683498,6,25.14
XRAH411,848518054661,16,43.43
KK-GB-TIG-STRIPE,850059990537,12,4
MEP365-PK-SM,671241123799,0,14.95
MEP365-PK-LX,671241123805,1,14.95
MEP365-PK-OQ,671241123812,1,16.95
MEP367-PK-SM,671241123850,0,12.95
MEP367-PK-LX,671241123867,0,12.95
MEP367-PK-OQ,671241123874,0,14.95
MEP358-BL-SM,671241124444,1,14.95
MEP357-BL-SM,671241124413,0,13.95
MEP357-BL-LX,671241124420,0,13.95
MEP357-BL-OQ,671241124437,0,15.95
MEP376-BK-SM,671241123133,0,19.95
MEP376-BK-LX,671241123140,2,19.95
MEP376-BK-OQ,671241123157,7,21.95
MEP375-BK-SM,671241123072,0,13.95
MEP375-BK-LX,671241123089,5,13.95
MEP375-BK-OQ,671241123096,1,15.95
MEP02PCH-WH-OQ,671241123546,0,6.95
MEP02BBY-BL-OQ,671241123515,3,6.95
MEP03BBY-BL-SM,671241123584,0,5.95
MEP03BBY-BL-LX,671241123591,0,5.95
MEP03BBY-BL-OQ,671241123607,3,6.95
MEP03PCH-WH-SM,671241123614,0,5.95
MEP03PCH-WH-LX,671241123621,1,5.95
MEP03PCH-WH-OQ,671241123638,5,6.95
MEP03STR-PK-SM,671241123645,0,5.95
MEP03STR-PK-LX,671241123652,0,5.95
WVWZBD1SG2,4251460623759,10,64.5
WVWZBD1SG5,4251460612968,19,64.5
MEP03STR-PK-OQ,671241123669,0,6.95
WVWZBD1SG9,4251460623766,19,64.5
EMHL1134-BK-OS,846073033473,5,11.9
EMHL1217-BK-OS,840295144535,4,12.565
EMH30082-BG-M0,840295150123,3,9.065
EMH30082-BG-L0,840295150130,4,9.065
EMH3068-BK-M0,840295120416,5,9.765
EMH3068-BK-L0,840295120423,11,9.765
KK-RC-NV-BLAZED,850059990728,3,9
ELINTPLFA55132,844477025513,12,1.75
WDW186,726754781186,45,13.45
ELAB0861-46,763290086146,24,29.95
WDW034,616943341089,0,17.45
WDW041,616943341041,0,11.75
WDW027,605832647579,1,11.95
EMH55018-PR-L0,840295143415,6,9.765
EMH55018-PR-X0,840295143422,7,9.765
BM-DDRS,817483014673,56,7.25
OLB7011547-CBL-1X,840392200370,9,20
CG-J-002,669423998808,15,25
CG-J-003,669423998815,1,25
CG-J-004,669423998839,15,25
CG-J-005,669423998822,18,25
NTB9025,850014891008,8,54.73
NTB9026,850014891015,6,54.73
NTB9095,810120340869,0,19.23
NTB9100,810120340814,16,27.23
NTB9101,810120340807,12,26.23
NTB9103,810120340777,13,27.23
NTB9104,810120340791,8,22.73
CN-09-0945-10,653078944150,9,59.51
SENVL550,855559009895,11,7.5
NSN-1807-91AP,657447110016,16,25.15
KHE-BGC53,825156111437,44,5
KHE-NVD27,825156107294,13,5
NSN-1807-81AP,657447109997,16,11.6
SEN470,855559007266,23,8.25
NT3173,782631317305,11,40.95
NT3174,782631317404,33,47.8
NT3184-1,782631318418,1,33.6
NT3184-2,782631318425,6,33.6
NT3185-1,782631318517,18,33.6
NT3185-2,782631318524,23,33.6
NT3186-1,782631318616,8,33.6
NT3186-2,782631318623,16,33.6
SEN473,855559007259,20,8.25
SENVL471,855559007440,19,8.25
DJ4551-01,850041338002,0,3.83
DJ4551-02,850041338019,0,7.03
DJ4551-03,850041338026,0,12.8
DJ4551-05,850041338057,0,12.8
DJ4551-06,850041338125,0,17.5
PM014-17,070907001417,0,4.48
PM013-25,070907001325,44,12.95
PM014-24,070907001424,0,26.6
PM013-63,070907001363,46,36.31
ROLI682-BK-1X,019468577191,6,25
ROLI682-BK-2X,019468577207,4,25
ER8012,857544008012,57,1.5
SHTSLI215MUL,8714273504838,3,12.95
SHTSLI216BLK,8714273504784,4,27.95
SHTSLI216MUL,8714273505729,3,28.95
SHTSLI217BLK,8714273504791,18,49.95
SHTSLI217MUL,8714273504852,16,59.95
SHTSLI218BLK,8714273504869,16,5.95
2036-1067,848416013364,7,14
2036-1068,848416013371,6,16
2036-1069,848416013388,2,44
2036-1070,848416013395,7,35
2036-1071,848416013401,5,44
SHTSLI219BLK,8714273504876,8,10.95
SHTSLI220BLK,8714273504883,12,14.95
SHTSLI221BLK,8714273504890,18,27.95
SHTSLI231RED,8714273054425,0,16.95
ER8029,857544008029,86,1.5
ER8036,857544008036,67,1.5
MDSNSL4P,699439007539,89,16.38
ER8340,857544008340,64,1.5
ER8395,857544008395,59,1.5
ER8357,857544008357,71,1.5
ER8050,857544008050,34,1.5
ER8074,857544008166,145,1.5
GW2408-TL-OS,703674869088,7,14.95
MY46549,4260152465492,12,56.8
MY46872,4260152468721,4,72.8
MY46455,4260152464556,12,39.8
MY46513,4260152465133,10,34.8
MY46586,4260152465867,4,37.8
MY46170,4260152461708,3,47.8
MY46195,4260152461951,0,53.8
MY46200,4260152462002,16,62.8
MY46272,4260152462729,10,56.8
MY46600,4260152466000,13,42.8
PB-RS-4721,844477024721,9,59.99
DG0488-CP-OS,888368347568,9,20.13
PB-RS-4714,844477024714,27,54.99
DG13230-GR-X0,888368345359,1,22.94
SL-RS-4165,844477024165,11,24.99
SL-RS-4189,844477024189,9,24.99
SL-RS-4776,844477024776,12,19.99
DG13198-BK-S0,888368344260,1,28.18
DG13198-BK-M0,888368344253,6,28.18
DG13198-BK-L0,888368344246,6,28.18
DG13198-BK-X0,888368344277,10,28.18
DG13198-BK-1X,888368344284,4,30.48
DG13197-BK-S0,888368344222,0,17.83
DG13197-BK-M0,888368344215,0,17.83
DG13197-BK-L0,888368344208,5,17.83
DG13197-BK-X0,888368344239,4,17.83
EN-RS-4943,844477024943,7,50.99
EN-RS-4967,844477024967,9,42.99
WVSNJV3SG4,4251460624688,51,52.5
EN-RS-4981,844477024981,13,16.99
PB-RS-5315,844477025315,11,39.99
PB-RS-4646,844477024646,20,44.99
WS90024,713079900248,30,14.98
SAT3876,4061504043876,6,42.585
SAT6013,4061504046013,40,16.785
SAT6020,4061504046020,30,16.785
IBIC1309,847841013093,9,17.5
IBIC1310,847841013109,10,17.5
IBIC1311,847841013116,9,13.33
IBIC1312,847841013123,5,15
IBIC1313,847841013130,12,15
IBIC1314,847841013147,11,15
GX-DD-3724,844477023724,8,53.99
SL-RS-4226,844477024226,7,24.99
SL-RS-4202,844477024202,36,24.99
SL-RS-4219,844477024219,10,24.99
SL-MS-3960,844477023960,14,7.99
EN-RS-4912,844477024912,11,36.99
EN-RS-4950,844477024950,19,33.99
EN-RS-4813,844477024813,12,18.99
PB-RS-5070,844477025070,8,54.99
PB-RS-5063,844477025063,14,25.99
NVB972-72,746092197272,26,15.9
NVB972-96,746092197296,21,18
NVB972-89,746092197289,0,25.2
NVB973-33,746092197333,25,36
NVB973-88,746092197388,4,30
NVB973-95,746092197395,10,30
NSN-0801-02,657447014710,4,48.1
NVB974-01,746092197401,15,30
NVB974-18,746092197418,16,30
LV824028,850047824028,13,13
LV824059,850047824059,14,19.5
LV824035,850047824035,34,22.75
LV824042,850047824042,7,22.75
LV824073,850047824073,40,22.75
NVB972-10,746092197210,31,16.5
NVB972-27,746092197227,23,16.5
NVB941-76,850058394176,25,19.5
NVB941-83,850058394183,28,19.5
NVB941-90,850058394190,33,18
NVB942-06,850058394206,29,18
NVB942-51,850058394251,14,12.6
NVB942-68,850058394268,15,12.6
NVB942-75,850058394275,20,12.6
WXD942-99,850058394299,27,32
WXD943-05,850058394305,13,32
NB001691,694182022228 ,0,56.5
WXD943-12,850058394312,29,32
WXD943-29,850058394329,17,32
WXD943-36,850058394336,19,32
WXD943-67,850058394367,20,32
HPB-978R,710022364973,60,44.9
KR21008,8720256722960,2,39.5
HPB-966P,710022364348,2,34.16
STH11627-BK-2X,840091742034,4,16.5
HPB-946P,710022364591,17,37.5
STM11591-BK-OS,840091743277,4,14.75
STM11591-BK-OQ,840091743291,4,15.75
CYEM3160,609224032141,1,54.45
HPB-951P,710022364522,19,46.9
HPB-951O,710022364539,10,46.9
HPB-964F,710022364959,31,43.5
HPB-945B,710022364324,31,43.9
HPB-959BL,710022364669,18,45.9
HPB-959B,710022364898,31,45.9
HPB-971W,710022364874,3,19.53
HPB-013F,710022365949,0,114.9
HPB-014F,710022365956,0,181.67
HPB-960P,710022364676,18,39.9
SE0760-30,716770016959,14,13.2
SE0912-10,716770091130,12,19
SE0912-90,716770092540,6,19
SE1919-05,716770099310,5,19.95
SE2397-05,716770108913,25,7.25
SE2599-10,716770083432,13,21.7
SE4403-20,716770105691,0,23.5
SL-RS-4783,844477024783,16,24.99
RTVRS-2201,666987022017,2,17.136
RTVRS-2202,666987022024,5,17.136
RTVRS-2203,666987022031,10,17.136
UMBM-HX8-CC,5060140201106,0,115.5
EMHL1249-PK-OS,840295152615,11,16.065
EMHL2317-OR-OS,840295152899,6,11.865
EMHL3206-YL-32,840295152684,10,11.165
EMHL3206-YL-34,840295152691,8,11.165
EMHL3206-YL-36,840295152707,12,11.165
EMHL3206-YL-38,840295152714,4,11.165
NXTORP001,5060274221742,6,45
EB-HSL500,879959000009,56,1.75
EB-HSL502,879959000016,44,1.75
EB-HSL521,879959000030,32,1.75
EB-HSL568,879959000047,55,1.75
SEN150-ML,855559009611,21,14.98
FRPL774500-BK-S0,840202855363,8,12.75
FRPL774500-BK-M0,840202855370,5,12.75
FRPL774500-BK-L0,840202855387,14,12.75
FRPL774500-BK-X0,840202855394,13,12.75
FRPL774502-BK-S0,840202855608,1,12.75
FRPL774502-BK-M0,840202855615,4,12.75
FRPL774502-BK-L0,840202855622,13,12.75
FRPL774502-BK-X0,840202855639,11,12.75
FRPL774503-BK-S0,840202855721,8,12.75
FRPL774503-BK-M0,840202855738,10,12.75
FRPL774503-BK-L0,840202855745,11,12.75
FRPL774503-BK-X0,840202855752,10,12.75
FRPL774511-BK-S0,840202856247,17,13.75
FRPL774511-BK-M0,840202856254,16,13.75
FRPL774511-BK-L0,840202856261,11,13.75
FRPL774511-BK-X0,840202856278,16,13.75
FRPL774514-BK-M0,840202856414,5,13.75
FRPL774514-BK-L0,840202856421,0,13.75
FRPL774514-BK-X0,840202856438,3,13.75
FRPL774515-BK-M0,840202856490,0,13.75
NT3179,782631317909,11,17.45
NT3188,782631318807,0,23.9
NT3196-1,782631319613,12,29.9
NT3196-2,782631319620,12,29.9
NT3197,782631319705,5,17.45
NT3198,782631319804,9,17.45
XRAH447,848518055293,20,28.926
MDSNHYB1OZ-50,699439007621,2,289.5
SS099-60,646709099602,56,12.83
SS099-61,646709099619,31,5.25
SS099-62,646709099626,43,14.58
SS099-63,646709099633,37,15.17
SS099-64,646709099640,37,9.91
SS099-65,646709099657,30,9.91
SS099-66,646709099664,21,9.33
SS099-67,646709099671,14,7.58
SS099-68,646709099688,12,8.75
SS099-69,646709099695,22,7
VI-S0812,850052871284,17,19.5
VI-A0209,850052871291,7,22
VI-A0201,850052871307,27,22
VI-P2513,850052871260,52,29.25
VI-P2509,850052871253,29,29.25
EH73251-BL-X0,763036331226,5,15.95
DG13517-RD-OS,888368357956,1,14.89
DG13517-RD-OQ,888368357963,10,16.04
XRAH334,848518053848,1,46.722
DJ0730-03,782421022761,6,21.44
EH40343-BK-SM,763036330380,7,14.95
EH40343-BK-LX,763036330397,8,14.95
KHE-BGC19,825156111574,25,4.5
KHE-BGD23,825156111598,19,8.5
BL26116,819835022190,29,5.565
BL19936,819835028512,23,13.097
BL14805,819835029915,1,14.504
BL14801,819835029939,13,14.504
BL14802,819835029922,7,14.518
CG-HP-DENE-001,669423998853,2,20
CG-HP-COLO-001,669423998846,28,20
CG-HP-SARO-001,669423998877,5,20
CG-HP-NIPI-001,669423998860,16,20
KHE-BGC20,825156111604,104,4.5
XRAH453-M,848518055385,2,47.236
XRAH453-L,848518055392,9,47.236
VI-A0108,850052871239,28,19.5
8284-TIKPT,792264880077,9,5.4
8284-BSBL,792264880060,16,5.4
8284-BHRTRE,792264880992,11,5.4
8284-HRTBRID,792264879057,7,5.4
CT23601,883124182995,0,55
XRAH397-8oz,848518054531,36,10.82
XRAH438,848518055149,24,3.582
8284-PINGL,792264880022,12,5.4
8284-KISS,792264879552,4,5.4
8284-FOT,792264879224,12,5.4
DEEFZ-BLT-10P,831868009047,5,17.5
DEEFZ-BLT-19P,831868008804,5,17.5
ZE-RS-5162,844477025162,7,53.99
WS90120,713079901207,440,0.49
DTX-22159,8720365103704,7,38.5
DTX-22148,8720365103599,6,32
STX-DT22137,8720365103483,2,55
BL15906,819835028000,30,17.304
BI-BW500012-1,6959532335835,36,34.16
BI-BW500013-2,6959532335873,0,34.16
BI-BW500014-3,6959532336450,3,34.16
BI-BW500018,6959532336047,52,11.42
BI-BW500019-12,6959532336092,63,11.42
CT23610,883124183084,1,60
GX-WR-4004,844477024004,0,119.99
GX-WR-4011,844477024011,16,119.99
GX-WR-4042,844477024042,2,74.99
GX-WR-4059,844477024059,19,74.99
FPL2403-WH-SM,657447319211,0,18
FPL2403-WH-ML,657447319228,1,18
FPL2403-WH-LX,657447319235,5,18
FPL2403-WH-2X,657447319242,1,19
FPL2403-WH-4X,657447319259    ,1,19
DG0013-BK-OQ,876802036703,0,5.64
FPL2409-BK-2X,657447319549,3,22
FPL2409-BK-4X,657447319556    ,6,22
LP6073247,3700436073247,16,20
LP6073254,3700436073254,20,20
TOG-006,4890808289617,4,49
TOG-007,4890808289624,16,35
ELD-LF5323,4890808284001,12,30
ELD-LF5324,4890808284018,16,25
ELD-LF5325,4890808284025,3,35
ELD-LF5326,4890808284032,5,30
ELD-LF5327,4890808284049,12,22.5
ELD-LF5328,4890808284056,4,32.5
ELD-LF5330,4890808284070,8,20
ELD-LF5329,4890808284063,9,37.5
CRC-UNIBD,5037353010948,10,27.5
CRC-UNICB,5037353010955,79,27.5
CRC-UNIMINI,5037353010962,22,16.5
CRC-PWMCOCKTOW,5037353010917,20,13.74
CRC-PWMTOP,5037353010924,4,13.74
8231-024AH,810040297113,14,5.7
8231-024BH,810040297120,3,5.7
8231-024CH,810040297137,3,5.7
XRMO102,848518000422,7,41.364
CP24613,883124185767,3,27.5
CP24614,883124185774,3,35.75
CP24612,883124185750,0,33
CP24601,883124185637,4,49.5
CP24503-BK-OS,883124185491,2,27.5
CP24503-BK-OQ,883124185507,3,27.5
CP24505-BK-S0,883124185538,5,35.75
CP24505-BK-M0,883124185545,3,35.75
CP24505-BK-L0,883124185552,0,35.75
CP24509-BK-OS,883124185583,1,26.4
CP24509-BK-OQ,883124185590,0,26.4
CP24510-BK-OS,883124185606,5,30.25
CP24510-BK-OQ,883124185613,5,30.25
WH-TT120001,811104034439,45,4.225
WH-TT120002,811104034422,37,4.225
WH-TT120003,811104034446,42,4.225
WH-MSC8621,811104031896,71,1.2675
WH-MSC8635,811104031926,84,1.2675
WH-MSC8781,811104034316,51,1.2675
WH-MSC8302,811104030943,69,1.2675
WH-MSC8304,811104030950,47,1.2675
WH-MSC8305,811104030967,57,1.2675
WH-MSC8307,811104030981,69,1.2675
WH-MSC8308,811104030998,86,1.2675
WH-MSC8309,811104031001,47,1.2675
WH-MSC8310,811104031018,64,1.2675
WH-MSC8311,811104031025,71,1.2675
WH-MSC8327,8111040343780,92,1.2675
ANE0015-60,894757001560,6,6.5
WS91190,713079911909,43,12.5
HPB-012F,710022365932,0,199.9
ELAB9839-40,763290983940,43,50
ELAB2318-98,763290231898,36,50
WH-MSC8529,811104031407,75,1.2675
WH-MSC8253,811104034095,95,1.2675
COO1010-07,638258905312,78,11.25
COO1010-12,638258905329,20,14.95
TPX116-YL-OS,884472035919,8,11.5
TPX116-YL-OQ,884472035926,7,13.5
TPX117-PK-OQ,884472035940,7,13.5
TPX117-PK-OS,884472035933,9,11.5
TPX118-BW-OS,884472035957,9,11.5
TPX118-BW-OQ,884472035964,8,13.5
TPX119-RBW-OS,884472035971,9,13
TPX119-RBW-OQ,884472035988,6,15
TPX106-BG-OS,848416003136,9,11.5
TPX106-BG-OQ,848416003273,9,13.5
TPX114-BK-OS,848416008063,9,11.5
TPX114-BK-OQ,848416008070,7,13.5
TPX105-PR-OS,848416003129,3,11.5
TPX105-PR-OQ,848416003266,8,13.5
KK-MB-CELESTIAL,850059990353,8,3.5
KK-NK-RECORD,850053093265,15,2.5
KK-NS-WIFEYERA,850041942544,13,4.5
KK-NS-WIFEYGLASSES,850049885041,23,4.5
KK-NS-TEAMBRIDE,850054576637,19,4.5
KK-NK-HORNY,850054576118,6,2.5
KK-NK-SCHLONGS,850053093968,10,2.5
KK-TO-LOVEWINS,850041942605,12,6
XRAH205-BLUE,848518052124,23,14.04
CN-09-0897-12,653078943825,16,16.67
KR21017-P,8720938956195,2,22.95
RPRR43001-WH-SM,196018769357,5,10
RPRR43001-WH-LX,196018769340,4,10
RPRR43001-BL-LX,196018769326,3,10
RPRR43002-YL-LX,196018769388,6,11
RPRR42005-RBW-LX,196018769289,7,9
RPRR42001-WH-SM,196018769210,1,8
RPRR42001-YL-SM,196018769197,6,8
RPRR42001-YL-LX,196018769180,9,8
RPRR42007-BK-SM,196018769470,1,10
RPRR42007-BK-LX,196018769463,3,10
STR6439,4041937564391,6,218.03
STR6440,4041937564407,4,229.28
STR6441,4041937564414,5,247.28
STR6442,4041937564421,6,256.5
STR6446,4041937564469,5,191.03
STR6447,4041937564476,5,209.03
STR6448,4041937564483,5,231.53
CDQ24208-PR-OS,883124186047,6,18.7
CDQ24208-PR-OQ,883124186054,3,18.7
CDQ24210-PR-OS,883124186085,8,24.2
CDQ24210-PR-OQ,883124186092,1,24.2
XRAD929,848518015501,1,266.91
CDQ24209-PR-OS,883124186061,7,24.2
CDQ24209-PR-OQ,883124186078,1,24.2
CDQ24205-BK-S0,883124185996,9,10.45
CDQ24205-BK-M0,883124186009,6,10.45
CDQ24205-BK-L0,883124186016,11,10.45
XRAF228,848518026187,2,79.23
CDQ24213-RBK-S0,883124186122,9,9.35
CDQ24213-RBK-M0,883124186139,4,9.35
CDQ24213-RBK-L0,883124186146,12,9.35
CDQ24213-RBK-X0,883124186153,8,9.35
CDQ24213-RBK-2X,883124186160,9,9.35
CDQ24214-RBK-S0,883124186184,14,13.75
CDQ24214-RBK-M0,883124186191,12,13.75
CDQ24214-RBK-L0,221124186207,16,12.5
CDQ24214-RBK-X0,883124186214,13,13.75
CDQ24214-RBK-2X,883124186221,9,13.75
CDQ24216-RBK-OS,883124186252,8,9.35
AA1165-BK-OS,883045922410,0,6
AA1165-RD-OS,883045922427,2,6
AA1163-BK-OS,883045922373,0,5
AA1163-RD-OS,883045922380,8,5
AA1167-BK-OS,883045922458,0,5
AA1167-RD-OS,883045922465,0,5
AA1168-BK-OS,883045922472,0,4.5
AA1168-RD-OS,883045922489,3,4.5
AA1161-RD-OS,883045922342,5,5
AA1161-BK-OS,883045922335,0,5
AA1169-RD-OS,883045922502,1,4.5
AA1169-BK-OS,883045922496,0,4.5
AA1170-RW-OS,883045922519,0,4.5
AA1170-WR-OS,883045922526,2,4.5
BV-082,4890808291283,37,62.5
BV-083,4890808291290,3,34
BV-084,4890808291306,11,30
XRAH342,848518053961,1,126.846
FTCH3006-RD-L0,657447321269,2,23
LP6033067,3700436033067,4,34.49
LP6032145,3700436032145,16,36.5
LP6033012,3700436033012,1,22.99
LP6032183,3700436032183,21,40.5
LP6032398,3700436032398,23,13.794
LP6032459,3700436032459,27,11.49
LP6032725,3700436032725,11,13.794
LP6033357,3700436033456,37,15
LP6033364,3700436033364,29,41.394
LP6033388,3700436033388,17,41.394
WH-MSC8306,811104030974,72,1.2675
WH-MSC8314,811104034835,59,1.2675
BM-ALIP-ML,817483017414,1,26.29
BM-ARBS-BL,817483017889,11,13.13
BM-ARBS-BU,817483017896,17,13.13
BM-ARBS-PK,817483017902,15,13.13
BM-ARBS-PU,817483017919,15,13.13
OLL4112012-BK-M0,840392205672,3,25
OLL4112012-BK-L0,840392205665,6,25
OLL4112012-BK-X0,840392205696,6,25
OLL5212046-PR-SM,840392206358,2,16
OLL5212046-PR-LX,840392206341,3,16
OLL7612046-PR-SM,840392206389,4,24
OLL7612046-PR-2X,840392206365,3,26
OLL5212083-BK-SM,840392206105,3,22
OLL5212083-BK-LX,840392206099,5,22
OLL4012083-BK-SM,840392206082,9,23
OLL4012083-BK-LX,840392206075,9,23
OLL5112049-BGD-S0,840392204880,3,17
OLL5112049-BGD-L0,840392204866,5,17
OLL5112049-BGD-X0,840392204897,1,17
OLL4212082-BK-LX,840392206174,1,22
NN-BNNXFNS,810121172520,14,5
NN-YNNXFNS,810121172506,5,5
NN-TATXFNS,810121172148,7,5
NN-BGULSOSP,810121172117,5,5.5
NN-FAADDSNS,810121172643,15,5.5
NN-WHISKHBM,810121172476,13,5.5
DTABP230,850031138230,0,12.5
DTABP254,850031138254,755,1.75
BM-ACW-SG,817483017926,14,15.76
BM-ACP-PW,817483017940,4,15.76
BM-ACD-DR,817483017957,6,15.76
BM-REB-BY,817483017933,15,21.03
NT3145-1,782631314519,24,23
NT3145-2,782631314526,21,23
NT3146-1,782631314618,29,22.05
NT3146-2,782631314625,32,22.05
NT3149-1,782631314915,15,27.6
NT3149-2,782631314922,35,27.6
NT3181,782631318104,13,19.8
NT3183,782631318302,21,19.8
NT3192-1,782631319217,6,38.6
SE0647-05,716770108340,19,23.6
SE0647-10,716770108357,11,28.45
SE0647-15,716770108364,10,28.45
SE4389-05,716770107459,17,38.45
SE4389-10,716770107466,28,41.2
SE4370-95,716770110015,19,20.25
SE4370-97,716770110022,1,20.25
SE4370-99,716770110039,8,20.25
SE0650-30,716770110657,6,51.7
SE0650-35,716770110749,7,57.25
SE0650-40,716770110770,6,57.25
SE3300-77,716770107053,25,17.75
SE3300-83,716770109941,16,17.75
SE3300-85,716770109958,11,17.75
SE3300-87,716770109965,5,17.75
SE4365-50,716770110572,12,22.5
SE4365-60,716770110596,36,23.35
SE0619-50,716770106612,12,32.75
MPE8862-PR-L0,190602112567,3,15.95
MPE8867-TL-LX,190602112796,7,10.95
MPE8870-BG-LX,190602112918,3,14.95
MPE8889-BK-LX,190602113779,2,19.95
MPE8873-NV-SM,190602197489,5,19.95
MPE8873-NV-LX,190602197496,17,19.95
SE0619-55,716770106629,16,36.85
MPE8878-BG-LX,190602197694,1,17.95
SE0619-60,716770106636,13,36.85
MPE8897-RD-S0,190602197960,9,18.95
MPE8897-RD-M0,190602197977,11,18.95
MPE8897-RD-L0,190602197984,11,18.95
MPE8897-RD-X0,190602197991,14,18.95
MPE7559-RD-LX,190602198011,8,14.95
MPE7559-RD-4X,190602198035,1,16.55
SE2801-13,716770109880,24,17.45
SE2801-28,716770109897,14,19.85
MPE2765-BK-L0,190602113267,1,16.95
MPE2765-BK-X0,190602113274,2,16.95
SE0382-10,716770109989,9,23.5
MPE2766-BK-L0,190602113304,5,15.95
MPE2766-BK-X0,190602113311,1,15.95
SE0382-15,716770109996,12,23.5
MPE2764-RD-S0,190602113205,4,14.95
MPE2764-RD-L0,190602113229,1,14.95
MPE2764-RD-X0,190602113236,6,14.95
SE0382-20,716770110008,4,23.5
SE4300-05,716770111081,12,43.5
SE4445-60,716770103475,9,70.1
SE4445-65,716770103482,13,70.1
XRAH543,848518056658,17,43.386
SE1841-09,716770111098,21,19
SE1841-13,716770111104,12,24.1
SE1843-05,716770111111,15,21.6
SE1843-45,716770111128,11,26.45
SE2678-02,716770110992,9,9.85
SE2678-28,716770111005,11,33.25
SE2678-34,716770111029,12,38.45
C24301-BK-S0,883124186429,10,22
C24301-BK-M0,883124186436,9,22
C24301-BK-L0,883124186443,13,22
C24302-BK-S0,883124186450,5,22
SE0920-10,716770110688,25,12.1
C24303-BK-S0,883124186511,0,26.4
C24303-BK-M0,883124186528,1,26.4
C24303-BK-L0,883124186535,7,26.4
SE0920-20,716770110695,12,12.1
C24308-RD-S0,883124186689,0,24.2
C24308-RD-M0,883124186696,1,24.2
SE4410-22,716770106995,59,25.7
C24308-RD-L0,883124186702,5,24.2
SE4410-23,716770107008,42,32.25
C24321-BK-OS,883124187105,0,11
C24321-BK-OQ,883124187112,4,11
C24321-RD-OQ,883124187136,4,11
C24321-RD-OS,883124187129,0,11
SE5505-00,716770106261,18,19.25
SE5505-05,716770106278,8,19.25
SE5505-10,716770106285,14,19.25
SE5505-50,716770106292,19,6.85
SE5505-55,716770106308,33,6.85
SE5505-60,716770106209,31,6.85
C24320-PL-OS,883124187082,0,13.2
C24320-PL-OQ,883124187099,3,13.2
SE0892-55,716770110510,20,15.7
SE0892-60,716770110527,21,15.7
SE0960-80,716770106858,15,23.45
SE0960-85,716770106865,10,23.45
SE0371-10,716770108715,14,31.5
SE0851-55,716770110725,1,131.75
SE5666-05,716770107022,22,17.6
SE5666-07,716770107039,16,17.6
SE5666-10,716770107015,0,20.6
C24305-RD-L0,883124186566,5,30.25
C24305-RD-X0,883124186573,7,30.25
SE5550-10,716770110602,4,45.35
C24305-RD-2X,883124186580,8,30.25
PD4470-23,603912775396,3,330
SE5550-15,716770110619,3,45.35
PD4563-23,603912775686,6,88
SE5550-30,716770110626,8,54.75
SE0913-15,716770106759,3,67.7
SE0913-17,716770106766,4,67.7
PDRD631-21,603912775815,7,137.5
PDRD631-29,603912775822,0,137.5
PDRD632-21,603912775839,8,110
PDRD632-29,603912775846,2,110
SE0913-70,716770108753,4,67.7
PDRD550-23,603912775723,4,100
SE0887-10,716770110701,8,27.45
SE0887-12,716770110718,8,27.45
PDRD553-23,603912775754,9,88.5
PDRD422-29,603912775488,20,6
PDRD423-29,603912775495,15,6
PDRD424-29,603912775501,4,6
PD4158-21,603912775709,16,30.5
PD4158-29,603912775587,16,30.5
PD4159-21,603912775594,16,33
PD4159-29,603912775716,6,33
PD4160-21,603912775617,16,36
PD4160-29,603912775624,14,36
HPB-985B,710022364911,304,49.9
HPB-985P,710022365055,19,49.9
HPB-973BLU,710022365048,31,39.9
HPB-973BL,710022364904,5,39.9
HPB-975BL,710022364928,3,43.9
HPB-975BLU,710022365062,31,43.9
HPB-984WR,710022365093,16,46.5
HPB-986BL,710022365123,10,53.9
HPB-986PU,710022365130,31,53.9
GW2468-PR-OS,703674869255,7,15.5
SS360-02,646709360023,6,110
GW2465-BK-OS,703674869330,11,14.95
SS360-04,646709360047,8,75.79
GW2459-LA-OS,703674869453,8,14.5
SS360-10,646709360108,9,69.96
GW2453-PK-OS,703674869293,11,14.95
GW2462-BG-OS,703674869286,6,15.95
SS360-11,646709360115,32,29.15
SS360-13,646709360139,11,22
SS360-14,646709360146,5,40.81
SS360-15,646709360153,4,23.32
GW2452-PK-OS,703674869408,10,15.95
SS360-16,646709360160,25,23.32
GW2461-NV-OS,703674869385,4,14.95
SS360-17,646709360177,18,21.5
SS360-18,646709360184,17,21.5
GW2454-RP-OS,703674869323,0,15.95
GW2455-RD-OS,703674869361,12,15.95
MX-SHOMAS01,793072183015,17,25
MX-PSPMAS01P,793072183008,9,35
MX-PERRINS01,793072182971,17,10
MX-GRIMAS01,793072182988,12,20
MX-STAMAS01,793072182964,21,35
MX-STRMAS01,793072182483,22,75
MX-VIBMAS01,793072182490,10,50
MX-SUCMAS02,793072182506,16,65
MX-SUCMOU01,793072182537,20,15
MX-WARDRY01,793072182551,18,25
NT3193-1,782631319316,12,35.85
NT3193-2,782631319323,1,35.85
NT3194-1,782631319415,5,35.85
NT3194-2,782631319422,17,35.85
NT3195-2,782631319521,7,35.85
PLPC7523R,802991613982,7,9
PLPC75237,821555180333,14,9
PLPC75237AQ,821555180340,6,9
PLPC75237P,821555180357,10,9
PLPC75245,802991609930,3,15
PLPC75215,821555180371,8,11
PLPC75216,821555180388,5,10
PLPC75853LHBL,821555180807,0,8
PLPC75853LHG,821555180548,0,8
PLPC75853LHP,821555180555,4,8
PLPC75853LHW,821555180562,0,8
CYEM3900,609224032929,6,30.25
HPB-963BLU,710022364706,23,49.9
8379-TTSCHR,792264880121,19,5.75
8379-TTSCAK,792264880145,18,5.75
HPB-963RE,710022364713,28,49.9
FE-FF-1047-2D,810119282781,5,45
FE-FF-1047-04,810119282798,18,45
FE-FF-1048-2D,810119283047,36,30
FE-FF-1048-01,810119283030,23,30
FE-FF-1048-04,810119283023,10,30
MEG2032,198168610367,68,45
HPB-978BL,710022364966,34,44.9
HPB-968LB,710022364355,37,42.5
HPB-972BL,710022364881,8,24.43
HPB-931RE,710022364133,5,46.5
HPB-938BLR,710022364218,7,46.5
BM-4BDMN-BB,817483015892,10,8.18
BM-4BDMN-KW,817483015915,1,8.18
ROLI718-RD-L0,019468589804,3,18.5
ROLI720-RD-X0,019468589965,4,23
ROLI711-BK-S0,019468589378,2,18
ROLI711-BK-L0,019468589354,1,18
LITCP-1197,817717011973,5,3.3
ROLI712-BK-S0,019468589446,6,18.5
ROLI712-BK-M0,019468589439,6,18.5
ROLI712-BK-L0,019468589422,4,18.5
ROLI712-BK-X0,019468589453,5,18.5
ROLI706-TL-L0,019468589019,3,21
ROLI706-TL-X0,019468589040,5,21
ROLI708-TL-S0,019468589163,0,16
ROLI708-TL-M0,019468589156,2,16
ROLI708-TL-L0,019468589149,1,16
ROLI708-TL-X0,019468589170,2,16
ROLI725-GD-S0,019468590206,1,22.5
ROLI725-GD-X0,019468590213,4,22.5
ROLI727-GD-S0,019468590305,2,19.5
ROLI727-GD-M0,019468590299,8,19.5
ROLI727-GD-L0,019468590282,13,19.5
ROLI727-GD-X0,019468590312,8,19.5
ROLI752-BK-S0,019468591111,0,15
ROLI752-BK-M0,019468591104,4,15
ROLI752-BK-L0,019468591098,6,15
ROLI752-BK-X0,019468591128,8,15
ROLI751-BK-X0,019468591067,2,15
LITCP-1174,817717011744,14,4.4
LITCP-1175,817717011751,12,4.4
LITCP-1163,817717011638,65,5.5
STH11689-PR-S0,840091746230,6,16.25
STH11689-PR-M0,840091746247,9,16.25
STH11689-PR-L0,840091746254,8,16.25
STH11689-PR-X0,840091746261,3,16.25
STH11689-PR-2X,840091746278,1,17.25
STH11709-GR-M0,840091745790,1,14.5
MEG1434,198168714348,85,39.99
LITBG-125,685634104005,14,6.6
LITBG-124,685634103992,77,6.6
STH11699-BK-S0,840091746537,4,4
STH11699-BK-X0,840091746568,1,4
STM11712-RD-OS,840091745073,10,14.75
STM11712-RD-OQ,840091745080,6,15.75
LITBG-120,685634104036,46,9.35
STH11717-BK-S0,840091745097,2,3.5
STH11717-BK-M0,840091745103,0,3.5
STH11717-BK-L0,840091745110,0,3.5
STH11717-BK-X0,840091745127,7,3.5
LITCP-1164,817717011645,92,1.1
LITCP-1165,817717011652,0,1.1
STH11717-BK-2X,840091745172,4,4
LITCP-1166,817717011669,32,1.1
STH11717-RD-S0,840091745134,1,3.5
STH11717-RD-M0,840091745141,0,3.5
STH11717-RD-L0,840091745158,1,3.5
STH11717-RD-XL,840091745165,4,3.5
STH11717-RD-2X,840091745202,3,4
ROLI777-BK-L0,019468592446,2,10
ROLI777-BK-X0,019468592477,4,10
BM-4BDW-BB,817483015731,6,11.81
BM-4BDW-KW,817483015755,0,11.81
BM-4BDW-ST,817483015762,3,11.81
BM-4BFS-GP,817483015984,7,7.72
BM-4BFS-ST,817483016004,8,7.72
BM-4BHARXL-BB,817483016066,18,10
BM-4BHARXL-GP,817483016073,31,10
BM-4BHARXL-KW,817483016080,16,10
BM-4BSK-BB,817483015816,4,10
BM-4BSK-GP,817483015823,4,10
BM-4BSK-KW,817483015830,4,10
BM-4BSK-ST,817483015847,8,10
BM-4TDMN-BB,817483015939,28,8.18
BM-4TDMN-GP,817483015946,6,8.18
BM-4TDMN-KW,817483015953,7,8.18
BM-4TDMN-ST,817483015960,2,8.18
BM-4TDW-BB,817483015779,3,11.81
BM-4TDW-GP,817483015786,12,11.81
BM-4TDW-KW,817483015793,5,11.81
BM-4TDW-ST,817483015809,7,11.81
BM-4TFS-BB,817483016011,6,7.72
BM-4TFS-ST,817483016042,2,7.72
BM-4THARXL-BB,817483016103,11,10
BM-4THARXL-GP,817483016110,32,10
BM-4THARXL-KW,817483016127,9,10
BM-4TSK-GP,817483015861,2,10
BM-4TSK-KW,817483015878,4,10
BM-4TSK-ST,817483015885,13,10
NOBT-NU14BL,9342851003719,4,22.5
NOBT-NU14PU,9342851003726,0,22.5
NOBT-NU15PU,9342851003757,15,32.5
NOBT-W91EG,9342851003764,10,37.5
NOBT-W91HP,9342851003771,2,37.5
NOBT-W92EG,9342851003788,9,37.5
NOBT-W92HP,9342851003795,14,37.5
NOBT-W93EG,9342851003801,6,42.5
NOBT-W93HP,9342851003818,6,42.5
IBIC4030,847841040303,11,12.5
IBIC4031,847841040310,20,12.5
IBIC4032,847841040327,6,12.5
IBIC4033,847841040334,14,12.5
IBIC4050,847841040501,12,25
IBIC1332,847841013321,14,17.5
IBIC1333,847841013338,9,17.5
FE-SH-6001-03,810119282545,19,25
FE-SH-6001-07,810119282552,22,25
FE-SH-6001-37,810119282569,18,25
FE-SH-6002-03,810119281616,18,25
FE-SH-6002-37,810119281630,18,25
FE-SH-6002-07,810119281623,34,25
FE-SH-6003-03,810119282804,15,35
FE-SH-6003-07,810119282811,16,35
FE-SH-6003-37,810119282828,7,35
FE-SH-817-07,810119282583,5,36.5
FE-SH-817-37,810119282590,11,36.5
FE-SH-818-03,810119282606,3,40.5
FE-SH-818-07,810119282613,15,40.5
FE-SH-818-37,810119282620,2,40.5
FE-SH-819-03,810119282637,16,44
FE-SH-819-07,810119282644,10,44
FE-SH-819-37,810119282651,25,44
FE-SH-820-03,810119282668,16,48
FE-SH-820-37,810119282682,6,48
NSN-0245-15,657447110399,0,15.35
NSN-0245-34,657447110412,8,25.55
NSN-0245-02,657447110382,5,14.1
NSN-0245-28,657447110405,7,17.6
NSN-0245-47,657447110436,8,16.1
NSN-0245-54,657447110443,7,36.25
NSN-0245-69,657447110450,7,19.55
NSN-0245-75,657447110467,9,24.9
NSN-0383-09,657447110474,5,12.35
NSN-0383-18,657447110481,4,13.85
BL17583,702730697788,16,21.651
NSN-0383-25,657447110498,18,17.35
ANE5721-24,850040572124,22,50
NSN-0384-05,657447110504,5,3.15
NSN-0384-17,657447110511,3,5
NSN-0384-21,657447110535,33,1.65
NSN-0384-30,657447110542,51,2.1
NSN-0384-41,657447110559,8,3.6
NSN-0385-01,657447110566,2,10
NSN-0385-15,657447110573,0,8.2
NSN-0385-28,657447110580,23,6.5
NSN-0385-37,657447110597,21,8.5
NSN-0412-01,657447110603,7,11.85
NSN-0412-02,657447110610,7,11.85
NSN-0412-11,657447110634,10,16.55
NSN-0412-12,657447110641,3,16.55
NSN-0412-21,657447110658,2,23.8
NSN-0412-22,657447110665,8,23.8
NSN-0561-09,657447110672,4,41.5
NSN-0561-16,657447110689,10,16.95
NSN-0561-34,657447110702,15,37.65
NSN-0700-21,657447110719,3,24.55
NSN-0960-05,657447110733,2,21.7
NSN-0968-04,657447110740,19,5.95
NSN-0968-14,657447110757,10,8.1
NSN-1105-80,657447110764,7,14.35
NSN-1111-03,657447110771,20,5.25
NSN-1132-48,657447110788,10,24.8
NSN-1132-49,657447110795,9,24.8
NSN-0561-24,657447110696,13,13.55
KR11062-A,8720938956355,9,59.5
KR21020-A,8720938956218,2,29.5
RPKS1SGZ,4251460631631,13,20
RPTY1SG4,4251460631853,30,30
RPPR1SG9,4251460632409,15,22.5
RP281SGZ,4251460632317,29,22.5
RPPU1SG4,4251460632300,32,27.5
SS099-70,646709099701,22,11
SS099-71,646709099718,12,12.83
SS099-72,646709099725,34,14.58
SS099-74,646709099749,33,9.91
SS099-75,646709099756,14,9.625
SS099-78,646709099787,23,12.83
SS099-79,646709099794,32,8.75
SLQ-109,850050864134,178,7.5
SLQ-110,850050864141,107,12
UMBM-PT,5060140200093,16,10.5
EN-RS-4905,844477024905,9,22.99
ROLI6433-BK-S0,019468581976,1,9.5
ROLI6433-BK-L0,019468581952,1,9.5
ROLI6433-BK-X0,019468581983,7,9.5
ROLI6434-BK-M0,019468582065,3,13.5
ROLI6434-BK-L0,019468582058,2,13.5
ROLI6434-BK-X0,019468582089,8,13.5
ROLI6437-BK-S0,019468582270,6,16.5
ROLI6437-BK-M0,019468582263,4,16.5
ROLI6437-BK-L0,019468582256,5,16.5
ROLI6436-BK-SM,019468582225,1,10
ROLI6436-BK-ML,019468582218,5,10
ROLI6439-LA-S0,019468582447,9,13.5
ROLI6439-LA-M0,019468582430,7,13.5
ROLI6439-LA-L0,019468582423,6,13.5
ROLI6439-LA-X0,019468582454,3,13.5
ROLI6544-LA-S0,019468586865,9,17.5
ROLI6544-LA-M0,019468586858,4,17.5
ROLI6544-LA-L0,019468586841,10,17.5
ROLI6544-LA-X0,019468586872,5,17.5
ROLI6443-PK-M0,019468582652,1,11.5
ROLI6443-PK-L0,019468582645,3,11.5
ROLI6453-PK-S0,019468583222,3,13.5
ROLI6453-PK-M0,019468583215,6,13.5
ROLI6453-PK-L0,019468583208,7,13.5
ROLI6453-PK-X0,019468583239,8,13.5
EN-RS-4851,844477024851,21,23.99
EN-RS-3632,844477023632,21,65.99
EN-RS-5438,844477025438,11,37.99
EN-RS-5452,844477025452,15,23.99
EN-RS-5445,844477025445,4,36.99
ZE-RS-5094,844477025094,1,21.99
ZE-RS-5117,844477025117,19,24.99
ZE-RS-5155,844477025155,3,28.99
GX-GL-4127,844477024127,19,34.99
GX-RS-5049,844477025049,4,25.99
SL-RS-4172-2,844477024172,25,24.99
SL-RS-5186,844477025186,14,21.99
SL-RS-5384,844477025384,8,24.99
SL-RS-5421,844477025421,8,23.99
PB-RS-5254,844477025254,17,54.99
PB-RS-4639,844477024639,10,66.99
PB-RS-5292,844477025292,15,54.99
LP6033326,3700436033326,26,20.694
LP6033340,3700436033340,29,20.7
DJ0682-41,782421094928,206,20.1
DJ1360-81,782421095468,34,2.48
DJ1360-80,782421095451,32,2.48
DJ1360-82,782421095475,27,2.48
DJ1360-83,782421095482,35,2.48
DJ1360-84,782421095499,22,2.48
DJ1363-21,782421095031,49,12.07
DJ1363-05,782421093624,52,8.85
MEP392-PR-SM,671241125939,6,21.95
MEP392-PR-LX,671241125946,9,21.95
MEP392-PR-2X,671241125953,1,23.95
LW-053BLU,4890808292884,5,80
MEP393-PR-SM,671241125960,0,21.95
MEP393-PR-LX,671241125977,0,21.95
MEP393-PR-2X,671241125984,0,23.95
MEP394-PR-SM,671241125991,5,20.95
MEP394-PR-LX,671241126004,3,20.95
MEP394-PR-2X,671241126011,0,20.95
MEP451-PR-SM,671241126028,0,4.95
MEP451-PR-LX,671241126035,0,4.95
MEP451-PR-OQ,671241126042,2,5.95
NSN-1132-58,657447110801,6,24.8
NSN-1132-59,657447110818,8,24.8
NSN-1132-69,657447110832,19,31.8
NSN-1132-79,657447110849,0,28.9
MEP404-BK-SM,671241126080,0,16.95
MEP404-BK-LX,671241126097,1,16.95
MEP404-BK-OQ,671241126103,0,18.95
MEP405-BK-SM,671241126141,16,21.95
MEP405-BK-LX,671241126158,16,21.95
MEP405-BK-OQ,671241126165,10,23.95
MEP406-BK-SM,671241126202,5,22.95
MEP406-BK-LX,671241126219,7,22.95
MEP404GB-MT-SM,671241126110,7,16.95
MEP404GB-MT-LX,671241126127,4,16.95
MEP404GB-MT-OQ,671241126134,8,18.95
NSN-1165-13,657447110955,7,15.8
NSN-1165-11,657447110948,8,16.6
NSN-1165-03,657447110931,7,14.1
MEP407GB-MT-SM,671241126295,4,18.95
NSN-1165-01,657447110917,12,14.1
MEP407GB-MT-LX,671241126301,6,18.95
MEP407GB-MT-OQ,671241126318,7,20.95
NSN-1161-43,657447110900,9,17.45
MEP406GB-MT-SM,671241126233,7,22.95
MEP406GB-MT-LX,671241126240,11,22.95
MEP406GB-MT-OQ,671241126257,4,24.95
NSN-1161-38,657447110894,4,26.65
MEP169-PK-OS,671241126448,0,8.95
MEP169-WH-OS,671241126455,7,8.95
MEP170-PK-OS,671241126462,1,8.95
MEP170-WH-OS,671241126479,0,8.95
NSN-1161-23,657447110887,24,13.55
NSN-1161-19,657447110870,0,16.95
MEP171-PK-OS,671241126486,0,8.95
MEP171-WH-OS,671241126493,0,8.95
MEP173-PK-OS,671241126523,0,8.95
MEP173-WH-OS,671241126530,0,8.95
NSN-1150-03,657447110856,8,16.6
MEP397-RD-SM,671241125786,0,18.95
MEP397-RD-LX,671241125793,0,18.95
MEP397-RD-OQ,671241125809,0,20.95
MEP441-RD-SM,671241126561,0,4.95
MEP441-RD-LX,671241126578,3,4.95
MEP441-RD-OQ,671241126585,0,5.95
MP143295-AN-S0,845830093699,4,9.5
MP143295-AN-M0,845830093705,0,9.5
MP143295-AN-L0,845830093712,0,9.5
KS12070,739122120708,15,14.5
MP143295-AN-X0,845830093729,7,9.5
KS12071,739122120715,17,14.5
MP392295-AN-SM,845830093736,0,7.5
MP392295-AN-LX,845830093743,0,7.5
MP439295-AN-SM,845830093750,0,8.25
MP439295-AN-LX,845830093767,0,8.25
KS12069,739122120692,9,25
KS13022,739122130226,0,14.5
KS13023,739122130233,0,14.5
KS13024,739122130240,0,14.5
KS13025,739122130257,0,14.5
KS13026,739122130264,0,14.5
DJ1363-22,782421095048,76,12.05
DJ1363-23,782421095147,122,12.05
MP132297-RBW-S0,845830093866,8,10.45
MP132297-RBW-M0,845830093873,8,10.45
MP132297-RBW-L0,845830093880,7,10.45
MP132297-RBW-X0,845830093897,6,10.45
DJ1363-50,782421093464,25,6.62
DJ1363-51,782421093471,48,6.62
MP347297-RBW-SM,845830093903,0,9.95
MP347297-RBW-LX,845830093910,0,9.95
DJ1363-52,782421093488,25,6.62
DJ1363-53,782421093495,12,6.52
DJ1363-54,782421093501,25,6.62
DJ1363-55,782421093600,21,6.62
MP421297-RBW-SM,845830093927,3,8.45
MP421297-RBW-LX,845830093934,0,8.45
MP122291-PR-S0,845830093255,7,11.5
MP122291-PR-M0,845830093262,0,11.5
MP122291-PR-L0,845830093279,7,11.5
MP122291-PR-X0,845830093286,11,11.5
MP122291-BK-S0,845830093217,10,11.5
MP122291-BK-M0,845830093224,3,11.5
MP122291-BK-L0,845830093231,4,11.5
DJ1363-60,782421095192,122,10.17
MP122291-BK-X0,845830093248,8,11.5
MP386291-PR-SM,845830093354,0,10.25
MP386291-PR-LX,845830093347,3,10.25
MP416291-BK-SM,845830093293,4,9.25
MP416291-BK-LX,845830093309,4,9.25
PL20048-BK-OS,198441029688,14,8
DJ1364-05,782421094751,37,6.42
DJ1364-06,782421094768,24,6.42
DJ1364-07,782421094775,26,6.42
DJ1364-08,782421094782,20,6.42
DJ1364-09,782421094799,27,6.42
PL20047-BK-OS,198441029671,0,7
PL27067-BK-OS,198441042748,12,9
DJ1364-25,782421094812,53,6.42
PL25129-BK-OS,198441042724,13,9
PL25129-PK-OS,198441042731,14,9
PL25131-BK-OS,198441029695,10,7
PL23118-BK-OS,198441042717,11,14
DJ1364-26,782421094829,37,6.42
DJ1364-27,782421094836,27,6.42
DJ1364-28,782421094843,33,6.42
DJ1364-29,782421094850,31,6.42
DJ5200-44,782421086091,6,38.8
DJ5200-45,782421086107,32,38.8
DJ5200-46,782421086213,44,38.8
DJ5200-49,782421086893,18,38.8
DJ5200-65,782421086909,8,38.8
DJ5200-66,782421086916,5,38.8
DJ5200-67,782421086923,6,38.8
DJ5200-68,782421086930,5,38.8
DJ5200-71,782421086961,6,38.8
DJ5200-72,782421087104,9,38.8
DJ5200-73,782421087111,3,38.8
DJ5200-74,782421087456,5,38.8
DJ5200-75,782421087425,25,38.8
DJ5200-76,782421087432,8,38.8
DJ5200-77,782421087449,6,38.8
DJ5200-78,782421089542,7,38.8
DJ5200-83,782421090043,9,38.8
DJ5200-85,782421090081,4,38.8
DJ5200-89,782421091323,4,38.8
DJ5200-97,782421091842,16,38.8
DJ5201-01,782421091736,5,38.8
DJ5510-44,782421086206,44,14.57
DJ5510-45,782421086183,23,14.57
DJ5510-46,782421086176,12,14.57
DJ5510-49,782421086985,20,14.57
DJ5510-65,782421086992,23,14.57
DJ5510-66,782421087005,9,14.57
DJ5510-67,782421087012,15,14.57
ELD-HT-P3,4890808153048,5,12
DJ5510-68,782421087029,3,14.57
DJ5510-71,782421087050,25,14.57
LOV0364,6972677430364,89,99
DJ5510-72,782421087128,2,14.57
DJ5510-73,782421087135,9,14.57
DJ5510-74,782421087463,8,14.57
DJ5510-75,782421087470,12,14.57
DJ5510-76,782421087487,22,14.57
DJ5510-77,782421087494,3,14.57
DJ5510-78,782421089559,18,14.57
DJ5510-83,782421090050,20,14.57
DJ5510-85,782421090098,22,14.57
DJ5510-89,782421091330,18,14.57
DJ5510-97,782421091859,9,14.57
DJ5511-01,782421091743,27,14.57
NXRIS001,5060274221759,8,7.5
HP3650,818631036509,19,2.1
HP3651,818631036516,24,3.5
HP3652,818631036523,32,2.25
SENVL170-ML,855559009529,16,14.98
SENVL160-ML,855559009567,17,11.98
SENVL184-ML,855559009147,63,1.89
HP3653,818631036530,11,1.9
HP3654,818631036547,23,9
HP3657,818631036578,11,2
HP3658,818631036585,30,1.85
HP3659,818631036592,53,1.6
HP3660,818631036608,156,1.6
HP3664,818631036646,0,2
HP3665,818631036653,19,3
HP3666,818631036660,6,4.6
HP3667,818631036677,25,2.35
HP3656,818631036561,8,4.6
HP3655,818631036554,12,2.2
HP3498,818631034987,15,28
HP3499,818631034994,11,25
NSN-0403-17,657447100154,10,18.7
NSN-0403-77,657447102820,12,21.9
PIN4002-10,638258905978,22,10.45
PIN4003-10,638258905985,108,10.95
PIN4004-10,638258905992,38,10.45
PIN4005-10,638258906005,39,10.95
PJPAM03003,827160112240,14,36
PJPAC03003,827160112264,12,24
PIN5002-15,638258906081,21,10.95
PJPBC03005,827160112271,43,24
PIN5003-15,638258906098,26,10.95
SENVL182-ML,855559009215,43,1.89
PIN5004-15,638258906104,27,10.95
SENVL511-ML,855559009314,35,1.89
SENVL176-ML,855559009277,27,1.89
PIN5005-15,638258906111,11,10.95
SENVL193-ML,855559005903,20,1.89
SENVL195-ML,855559009499,23,1.89
SENVL177-M,855559009086,7,11.98
SENVL179-M,855559009116,24,11.98
SENVL175-M,855559009253,11,11.98
SENVL521,810002665219,42,1.95
SENVL555,810002665554,13,1.95
SENVL553,810002665530,24,1.95
SENVL450,810002664502,17,5.75
SENVL441,810002664410,8,5.75
SENVL448,810002664489,18,5.75
SENVL449,810002664496,15,5.75
SENVL440,810002664403,13,5.75
SENVL442,810002664427,7,5.75
PIN2502-00,638258906197,18,13.95
BI-300038,6959532329544,1,13.44
BI-300076HP,6959532360905,25,31.36
BI-300051HP,6959532336238,35,26.6
BI-300036,6959532329391,0,19.32
RGFP011-BK,5060363868544,0,7.75
RGFP010-RD,5060363868513,9,10.35
RGFP010-BK,5060363868520,0,10.35
RGFP007-BK,5060363868384,0,12.25
RGFP002-BK,5060363868346,0,20.25
PIN2504-00,638258906210,24,13.95
PIN2505-00,638258906227,19,13.95
PIN6001-60,638258906395,53,16.25
PIN6002-60,638258906401,17,16.25
PIN6003-60,638258906418,18,16.25
PIN4101-10,638258906425,29,10.45
PIN4102-10,638258906432,33,10.95
PIN4103-10,638258906449,21,10.45
SE1633-05,716770101914,5,14.45
SE1633-10,716770101921,15,14.45
SE1632-20,716770106896,27,9.45
SE1633-30,716770101976,15,26.95
SE1632-15,716770106889,29,8.5
SE1633-20,716770101945,2,15.35
SE1633-15,716770101938,14,15.35
SE1632-10,716770106872,17,7.25
SE1633-35,716770101983,14,26.95
SE1632-50,716770109453,17,12.5
SE1633-40,716770101990,1,26.95
SE1633-45,716770102003,3,26.95
SE1634-10,716770109316,12,31.2
SE1634-11,716770109323,13,31.2
SE1634-00,716770109293,13,31.2
SE1634-01,716770109309,9,31.2
SE1632-90,716770110664,7,20.1
SE1632-70,716770110640,18,16.25
SENVL461,810002664618,237,0.98
SENVL460,810002664601,237,0.98
NB001404,694182214043,0,3.34
NB001402,694182214029,0,3.34
SENVL466,810002664663,17,0.98
NB001510,694182020194,0,3.34
SENVL463,810002664632,237,0.98
NB001407,694182214074,0,3.34
NB001809,694182023423,0,3.34
SENVL389,810002663895,12,4.48
SENVL382,810002663826,21,5.12
SENVL388,810002663888,18,4.48
SENVL386,810002663864,9,5.12
SENVL385,810002663857,15,5.12
SENVL384,810002663840,8,5.12
SENVL412,810002664120,12,5.12
SENVL413,810002664137,7,5.12
SENVL415,810002664151,11,5.12
NB001512,694182020217,0,3.34
SENVL416,810002664168,26,5.12
SENVL417,810002664175,9,5.12
SENVL418,810002664182,7,5.12
NB001511,694182020200,0,3.34
NB001408,694182214081,0,3.34
NB001409,694182214098,0,3.34
NB001606,694182021306,0,3.34
NB001406,694182214067,0,3.34
SHTOU961BLK,8714273055934,2,119.95
SHTOU970BLKRD,8714273056023,11,119.95
SHTOU979BLK,8714273056115,9,119.95
SHTOU988BLK,8714273056375,7,119.95
SHTOU988PNK,8714273056399,4,119.95
SHTOU997BLK,8714273056481,4,119.95
SHTOU1005BLK,8714273056641,6,119.95
SHTOU1013BLK,8714273056801,6,119.95
SHTOU1046BLK,8714273058140,36,7.95
SHTOU1046BUR,8714273043139,33,7.95
XRAH533,848518056467,4,81.726
SHTOU1046LEO,8714273042880,22,7.95
SHTOU1046MUL1,8714273042989,21,7.95
SHTOU1046MUL2,8714273043023,29,7.95
SHTOU1046PNK,8714273043122,39,7.95
SHTOU1046SNO,8714273042781,25,7.95
SHTOU1046TIG,8714273042873,35,7.95
SHTOU1047BLK,8714273058218,29,5.95
SHTOU1047RED,8714273058249,4,5.95
FTD2414-PK-SM,657447320569,1,15.5
FTD2414-PK-ML,657447320576,2,15.5
FTD2414-PK-LX,657447320583,11,15.5
FTD2415-BK-ML,657447320613,4,17
SHTOU1048BLK,8714273058263,19,5.95
SHTOU1048RED,8714273058294,10,5.95
FTD2415-BK-LX,657447320620,7,17
FTD2417-NV-SM,657447320682,0,18.5
FTD2417-NV-ML,657447320699,2,18.5
FTD2417-NV-LX,657447320705,0,18.5
SHTPMP050BLK,8714273055330,0,32.95
SHTPMP050PNK,8714273055323,11,32.95
SHTPMP051BLK,8714273055361,11,39.95
SHTPMP051PNK,8714273055354,2,39.95
SHTPMP052BLK,8714273055392,8,39.95
SHTPMP052PNK,8714273055385,10,39.95
SHTPMP053BLK,8714273058157,3,69.95
SHTPMP053GRY,8714273057938,4,69.95
SHTPMP054BLK,8714273058058,15,12.5
SHTPMP054TRA,8714273058119,11,12.5
SHTPMP055BLK,8714273057945,22,12.5
SHTPMP055TRA,8714273057952,18,12.5
SHTPMP056BLK,8714273058324,4,59.95
SENVL788-ML,810002660894,275,1.05
SENVL340-ML,855559003770,12,1.05
FTD2414-BK-SM,657447320521,0,15.5
FTD2414-BK-ML,657447320538,0,15.5
FTD2414-BK-LX,657447320545,5,15.5
RPRR43003-GR-LX,196018769562,1,9
RPRR43003-BL-SM,196018769616,10,9
RPRR43003-BL-LX,196018769609,1,9
ELD-LM-003,4890808285299,10,35
ELD-LM-004,4890808285305,13,30
ELD-LM-005,4890808285312,7,30
ELD-LM-006,4890808285329,11,35
HPB-964B,710022365185,14,43.5
HPB-987L,710022365147,8,46.5
ELD-LM-007,4890808285336,6,30
ELD-LM-008,4890808285343,6,30
ELD-LM-009,4890808285350,6,40
ELD-LM-010,4890808285367,12,30
ELD-GEM-001-GLD,4890808285398,1,12
ELD-GEM-003,4890808285411,15,24.5
ELD-GEM-004,4890808285428,9,24.5
ELD-GEM-005,4890808285435,2,17.5
ELD-GEM-006,4890808285442,10,17.5
WVWZFS1SG3,4251460623780,13,69.5
WVWZFS1SG6,4251460623797,18,69.5
WVWZFS1SG5,4251460612982,19,69.5
WVSNWD2SG4,4251460623124,17,79.5
8284-HRTMELTRD,792264879736,22,5.4
8284-PRCFLRLT,792264879620,18,5.4
8284-PRCPLSLQ,792264879637,14,5.4
DG0523-BG-OS,888368362387,3,15.24
DG13673-BG-OS,888368361885,3,16.96
DG13673-BG-OQ,888368361892,1,18.11
DG13658-BG-S0,888368361342,14,19.84
DG13658-BG-M0,888368361335,6,19.84
DG13658-BG-L0,888368361328,7,19.84
DG13658-BG-X0,888368361359,4,19.84
DG0525-PR-OQ,888368362417,0,14.66
DG0517-RD-OQ,888368362547,10,19.49
DG0527-BK-OS,888368362431,2,17.83
DG13668-WH-S0,888368361793,0,21.28
DG13668-WH-M0,888368361786,2,21.28
DG13668-WH-L0,888368361779,6,21.28
DG13668-WH-X0,888368361809,10,21.28
DG13668-WH-1X,888368361816,13,23.58
DG13655-BK-S0,888368361267,2,23.58
DG13655-BK-L0,888368361243,2,23.58
DG13655-BK-X0,888368361274,2,23.58
DG13654-BK-S0,888368361199,2,25.59
DG13654-BK-M0,888368361182,4,25.59
DG13654-BK-L0,888368361175,5,25.59
DG13654-BK-X0,888368361205,0,25.59
DG13654-BK-1X,888368361212,0,27.89
DG13705-RD-OS,888368362226,0,17.54
DG13704-BK-OQ,888368362219,4,20.13
8284-SHL2SFIRD,792264880275,5,5.4
KK-NK-SCREAM,850054576521,9,2.5
KK-NK-BONER,850049885881,2,2.5
KK-SK-RIPFUCKS,850041942131,4,4
KK-SK-GHOSTING,850059990506,2,4
KK-MB-BOWS,850045911584,6,3.5
KK-MB-FLIGHT,850041942780,13,3.5
KK-MB-HOCUS,850045911348,6,3.5
KK-KS-STONEDBONE,850053093425,7,4.5
KK-NS-WITCHDISCO,850045911775,24,4.5
EVA-1852,813686021852,0,22
EVA-1845,813686021845,0,22
XRAH513,848518056214,7,50.05
XRAH216,848518052575,5,11.058
XRAH217,848518052582,4,11.058
XRAH218,848518052599,9,11.058
XRAH521-BLACK,848518056306,1,17.112
XRAH521-Red,848518056313,3,17.112
XRAH522,848518056320,15,17.112
XRAH530,848518056429,14,17.112
WS90974,713079909746,39,8.95
WS90984,713079909845,66,8.95
WS90994,713079909944,37,8.95
XRAH544,848518056665,5,16.68
CN-09-0957-01,653078944747,8,73.7
CN-09-0958-12,653078944754,5,73.7
SE0430-40,716770109507,15,21.95
SE1035-08,716770108777,0,51.25
PM088-03,016169088032,42,3.02
PM038-03,016169038037,36,3.26
BL37587,819835027331,51,21.511
BL37586,819835020578,32,21.518
BL37583,819835020561,30,21.518
BMSMM1202,677613012029,0,13.13
BMS21316,677613213167,0,10.5
BMSEG190074,677613740748,0,19.43
NT3201-1,782631320114,12,35.4
NT3201-2,782631320121,12,35.4
BI-BM009182Z-1,6959532332780,0,39.2
NT3211-1,782631321111,10,23
NT3211-2,782631321128,13,23
NT3212-1,782631321210,16,23
NT3212-2,782631321227,7,23
NT3213-1,782631321319,14,23
NT3213-2,782631321326,15,23
TPCW3006T,762983302426,0,20
TPCW3007PR,762983302495,0,21
TPCW3004PK,762983301146,3,37.5
TPCWC3001L,762983300729,0,30
TPCB2026PK,New,0,40
TPCB2027L,762983302440,15,42.5
TPC1017,762983302662,14,39.99
TPCB2023PR,762983302358,14,49.5
TPCB2017PK,762983301177,23,49.5
CRC-MMATE-BM,5037353011280,4,7
NN-EYETRISNS,614608260881,10,5
NN-WHIPOLVOR,672975646325,10,5.5
NN-FAPFHSNS,810121172728,11,5.5
NN-CHTXFNS,810121172841,7,5
NN-BLANNSGFD,810121172759,6,5.5
RC-SSSC-101,851787008785,7,17.97
RC-SSTB-101,851787008778,12,17.97
RC-SSBG-101,851787008761,23,17.97
RC-SSCF-101,851787008754,8,17.97
BC-ECR03,720184101033,10,10.84
SOHSS1360-BP-X0,760299479825,4,13.95
SOHSS1360-BP-2X,760299479832,6,13.95
GEG000-03,810063486631,13,8.28
GEG000-02,810063486433,6,4.75
SOHSS1397-BK-S0,760299481941,6,11.95
SOHSS1397-BK-M0,760299481958,4,11.95
SOHSS1397-BK-L0,760299481965,2,11.95
SOHSS1397-BK-2X,760299481989,2,11.95
GEG008-47,810063488475,27,12
GEG006-34,810063486341,0,6.4
SOHSS1402-BK-X0,760299480678,3,15.95
GEG006-36,810063486365,4,6.4
SOHSS1376-BK-S0,760299478644,1,14.95
SOHSS1376-BK-L0,760299478668,3,14.95
SOHSS1376-BK-2X,760299478682,2,14.95
LOV0401,6972677430401,104,69
FTSF997-TL-OS,657447321665,0,8.5
FTSF991-RBK-OS,657447321542,0,8.5
FTSF991-RBK-OQ,657447321559,9,9.25
FTSF996-BK-OS,657447321641,8,8.5
FTSF996-BK-OQ,657447321658,8,9
8468-035,9781454950035,1,9
FRPL774735-CP-S0,840202868066,0,12.95
FRPL774735-CP-M0,840202868073,0,12.95
FRPL774735-CP-L0,840202868080,0,12.95
FRPL774735-CP-X0,840202868097,2,12.95
FRPL774736-CP-L0,840202868189,1,12.95
NT3175-1,782631317510,17,29.4
NT3175-2,782631317527,20,29.4
NT3204,782631320404,6,11.05
NT3216-1,782631321616,21,18.4
NT3216-2,782631321623,10,18.4
KS10290,739122102902,12,14.5
BL10009,850002870534,33,4.893
ELD-HT-P6,4890808153079,3,12
KHE-BGR128,825156111628,0,15
KHE-BGA31,825156111635,21,8.5
BI-300081,6959532360981,4,17.61
BI-BW022100HP,6959532361247,9,21.45
CDQ24201-BK-S0,883124185798,0,31.35
CDQ24201-BK-M0,883124185804,3,31.35
CDQ24201-BK-L0,883124185811,1,31.35
CDQ24201-BK-X0,883124185828,4,31.35
BI-210336,6959532361209,330,16.64
BI-BW500033,6959532336597,41,16
BI-BW500033-1,6959532337235,74,16
BI-MC60,6937526502944,0,41.92
BI-BW500034-1,6959532336115,45,47.36
BI-BW500034-2,6959532336122,40,47.36
BI-BW500035-2,6959532336153,30,41.28
BI-BW500035-1,6959532336146,24,41.28
BI-300087,6959532361001,14,24.96
DECTSPS8,850070778237,5,8.743
DECTSPS2,850070778251,5,5.425
DECTSHYB8,071819100014,1,6.643
DECTSHYB2,850070778220,8,4.375
LW-051SLV,4890808280164,4,110
LW-052BLK,4890808280171,9,89.25
FMX0001-RD-OS,804859891068,0,12.95
FMX0001-BK-OS,804859891082,0,12.95
FMX0001-GD-OS,804859891075,0,12.95
FMX0011-BK-OS,804859891440,0,12.95
WO-PKTSGP,PASYBV,554,0.43
WO-SG32GP,740805228321,67,24.17
WO-SS4GP,740805450043,64,3.65
WO-SL16GP,740805128164,29,12.67
FMX0010-BK-OS,804859891426,0,12.95
FMX0010-RD-OS,804859891433,0,12.95
FMX0002-BK-OS,804859891099,0,11.95
KHE-BGD26,825156111581,9,8.5
SS980-30,646709980306,28,35.75
SS980-44,646709980443,36,14.58
SS980-45,646709980450,15,34.98
SENVL820-ML,810002661549,23,12.45
SS980-46,646709980467,16,40.81
SS980-47,646709980474,16,24.97
SS980-48,646709980481,31,29.15
SS980-49,646709980498,11,23.32
SS980-50,646709980504,12,33
FE-LL-7233-01,810119283450,13,23
FE-LL-7232-01,810119283443,3,26
FE-LL-7235-01,810119283474,5,20
FE-LL-7234-01,810119283467,21,26
FE-LL-7228-02,810119283405,12,25
FE-LL-7229-02,810119283412,30,25
FE-LL-7231-02,810119283436,32,28
FE-LL-7230-02,810119283429,12,22.5
FE-LL-7220-02,810119281920,7,20
FE-LL-7222-02,810119281975,14,20
IBIC5066,847841050661,11,60
PIN2503-00,638258906203,40,13.95
XRAH398,848518054548,4,23.358
XRAH445,848518055279,12,16.818
XRAH434,848518055101,51,33.36
CN-09-0967-00,653078944846,18,47.27
HPB-960L,710022365000,5,39.9
XRAF506,848518028563,21,20.382
XRAF531,848518028754,5,17.436
XRAF614,848518029621,21,18.36
XRAF615,848518029638,35,27.606
XRAF616,848518029645,9,34.872
XRAG513-Large,848518039019,2,33.804
XRAG513-Medium,848518039002,14,22.248
XRAH558,848518056832,8,23.358
XRAH518-Swirl,848518056252,23,27.8
XRAH465-Black,848518055521,2,13.338
XRAG462-Blue,848518037664,0,15.738
XRAG462-Purple,848518037688,91,15.738
XRAH204-Pink,848518052094,15,25.44
XRAH205-Black,848518052117,30,14.04
XRAF375,848518027078,1,36.054
FE-FF-1008-21,810119283238,50,30
NXTOR003,5060274221919,9,45
NXTOR002,5060274221667,10,43.75
XRAH476,848518055729,40,20.53
XRAH583-Cinn,848518057143,0,1.48
XRAH583-Spear,848518057150,0,1.48
XRAF505,848518028556,8,20.718
XRAF530,848518028747,13,20.382
XRAH592-Cherry,848518057280,13,1.48
XRAH593,848518057303,5,5.54
XRAH507,848518056139,9,30.066
XRAH452-M,848518055354,4,66.756
XRAH452-S,848518055347,4,66.756
XRAH500,848518056030,9,11.67
XRAH512-Black,848518056191,10,11.67
XRAH512-Red,848518056207,18,11.67
CRC-UNICCT,5037353011631,6,32.5
CRC-UNICML,5037353011648,12,32.5
CRC-UNICOP,5037353011624,9,32.5
CRC-UNILUBWS4,5037353011853,9,6.5
CRC-UNIBBBUL,5061076320015,11,12.5
CRC-UNIBDBUL,5061076320060,14,12.5
CRC-UNICBBUL,5061076320053,7,12.5
CRC-UNIHTBUL,5061076320022,9,12.5
CRC-UNIKLBUL,5061076320039,10,12.5
CRC-UNIMPBUL,5061076320008,7,12.5
CRC-UNIWSBUL,5061076320046,6,12.5
CRC-UNINM,5037353011655,22,27.5
OLL4011934-PK-LX,840392203784,7,13
OLL5211934-PK-SM,840392203852,7,13
OLL5211934-PK-LX,840392203845,4,13
NT3218,782631321807,13,25.75
NT3219-2,782631321920,20,32.65
NT3222-1,782631322217,22,37.25
NT3222-2,782631322224,11,37.25
NT3232-1,782631323214,9,32.65
NT3232-2,782631323221,16,32.65
EN-RS-5858,844477025858,12,49.99
PB-RS-5612,844477025612,7,32.99
ZE-RS-5124,844477025124,14,30.99
GX-RS-5018,844477025018,16,20.99
BEA6722,843445030658,2,44.5
BEA6723,843445030702,8,64.5
BEA6724,843445030757,5,44.5
BEA6728,843445030801,6,44.5
BEA6729,843445030856,0,64.5
LOV0265,6972677430265,104,19
WS99220,713079992205,47,11.95
PB-FWT2,184755000703,83,7.02
PB-FWT4,184755000710,89,9.72
PB-FWT8,184755000727,25,14.04
PB-FWT16,184755000734,17,21.06
BI-BW022101HP,6959532361261,0,28.81
XRAH282,848518053114,31,56.742
XRAH365,848518054203,3,66.018
WVSNJV4SG3,4251460631426,41,69.5
WVSNSZ3SG4,4251460631457,0,84.5
WVNVC4SG9,4251460631501,21,74.5
WVSNSZ7SG4,4251460631488,15,89.5
PD4564-23,603912775891,81,72.5
PD4794-23,603912775778,5,60.5
PD4795-23,603912775792,18,66
PDRD551-21,603912775556,11,72.5
PDRD551-29,603912775662,8,72.5
PDRD553-20,603912775563,4,72.5
PDRD425-21,603912775952,5,38
PDRD425-29,603912775969,7,38
PDRD426-21,603912775976,5,38
PDRD426-29,603912775983,11,38
FTOP2422-BK-QN,657447321979,6,14
PDRD427-20,603912775990,4,38
PD4969-12,603912364729,33,61
PD4971-12,603912775877,3,55
JJ40053,840281314522,15,56
SS099-89,646709099893,27,13.75
SS099-88,646709099886,55,8.75
SS09987,646709099879,15,14.58
SS099-85,646709099855,30,19.25
SS099-83,646709099831,30,11.66
FTOP2428-PR-SM,657447322181,3,16
FTOP2428-PR-ML,657447322198,3,16
FTOP2428-PR-LX,657447322204,3,16
SS099-82,646709099824,17,15.74
EH70014-BHP-SM,763036334371,9,13.95
EH70014-BHP-ML,763036334388,10,13.95
EH70014-BK-SM,763036334357,15,13.95
EH70014-BK-ML,763036334364,12,13.95
EH74219-YL-S0,763036334456,9,24.95
EH74219-YL-M0,763036334463,11,24.95
EH74219-YL-L0,763036334470,12,24.95
SS099-81,646709099817,36,13.75
EH2399-BK-OS,763036312423,3,3.95
SS099-80,646709099800,9,16.53
EH74272-OR-L0,763036334654,6,19.95
SS099-86,646709099862,26,42.9
XRAH693,848518059024,12,12.108
XRAH694,848518059031,10,12.108
EH37472-OR-S0,763036333824,33,15.95
EH37472-OR-M0,763036333831,5,15.95
EH37472-OR-L0,763036333848,6,15.95
EH40359-WH-S0,763036333985,0,17.95
EH40359-WH-M0,763036333992,0,17.95
EH40359-WH-L0,763036334005,7,17.95
EH75102-IV-S0,763036334852,0,14.95
EH75102-IV-M0,763036334869,0,14.95
EH75102-IV-L0,763036334876,7,14.95
EH34431-IV-OS,763036332599,16,13.95
RC-SSBUNDLEGG-124,850006647095,3,216
BL99804,819835029823,45,5.033
CG-78030,671891764625,12,12.5
JI10100,603912747102,11,50
SHTLOVU002PNK,8714273052087,3,49.95
HP3720,818631037209,9,12
HP3721,818631037216,20,12
HP3722,818631037223,11,13.6
HP3723,818631037230,19,13.6
HP3724,818631037247,15,11
HP3725,818631037254,11,11
HP3726,818631037261,17,13.5
HP3727,818631037278,11,13.5
LOV0470,6972677430845,56,8
LOV0463,6972677430463,26,8
DJ1100-20,782421084523,7,82.48
DJ1100-21,782421084530,5,82.48
DJ1100-25,782421084554,2,82.48
DJ1100-26,782421084561,15,82.48
C25120-PR-S0,883124187655,11,20.35
C25120-PR-M0,883124187662,10,20.35
C25120-PR-L0,883124187679,14,20.35
C25118-PR-S0,883124187563,12,27.5
C25118-PR-M0,883124187570,10,27.5
C25118-PR-L0,883124187587,13,27.5
C25119-PR-S0,883124187594,4,27.5
C25119-PR-M0,883124187600,7,27.5
C25119-PR-L0,883124187617,6,27.5
C25119-PR-X0,883124187624,3,27.5
C25119-PR-2X,883124187631,1,27.5
C25126-WH-S0,883124187396,2,23.65
C25126-WH-M0,883124187402,2,23.65
C25126-WH-L0,883124187419,4,23.65
CG-ELIBARA-001,669423999188,11,15
C25126-WH-X0,883124187426,6,23.65
C25126-WH-2X,883124187433,3,23.65
LP6018637,3700436018637,7,69
LP6018644,3700436018644,14,69
C25130-QN,883124187556,4,26.4
C25130-OS,883124187549,5,26.4
LP6018682,3700436018682,30,29
LP6018651,3700436018651,7,14.5
LP6018699,3700436018699,17,29
LP6018613,3700436018613,24,52
LP6018675,3700436018675,9,29
KS14360,739122143608,22,80
DJ1102-10,782421090586,6,55.01
DJ1102-21,782421090555,3,26.95
DJ1102-31,782421088354,5,35.75
DJ1103-01,782421088149,16,22
DJ1103-02,782421088156,8,23.1
DJ1103-03,782421088163,3,29.7
OLL4012101-PR-LX,840392208130,7,18
DJ1103-04,782421088170,9,20.9
OLL5111986-YL-SM,840392207713,5,16
OLL5111986-YL-LX,840392207706,5,16
OLL4012082-WH-SM,840392208093,0,20
OLL4012082-WH-LX,840392208086,9,20
OLL7612000-WH-LX,840392207485,1,26
OLL7612000-WH-2X,840392207478,5,28
OLL7411532-LB-SM,840392207911,1,18
OLL7411532-LB-LX,840392207904,5,18
OLL7411532-LB-2X,840392207898,2,20
DJ1103-35,782421094539,6,15.95
DJ1104-01,782421090456,1,12.375
DJ1104-03,782421090470,2,24.75
OLL5212099-PK-LX,840392207744,5,15
BL22601,850002870541,22,24.43
BL27508,810138370629,22,17.36
BL27402,810138370636,8,17.367
OLL4011911-PK-X0,840392207799,13,18
BL25300,810138370827,8,17.668
OLL4011554-OR-SM,840392207935,6,17
OLL4011554-OR-LX,840392207928,7,17
OLL7012044-OR-SM,840392207997,8,15
OLL7012044-OR-LX,840392207980,5,15
SEN588-ML,810002661402,14,11.98
OLL4011995-BL-SM,840392207881,5,15
OLL4011995-BL-LX,840392207874,11,15
OLL7211936-BL-L0,840392208376,1,18
MX-SLESTRO03,793072182629,19,15
MX-SLESUC01,793072182568,3,15
MX-SLEVIB04,793072182674,10,15
GN3000930,810126930422,13,10.95
GN3000931,810126930439,0,19.95
GN3000900,810126930316,6,48.95
GN3000910,810126930293,25,8.95
GN3000911,810126930323,21,12.95
GN1000561,810126930606,22,25.95
GN1000562,810126930613,9,21.95
SENVL173-ML,810002661730,20,1.89
SENVL611-ML,810002661099,16,8.98
LOV0432,6972677430432,67,65
INT018-120MJ,850000918665,34,10.5
INT019-120MJ,850000918689,38,10.5
INT058-60IE,850000918627,49,8.2
INT058-120IE,850000918634,36,10.5
INT058-240IE,850000918641,3,14.95
LOV0319,6972677430319,194,8
OX3002-CLR,840215114587,6,43
UMBM-T2,5060140200994,4,19.25
CB6000GLW,860008835277,10,75
GN1000563,810126930620,22,22.95
GN1000564,810126930637,16,25.45
GN1000521,810126930514,11,13.95
GN1000535,810126930583,15,6.95
KHE-BGA33,825156111659,13,8.5
KHE-BGR140,825156111673,47,3
KHE-BGC74,825156111758,28,4.5
KHE-BGA42,825156111741,71,6.5
NT3219-1,782631321913,8,32.65
SEN727-ML,810002660283,10,5.5
BI-300085-2,6959532336702,176,8.4
BI-300085-1,6959532336696,108,8.4
BI-014173-A5,6959532361735,61,12.1
BI-014174-A5,6959532361742,0,12.1
BI-014220-A6,6959532361766,0,10.64
BI-014795-A1B,6959532361759,0,14.84
BI-014812-A6,6959532361773,14,11.48
BI-300099,6959532361353,39,29.57
BI-300093W,6959532361803,31,31.92
BI-300093HP,6959532361339,10,29.96
BI-300098,6959532361056,31,24.08
BI-BW500051-4,6959532361810,16,47.88
BI-040191,6959532361599,17,28.84
SENVL623-ML,810002666230,15,5.98
SENVL692-ML,810002661020,15,7.5
CRC-USS6-SP,5037353009010,13,6
CRC-USS6K-SP,5037353009003,10,6
CRC-USS6P-SP,5037353010931,10,6
CRC-USS6F-SP,5037353009027,5,6
ROLI153PB-BK-SM,019468593221,0,10
ROLI153PB-BK-LX,019468593238,0,10
MPE8912-PK-M0,190602205641,2,17.95
MPE8912-PK-L0,190602205658,3,17.95
MPE8912-PK-X0,190602205665,9,17.95
MPE8912-PK-4X,190602205689,2,19.55
MPE8914-PK-S0,190602205733,6,17.95
MPE8914-PK-M0,190602205740,4,17.95
MPE8914-PK-L0,190602205757,1,17.95
MPE8914-PK-X0,190602205764,4,17.95
MPE8920-PK-SM,190602206174,2,15.95
MPE8920-PK-LX,190602206181,1,15.95
MPE8920-LB-LX,190602206167,2,15.95
MPE7606-LB-LX,190602206204,6,19.95
MPE8922-PK-SM,190602206334,3,15.95
MPE8922-PK-LX,190602206341,8,15.95
MPE8923-PK-SM,190602206358,6,14.95
MPE8923-PK-LX,190602206365,8,14.95
MPE7607-PK-SM,190602206372,9,18.95
MPE8926-MT-LX,190602206549,1,15.95
MPE8924-YL-LX,190602206426,3,15.95
ROLI163PB-BK-S0,019468594006,0,18
ROLI163PB-BK-M0,019468594013,1,18
ROLI163PB-BK-L0,019468594020,4,18
ROLI163PB-BK-X0,019468594037,6,18
ROLI162PB-BK-S0,019468593955,5,16.5
ROLI162PB-BK-M0,019468593962,6,16.5
ROLI162PB-BK-L0,019468593979,5,16.5
ROLI162PB-BK-X0,019468593986,9,16.5
ROLI157PB-BGD-S0,019468593467,0,20
ROLI157PB-BGD-M0,019468593474,2,20
ROLI157PB-BGD-L0,019468593481,3,20
ROLI157PB-BGD-X0,019468593498,3,20
ROLI156PB-BGD-S0,019468593320,0,20
ROLI156PB-BGD-M0,019468593337,3,20
ROLI156PB-BGD-L0,019468593344,3,20
ROLI156PB-BGD-X0,019468593351,0,20
ROLI159PB-BK-L0,019468593627,2,25
ROLI159PB-BK-X0,019468593634,2,25
ROLI158PB-BK-X0,019468593566,6,25
ROLI163PB-BK-1X,019468594044,0,19
ROLI163PB-BK-2X,019468594051,0,19
ROLI162PB-BK-1X,019468594945,8,17.5
ROLI162PB-BK-2X,019468594952,4,17.5
ROLI157PB-BGD-1X,019468593504,0,21
ROLI157PB-BGD-2X,019468593511,4,21
ROLI156PB-BGD-1X,019468593368,0,21
ROLI156PB-BGD-2X,019468593375,1,21
ROLI158PB-BK-1X,019468593573,1,26
MPE8936-WH-SM,190602207058,3,11.95
MPE8936-WH-LX,190602207065,9,11.95
MPE7610-WH-SM,190602206853,1,13.95
MPE7610-WH-2X,190602206877,1,15.55
MPE8933-WH-LX,190602207003,3,20.95
MPE2801-MT-SM,190602207348,11,12.95
MPE2801-MT-LX,190602207355,6,12.95
SENVL699-ML,810002666995,236,0.75
MPE2802-MT-SM,190602207362,2,15.95
MPE2802-MT-LX,190602207379,7,15.95
MPE2798-MT-SM,190602207287,8,15.95
MPE2798-MT-LX,190602207294,10,15.95
MPE60042-BW-SM,190602207669,2,21.95
MPE60042-BW-LX,190602207676,4,21.95
LA0680,5060350250680,3,27
LA0758,5060350250758,4,9
LA0819,5060350250819,6,27
LA0826,5060350250826,1,27
LITNV-069,685634101561,2,3.68
PD6602-11,603912342727,21,1.5
SHTMJU001BLU,8714273787880,5,27.98
SHTMJU001PUR,8714273787897,1,27.98
PWX8051-RBK,848416001873,0,34
PWX8004-6-BN,626633000462,3,29.5
PWX8059-BPR,848416009336,7,29.5
PWX8004-1-BK,626633000417,3,29.5
PWX8058-RBW,848416009329,4,29.5
PWX8003-613-BLN,626633036133,7,29.5
PWX8003-1-BK,626633000318,6,29.5
EMH30092-WH-S0,840295153865,6,10.465
EMH30092-WH-M0,840295153872,3,10.465
EMH30092-WH-L0,840295153889,2,10.465
EMH30092-WH-2X,840295153902,5,11.165
EMH30093-BG-M0,840295153933,1,9.065
EMH30093-BG-L0,840295153940,2,9.065
EMH30093-BG-X0,840295153957,2,9.065
MPE1132-BK-OS,190602204026,13,7.95
MPE1115-BG-OS,190602203791,4,6.95
MPE1115-BG-OQ,190602203807,10,7.55
MPE1115-BK-OQ,190602203821,8,7.55
MPE1115-BK-OS,190602203814,12,6.95
MPE1119-NP-OS,190602203708,12,6.95
MPE1119-BK-OS,190602203685,9,6.95
MPE1119-BK-OQ,190602203692,11,7.55
MPE1127-BK-OS,190602204019,10,4.95
MPE1124-PK-OS,190602203944,6,8.95
MPE1125-PK-OS,190602203951,6,9.95
MPE1125-PK-OQ,190602203968,8,10.95
STM11795-LB-OS,840091748074,0,13.65
STM11795-LB-OQ,840091748098,0,14.7
EMH30098-PK-X0,840295154039,5,9.765
STM11796-PK-OQ,840091748128,3,15.23
STM11797-RD-OS,840091748142,1,13.65
STM11797-RD-OQ,840091748159,2,14.7
STM9945-TQ-OS,888208061234,0,13
EMH44174-PR-L0,840295150673,3,10.465
STM11821-BK-OS,840091749989,0,13
STM11821-BK-OQ,840091748234,0,14
STM11563-CR-OS,840091743314,1,14
STM11563-CR-OQ,840091743321,2,15
STM9215-BK-OS,815364432226,0,13
STM9215-BK-OQ,815364432233,2,14
STM11595-OR-OS,840091743598,0,14.5
STM11595-OR-OQ,840091743604,0,15.5
STM11457-RD-OQ,840091735340,5,16
STM11457-BK-OS,840091735319,8,15
STM11457-BK-OQ,840091735333,10,16
EMH4272-BK-1X,840295153797,1,11.165
EMH4272-BK-2X,840295153803,4,11.165
SEN362-ML,810002661181,5,7.5
SEN703-ML,810002660047,13,5.98
SEN705-ML,810002660061,5,5.98
SEN706-ML,810002660078,15,5.98
SEN707-ML,810002660085,12,7.5
MEP398-RD-SM,671241125816,0,17.95
MEP398-RD-LX,671241125823,0,17.95
MEP398-RD-2X,671241125830,0,19.95
SEN724-ML,810002660252,15,6.48
SEN735-ML,810002660368,14,9.48
SEN762-ML,810002660634,10,5.98
SEN763-ML,New,0,5
SEN764-ML,810002660658,27,5
SEN789-ML,810002660900,10,10.95
SEN792-ML,810002660931,2,22.95
SENVL610-ML,810002661082,11,5
SENVL624-ML,810002669545,15,8.98
SENVL693-ML,810002661037,3,8.98
NXLL001,5060274221964,14,6.5
NXLL002,5060274221971,8,8
NXREVOSAPP,5060274221728,11,110
XRAH455-16oz,848518055422,10,17.48
XRAH456-8oz,848518055439,30,11.95
LOV0456,6972677430456,393,69
AB5907,704751345907,23,141.19
AB5938,704751345938,9,28.19
AB5945,704751345945,7,28.19
AB5952,704751345952,10,28.19
AB5969,704751345969,5,28.19
AB5976,704751345976,7,28.19
ROLI822-LA-S0,019468597625,0,16
ROLI822-LA-M0,019468597632,1,16
ROLI822-LA-L0,019468597649,0,16
ROLI822-LA-X0,019468597656,5,16
ROLI823-LA-S0,019468597670,0,15
ROLI823-LA-M0,019468597687,0,15
ROLI823-LA-L0,019468597694,3,15
ROLI823-LA-X0,019468597700,1,15
ROLI810-LA-SM,019468596963,0,14.75
ROLI810-LA-LX,019468596970,4,14.75
ROLI810-LA-1X,019468596987,0,15.75
XRAH684,848518058775,17,18.612
ROLI805-YL-L0,019468596260,1,13.75
ROLI805-YL-X0,019468596277,2,13.75
ROLI793-BK-S0,019468595805,3,26
ROLI793-BK-M0,019468595812,6,26
ROLI793-BK-L0,019468595829,3,26
ROLI793-BK-X0,019468595836,4,26
ROLI793-BK-1X,019468595843,3,27
ROLI792-BK-S0,019468595737,3,19.5
ROLI792-BK-M0,019468595744,7,19.5
ROLI792-BK-L0,019468595751,3,19.5
ROLI792-BK-X0,019468595768,9,19.5
ROLI792-BK-1X,019468595775,3,20.5
ROLI809-BK-S0,019468596802,0,12.75
ROLI809-BK-M0,019468596819,7,12.75
ROLI809-BK-L0,019468596826,6,12.75
ROLI809-BK-X0,019468596833,4,12.75
ROLI809-BK-1X,019468596840,0,13.75
ROLI808-BK-S0,019468596666,12,12.75
ROLI808-BK-M0,019468596673,4,12.75
ROLI808-BK-L0,019468596680,3,12.75
ROLI808-BK-X0,019468596697,8,12.75
ROLI808-BK-1X,019468596703,8,13.75
SOHSS1521-PK-M0,760299491841,3,13.95
SOHSS1521-PK-L0,760299491858,5,13.95
SOHSS1530-PK-X0,760299492015,1,10.95
SOHSS1528-MT-S0,760299492565,7,16.95
SOHSS1528-MT-M0,760299492572,3,16.95
SOHSS1528-MT-L0,760299492589,3,16.95
SOHSS1528-MT-X0,760299492596,4,16.95
SOHSS1529-MT-X0,760299492640,2,15.95
BV-086,4890808291320,28,80
BV-087,4890808292976,14,27.5
BV-088,4890808292983,10,20
WVWZSN1SG2,4251460630641,9,84.5
WVWZSN1SG3,4251460630665,0,84.5
WVWZSN1SG9,4251460612999,11,84.5
EN-RS-5674,844477025674,16,46.99
HO30,5060354561515,11,86.72
EN-RS-5032,844477025032,23,35.99
EN-RS-6060,844477026060,19,40.99
STR1326,4041937113261,1,39.8
STR1327,4041937113278,0,37.8
EN-RS-5841,844477025841,5,54.99
EN-RS-5698,844477025698,16,15.99
EN-RS-5704,844477025704,10,24.99
EN-RS-5711,844477025711,3,26.99
EN-RS-6213,844477026213,18,44.99
EN-RS-5643,844477025643,13,69.99
EN-RS-5681,844477025681,19,32.99
EN-RS-6305,844477026305,15,39.99
EN-RS-6336,844477026336,16,56.99
EN-RS-5810,844477025810,13,39.99
EN-RS-6046,844477026046,13,64.99
EN-RS-6015,844477026015,7,49.99
ZE-MS-5575,844477025575,24,24.99
ZE-RS-5896,844477025896,23,29.99
GX-RS-3939,844477023939,17,44.99
GX-RS-5599,844477025599,8,34.99
GX-RS-5568,844477025568,11,50.99
BI-014174-A2,6959532360479,0,12.1
BI-014174-A3,6959532360486,0,12.1
BI-014173-A2,6959532360448,33,12.1
BI-014173-A3,6959532360455,103,12.1
FE-SH-6004-07,810119283627,7,38
FE-FF-1049-17,810119283153,11,50
FE-FF-1049-01,810119283160,21,50
SE4364-07,716770111715,30,33
SE4364-17,716770111722,14,38.25
SE4364-23,716770111739,8,40.1
SE2700-51,716770111890,0,16.85
SE2700-53,716770111906,13,16.85
SE2700-55,716770111913,28,16.85
SE0003-12,716770112170,17,13.7
SE0605-10,716770112439,11,18.85
SE0605-13,716770112446,4,18.85
SE0605-15,716770112453,2,20.7
SE0605-20,716770112460,6,20.7
SE4383-05,716770111685,8,38.45
SE4383-15,716770111692,14,43.95
SE4383-25,716770111708,14,47.45
SE0834-85,716770111784,4,11.75
SE0834-90,716770111791,7,11.75
SE0834-95,716770111807,5,11.75
SE0835-70,716770112538,12,25.7
SE0835-75,716770112545,16,25.7
SE0438-45,716770111920,15,7.1
SE0438-50,716770111937,16,8.7
SE0438-55,716770111944,13,7.1
SE0438-60,716770111951,0,8.7
SE1986-10,716770112590,10,18.75
SE1986-12,716770112606,9,18.75
SE1986-97,716770112576,8,15.85
SE1986-99,716770112583,7,19.95
MD007-80,699439007805,2,200
SE0649-50,716770112651,9,43.5
SE0649-55,716770112668,13,43.5
SE4445-55,716770112323,7,54.6
CG-CABELL-001,669423999201,27,15
CG-CRRUSH-001,669423999218,24,15
CG-JERYAN-001,669423999225,30,15
SE4374-20,716770112514,0,56.85
SE4374-25,716770112521,7,61.35
8284-HRTDSCO,792264880794,9,5.4
8284-HRTTBD,792264880817,11,5.4
8284-SPKR,792264880855,6,5.4
8370-MBOWPLBPK,792264880831,18,5.4
8284-GMBR,792264880770,13,5.4
8286-RBRDCK,792264880596,13,5.4
8284-HRTFABL,792264880800,12,5.4
8284-PINRBW,792264880848,8,5.4
8280-HSSB021,879959008210,25,9.5
8280-HSSB022,879959008227,15,9.5
8280-HSSB052,814487021638,18,9.5
8280-HSSB068,879959008203,26,9.5
SE5500-10,716770112194,21,33.45
SE0619-53,716770112224,11,37.5
SE0619-58,716770112231,8,37.5
SE0884-63,716770112354,13,20.1
SE0884-65,716770112361,23,20.1
SE0885-10,716770112378,14,23.45
SE0885-13,716770112620,26,24.95
SE0851-30,716770111777,28,112.35
SE0936-01,716770111814,9,2.95
SE0936-02,716770111821,21,2.95
SE0936-03,716770111838,14,2.95
SE0936-32,716770112200,14,7.6
SE0936-34,716770112217,18,7.6
SE0936-70,716770112477,20,8.45
SE0936-75,716770112484,20,8.5
SE0003-17,716770112422,11,21.1
SE4403-25,716770112293,15,21.95
SE4299-10,716770112842,10,32.1
SE4299-15,716770112859,8,33.7
MPE67143-MT-SM,190602205078,7,12.95
MPE67143-MT-LX,190602205085,5,12.95
MPE67144-MT-SM,190602205092,2,12.95
MPE67144-MT-LX,190602205108,3,12.95
MPE67070-BK-SM,190602014090,2,15.95
MPE67070-BK-LX,190602014106,3,15.95
MPE67101-GC-SM,190602204194,2,23.95
MPE67101-GC-LX,190602204200,5,23.95
SE1035-65,716770112187,14,91.85
SE0882-25,716770112637,11,14.1
SE0882-30,716770112644,20,14.1
SE0882-96,716770112552,23,6.85
SE0882-97,716770112569,21,6.85
HOD04304-TL-M0,840312877002,3,24
HOD04304-TL-L0,840312877019,7,24
HOD04304-TL-X0,840312877026,6,24
SE0001-40,716770112132,15,33.75
SE0001-50,716770112149,11,70.1
HOD04304-TL-2X,840312877033,10,24
HOD04304-TL-4X,840312877040,5,24
SE4410-20,716770112330,12,23.2
HOD04304-BK-S0,840312879532,0,24
HOD04304-BK-M0,840312879549,3,24
HOD04304-BK-L0,840312879556,7,24
HOD04304-BK-X0,840312879563,11,24
HOD04304-BK-2X,840312879570,10,24
HOD04304-BK-4X,840312879587,11,24
SE4410-36,716770112286,17,26.25
SE4300-70,716770112699,5,76.45
SE4575-01,716770112491,10,36.1
HOD03906-RD-S0,840312870027,8,20
HOD03906-RD-M0,840312870034,12,20
HOD03906-RD-L0,840312870041,12,20
HOD03906-RD-X0,840312870058,12,20
HOD03906-RD-2X,840312870065,5,20
SE4575-06,716770112507,4,38.1
HOD03906-RD-4X,840312870072,4,20
SE4575-12,716770112255,16,36.1
HOD03902-RD-S0,840312869847,6,25
HOD03902-RD-M0,840312869854,1,25
HOD03902-RD-L0,840312869861,8,25
HOD03902-RD-X0,840312869878,10,25
HOD03902-RD-2X,840312869885,5,25
HOD03902-RD-4X,840312869892,1,25
HOD00304-OR-X0,840312822651,3,15.5
HOD00304-OR-2X,840312822668,4,15.5
HOD00304-BK-S0,840312822569,14,15.5
HOD00304-BK-M0,840312822576,16,15.5
HOD00304-BK-L0,840312822583,14,15.5
HOD00304-BK-X0,840312822590,16,15.5
HOD00304-BK-2X,840312822606,8,15.5
SE1633-60,716770112880,15,20.35
SE1633-65,716770112897,21,20.35
SE1633-80,716770112675,6,33.5
SE1633-82,716770112682,15,33.5
HOD03804-RD-S0,840312840419,5,19
HOD03804-RD-M0,840312840426,7,19
HOD03804-RD-L0,840312840433,6,19
HOD03804-RD-X0,840312840440,3,19
HOD03804-RD-2X,840312840457,1,19
HOD03804-RD-4X,840312840464,3,19
HOD03804-BK-S0,840312864064,0,19
HOD03804-BK-M0,840312864071,5,19
HOD03804-BK-L0,840312864088,5,19
HOD03804-BK-X0,840312864095,8,19
HOD03804-BK-2X,840312864101,7,19
HOD03804-BK-4X,840312864118,2,19
SE5550-35,716770112163,7,65.6
BL31622,850002870565,20,9.03
BL31610,850002870572,43,9.275
JJ10552,840281301867,3,43.5
PD4970-12,603912776089,48,110
PD4978-12,603912776096,32,55
PD4565-23,603912776065,2,55
PDRD552-21,603912775549,6,100
PDRD552-29,603912775921,7,100
PDRD554-20,603912775938,7,100
PDRD556-23,603912777543,10,100
PDRD446-21,603912777574,17,36
PDRD446-29,603912777581,12,36
LITBG-131,685634103961,74,8.25
LITBG-132,685634103954,70,8.25
LITCP-1214,817717012147,42,3.3
PDRD447-21,603912776997,29,30
PDRD447-29,603912777017,13,30
LITBG-127,685634103947,48,6.6
LITBG-128,685634103923,94,8.25
LITBG-129,685634103930,43,8.25
LITCP-1237,817717012376,41,16.5
LITCP-1236,817717012369,74,16.5
LITCP-1202,817717012024,26,92.4
LITCP-1246,817717012468,89,22
LITCP-1247,817717012475,88,22
LITCP-1219,817717012192,67,3.85
LITCP-1220,817717012208,73,3.85
VI-1901,850052871390,26,19.5
VI-1909,850052871376,44,19.5
VI-1913,850052871383,20,19.5
VI-P2609,850052871352,16,34.4
VI-P2613,850052871369,20,34.4
VI-S0908,850052871345,55,24.75
SE0003-15,716770112415,16,19.2
CRC-SM-001,847878001377,14,32.5
CRC-SM-002,847878001391,4,44
CRC-SM-003,847878001421,8,16.5
CRC-SM-004,847878001483,15,22.5
LITCP-1221,817717012215,59,5.5
CRC-SM-005,847878001490,7,27.5
CRC-SM-007,847878001551,7,25
CRC-SM-008,847878001698,6,25
CRC-SM-009,847878001742,13,11
CRC-SM-012,847878001841,24,11
CRC-SM-025,847878002374,8,14
CRC-SM-030,847878002688,3,7
CRC-SM-029,847878002442,17,7.5
CRC-SM-014,847878001988,9,11.5
CRC-SM-016,847878002008,12,11
CRC-SM-018,847878002107,14,11
CRC-SM-013,847878001872,5,16.5
CRC-SM-033,847878002732,2,27.5
CRC-SM-034,847878002749,6,32.5
CRC-SM-019,847878002114,7,12
CRC-SM-022,847878002244,11,14
CRC-SM-020,847878002138,4,14
BL24222,810138371046,45,23.387
BL88605,810138370612,11,31.08
BV-099,4890808295380,27,25
CRC-SM-021,847878002213,17,15
BV-100,4890808295397,11,30
BV-093,4890808295304,38,15
CRC-SM-026,847878002398,8,11
CRC-SM-023,847878002312,4,14
CRC-SM-024,847878002343,14,8.5
CRC-SM-017,847878002077,13,12
CRC-SM-031,847878002695,16,8.5
CRC-SM-032,847878002725,11,14
SE1986-15,716770112613,11,18.1
CRC-SM-028,847878002428,7,14
NT3236-2,782631323627,13,13.8
NT3238,782631323801,10,23.9
NT3228,782631322804,14,15.2
SE5400-50,716770112385,22,5.5
KR11069-W,8720938956454,11,64.5
KR11042-R,8720256722496,2,54.5
GW2518-PK-OS,703674869705,10,15.95
GW2520-PK-OS,703674869736,19,14.95
GW2515-WH-OS,703674869644,15,15.95
GW2510-LA-OS,703674869606,10,14.95
GW2521-YL-OS,703674869750,7,14.95
GW2516-BL-OS,703674869651,10,14.95
GW2517-BG-OQ,703674869804,12,16.95
NT3226,782631322606,15,12.9
NT3229,782631322903,10,28.1
NT3259,782631325904,5,19.3
NT3237-2,782631323726,11,28.5
NT3235-1,782631323511,24,28.5
NT3234-2,782631323429,90,32.15
NT3233-2,782631323320,28,30.35
NT3223-1,782631322316,15,32.15
PB-RS-5834,844477025834,37,30.99
PB-RS-5735,844477025735,78,54.99
PB-RS-5490,844477025490,6,37.99
PB-RS-5742,844477025742,8,26.99
STH11748-BK-S0,840091749125,5,16
STH11748-BK-M0,840091749132,7,16
STH11748-BK-L0,840091749149,0,16
STH11748-BK-X0,840091749156,8,16
STH11748-BK-2X,840091749163,10,17
STH11748-BK-4X,840091749170,8,17
STH11746-BK-S0,840091749002,1,16
STH11746-BK-M0,840091749019,1,16
STH11746-BK-L0,840091749026,4,16
STH11746-BK-X0,840091749033,3,16
STH11746-BK-2X,840091749040,0,17
STH11746-BK-4X,840091749057,4,17
STH11648-BP-S0,840091743451,0,16
STH11648-BP-M0,840091743468,4,16
STH11648-BP-L0,840091743475,1,16
STH11648-BP-X0,840091743482,7,16
STH11648-BP-2X,840091743499,11,17
PB-RS-5964,844477025964,63,39.99
STH11647-BP-S0,840091743338,0,15.5
STH11647-BP-M0,840091743345,9,15.5
STH11647-BP-L0,840091743352,9,15.5
STH11647-BP-X0,840091743369,2,15.5
STH11647-BP-2X,840091743376,0,16.5
STH11647-BP-4X,840091743383,0,16.5
STH11402-PR-S0,840091727994,0,15.75
STH11402-PR-M0,840091728007,0,15.75
STH11402-PR-L0,840091728014,4,15.75
STH11402-PR-X0,840091728021,8,15.75
STH11402-PR-2X,840091728052,5,16.75
STH11402-PR-4X,840091728069,0,16.75
PB-RS-5919,844477025919,13,44.99
STH11738-BK-L0,840091746797,7,14
STH11738-BK-X0,840091746803,5,14
STH11738-BK-2X,840091746858,6,15
STH11738-BK-4X,840091746865,5,15
SL-RS-5414,844477025414,10,22.99
SL-RS-5476,844477025476,7,23.99
SL-RS-6268,844477026268,15,24.99
SL-RS-5827,844477025827,17,24.99
CECO1001-15,638258905626,22,1.5
CECO1003-15,638258905589,45,1.5
CECO1004-15,638258905640,53,1.5
CECO1005-15,638258905596,20,1.5
CECO1006-15,638258905633,28,1.5
CECO1009-15,638258905602,29,1.5
CECO1014-15,638258905619,120,1.5
SSY2601-00,638258905817,31,13.95
SSY2602-00,638258905824,30,13.95
SSY2603-00,638258905831,14,13.95
SSY2604-00,638258905848,31,13.95
BV-094,4890808295311,33,15
BV-095,4890808295328,48,15
BV-096,4890808295335,10,15
BV-097,4890808295342,14,17.5
BV-098,4890808295359,34,15
WVSNEL2SG4,4251460632010,0,79.5
WVSNEL2SGZ,4251460632027,5,79.5
SOHSS1488-PK-M0,760299490325,4,15.95
SOHSS1488-PK-L0,760299490332,3,15.95
SOHSS1488-PK-X0,760299490349,4,15.95
SEN324-ML,810002661235,14,7.98
FMX0017-HP-OS,804859896193,0,12.95
FMX0017-PR-OS,804859896209,0,12.95
FMX0003-PK-OS,804859895943,0,11.95
FMX0003-PR-OS,804859895950,1,11.95
FMX0002-PK-OS,804859895912,0,11.95
FMX0002-PR-OS,804859895929,0,11.95
ROLI6664-RD-OS,019468599476,0,15.9
ROLI6666-BK-ML,019468599520,0,19.95
ROLI6666-BK-SM,019468599537,0,19.95
ROLI6643-NY-OS,019468598851,0,16.5
ROLI6643-PK-OS,019468598868,0,16.5
ROLI6639-PK-OS,019468598660,0,15
ROLI6639-NY-OS,019468598653,0,15
ROLI6644-NY-SM,019468598882,4,8.95
ROLI6644-NY-LX,019468598875,5,8.95
ROLI6644-PK-LX,019468598899,9,8.95
ROLI6644-PK-SM,019468598905,0,8.95
ROLI6672-PR-OS,019468599865,0,16.95
ROLI6663-BS-OS,019468599445,3,12.95
SEN194-ML,855559009475,21,13.17
SEN344-ML,810002661310,18,11.98
SEN710-ML,810002660115,15,8.98
SEN711-ML,810002660122,9,8.98
SEN732-ML,810002660337,13,9.48
SEN753-ML,810002660542,6,9
SEN690-ML,810002661006,17,5.98
SEN691-ML,810002661013,28,5
SEN799-ML,810002667992,24,11.98
XRAH617,848518057914,15,58.37
WVSNHR5SGA,4251460631389,6,109.5
WVSNHR5SG5,4251460631365,13,109.5
WVSNHR5SG3,4251460631372,17,109.5
SEN584-ML,810002661372,15,11.98
SEN728-ML,810002660290,25,6.48
8231-S025C,810040297748,5,9.5
8231-S025B,810040297731,12,9.5
MEP408-AQ-SM,671241127414,0,22.95
MEP408-AQ-LX,671241127421,2,22.95
MEP408-AQ-OQ,671241127438,0,24.95
MEP409-AQ-SM,671241127445,0,18.95
MEP409-AQ-LX,671241127452,0,18.95
MEP409-AQ-OQ,671241127469,0,20.95
MEP385-NPR-SM,671241127773,3,17.95
MEP385-NPR-LX,671241127780,7,17.95
MEP385-NPR-OQ,671241127797,0,19.95
MEP386-NPR-SM,671241127803,0,16.95
MEP386-NPR-LX,671241127810,1,16.95
MEP386-NPR-OQ,671241127827,2,18.95
OR5004241,4024144475155,52,7.5
MEP383-NPR-SM,671241127711,1,17.95
MEP383-NPR-LX,671241127728,2,17.95
MEP383-NPR-OQ,671241127735,0,19.95
OR5004233,4024144475148,8,12.48
OR5004217,4024144475124,14,12.48
OR5004225,4024144475131,7,12.48
MEP410-AQ-SM,671241127476,0,21.95
MEP410-AQ-LX,671241127483,0,21.95
MEP410-AQ-OQ,671241127490,0,23.95
OR5404347,4024144477999,3,39.98
PIN4006-10,638258906708,171,10.95
PIN5006-15,638258906722,62,10.95
XRAH340-Pink,848518053930,12,13.338
XRAH340-Red,848518053947,30,13.338
SEN756-ML,810002660573,7,13.75
XRAH351,848518054029,16,13.89
XRST857,848518003553,15,58.26
XRAC558,811847018994,9,16.8
SEN696-ML,810002661068,19,0.75
XRAH390,848518054463,1,50.05
XRAD101,848518007315,4,69.912
BI-300064,6959532360578,0,17.42
BI-300066,6959532360554,0,17.42
BI-BW500055-2,6959532361858,38,40.82
FE-FF-1050-2D,810119283191,15,24
FE-FF-1050-01,810119283177,65,24
FE-FF-1050-04,810119283184,12,24
NT3217,782631321708,2,34.9
NT3225-2,782631322521,12,25.75
CYEM3912,609224032899,1,35.75
CYEM2212,609224032387,1,13.75
SEN744-ML,810002660450,30,0.85
SEN791-ML,810002660924,5,10.95
EVA-1920,813686021920,3,24.5
EVA-1937,813686021937,7,24.5
BI-040181,6959532338386,23,24.08
BI-040182,6959532338393,9,22.4
BI-040183,6959532338409,2,18.48
BI-040184,6959532338416,72,16.8
BI-300088,6959532361452,29,17.36
BI-300072,6959532361148,0,16.8
BI-300096,6959532361933,6,17.08
BI-300068,6959532361131,9,18.48
BI-BW500053-1,6959532361926,4,40.32
BI-BW055029,6959532361988,68,69.44
ROLI6689-PR-ML,194685100398,1,21.5
NN-MIMXF,672975005450,14,5
NN-SQARI,045923592263,13,5
NN-BBFSH,045923590931,5,5
NN-FAFLH,810121170212,9,5.5
NN-WHISLT,810121172469,18,5.5
NN-BLAYNG,672975644390,13,5
OXAJ1076-NGT,840215126542,22,13
WDW1792,726754781179,50,11.45
OXAJ1068-NGT,840215126641,30,12
OXAJ1071-NGT,840215126559,7,14.5
OX3061-NGT,840215126535,9,12.5
OX3019-NGT,840215126528,20,13
OX104-NGT,840215126511,56,14.75
LITCP-1218,817717012185,29,3.85
LITCP-1227,817717012277,62,4.4
LITCP-1225,817717012253,58,4.4
OXAJ1043-NGT,840215126498,13,7.5
OX1323-NGT,840215126504,35,9
ANE5720-87,850040572087,16,60
OX139-NGT,840215126573,41,14.5
OXAJ1070-NGT,840215126566,38,14
OX3002-NGT,840215126603,6,44.5
OX3071-NGT,840215126597,44,72
OX108-NGT,840215126627,6,39.5
OX3046-NGT,840215126610,5,33
OX3021-NGT,840215126634,52,19.5
OX111-NGT,840215126580,51,13.5
FTV813-BP-OS,657447323027,4,9.5
FTV813-BP-OQ,657447323034,2,10
HP3753,818631037537,22,2
HP3754,818631037544,0,2
HP3755,818631037551,90,2
HP3756,818631037568,38,2
FTV814-MG-OS,657447323041,0,8.25
FTV814-MG-OQ,657447323058,0,8.75
FTV815-LA-OS,657447323065,2,9.75
FTV815-LA-OQ,657447323072,0,10.5
FTV816-MI-OS,657447323089,0,8.25
FTV816-MI-OQ,657447323096,0,8.75
FTV818-NV-OS,657447323126,8,8.5
FTV818-NV-OQ,657447323133,0,9.25
FTS1006-MI-OS,657447322921,0,8.5
FTS1006-MI-OQ,657447322938,0,9
OEJSG-ZL-I001,850068969005,15,22.99
OEJSG-ZL-I002,850068969012,13,22.99
OEJSG-ZL-I003,850068969029,13,22.99
OEJSG-ZL-I004,850068969036,14,22.99
OEJSG-ZL-I005,850068969043,12,22.99
OEJSG-ZL-I006,850017269910,9,22.99
OEJSG-ZL-I007,850068969067,13,22.99
OEJSG-ZL-I008,850068969074,6,22.99
OEJSG-ZL-I009,850068969081,19,22.99
OEJSG-ZL-I010,850068969098,18,22.99
OEJSG-ZL-I011,850068969104,10,22.99
OEJSG-ZL-I012,850068969111,13,22.99
OEJSG-ERORD-I401,850068969128,18,5
OEJSG-ERORD-I402,850068969135,9,5
OEJSG-ERORD-I403,850068969142,20,5
OEJSG-ERORD-I404,850068969159,9,5
OEJSG-SP-C482,850017269590,11,34.99
OEJSG-SP-C381,850017269576,10,27.99
OEJSG-SP-D015,850017269637,10,24.99
KS12073,739122120739,16,14
KS12074,739122120746,11,6.5
KS12075,739122120753,30,6.5
OEJSG-SP-C592,850017269705,6,34.99
KS10291,739122102919,20,8
OEJSG-CT-H001,850017269927,12,20.99
FTP2439-GR-LX,657447323805,3,14
OEJSG-CT-H002,850017269934,9,15.99
FTP2439-GR-4X,657447323829,2,15
OEJSG-CT-H003,850017269941,11,8.99
FTP2440-GR-LX,657447323850,7,13.5
FTP2440-GR-2X,657447323867,1,14.5
FTP2440-GR-4X,657447323874,1,14.5
FTP2444-BK-SM,657447323997,13,13
FTP2444-BK-ML,657447324000,7,13
FTP2444-BK-LX,657447324017,10,13
FTP2443-BK-SM,657447323966,6,13.5
FTP2443-BK-ML,657447323973,9,13.5
FTP2443-BK-LX,657447323980,7,13.5
FTP2437-LA-SM,657447323706,3,13
FTP2437-LA-ML,657447323713,11,13
FTP2437-LA-LX,657447323720,9,13
FTP2433-CR-SM,657447323508,4,15.5
FTP2433-CR-ML,657447323515,8,15.5
FTP2433-CR-LX,657447323522,10,15.5
FTP2433-CR-2X,657447323539,9,16.5
FTP2433-CR-4X,657447323546,10,16.5
CP24604,883124185705,0,24.75
UMBM-CP-P1,5060140200406,6,6.3
UMBM-CP-P2,5060140200413,3,6.3
FE-LL-7256-02,810119283931,9,14
FE-LL-7257-02,810119283948,22,14
CP24504-BK-OS,883124185514,0,30.25
CP24504-BK-OQ,883124185521,3,30.25
CP24501-GR-S0,883124185446,7,35.75
CP24501-GR-M0,883124185453,5,35.75
CP24501-GR-L0,883124185460,5,35.75
KHE-BGC33,825156111611,75,5
KHE-BGA05,825156111772,20,8.5
KHE-BGA21,825156111796,16,9
FRPL775109-MA-S0,840202874289,7,14.75
FRPL775109-MA-M0,840202874296,10,14.75
FRPL775109-MA-L0,840202874302,8,14.75
FRPL775109-MA-X0,840202874319,8,14.75
FRPL775116-MA-S0,840202874784,1,16.75
FRPL775116-MA-M0,840202874791,0,16.75
FRPL775116-MA-L0,840202874807,1,16.75
FRPL775116-MA-X0,840202874814,8,16.75
FRPL775175-PK-S0,840202878171,1,14.75
FRPL775175-PK-M0,840202878188,3,14.75
FRPL775175-PK-L0,840202878195,6,14.75
FRPL775175-PK-X0,840202878201,2,14.75
FRPL775176-PK-S0,840202878225,1,14.75
FRPL775176-PK-M0,840202878232,3,14.75
FRPL775176-PK-L0,840202878249,1,14.75
FRPL775176-PK-X0,840202878256,5,14.75
FRPL775179-BK-OS,840202878317,0,12.75
FRPL775179-BK-OQ,840202878324,3,12.75
WVSNVC4SG5,4251460631518,14,74.5
FRPL775181-BK-OS,840202878393,5,12.75
FRPL775181-BK-OQ,840202878409,4,12.75
FRPL775183-BK-OS,840202878478,1,12.75
WVSNXM4SG9,4251460631440,19,74.5
FRPL775184-BK-OS,840202878430,1,12.75
FRPL775184-BK-OQ,840202878447,1,12.75
WVSNXM4SG5,4251460631433,29,74.5
FTP2441-NV-LX,657447323904,1,14
WVSNSZ3SG8,4251460631471,0,84.5
WVSNHR5SG4,4251460631396,11,109.5
SEN700-ML,810002660016,23,5.98
OR553263,4024144126170,30,82
OR59473,4024144606986,19,50
SS370-05,646709370053,14,14.58
SS370-06,646709370060,24,14.58
SS370-04,646709370046,27,17.49
SS370-02,646709370022,15,25.07
SS370-01,646709370015,20,20.99
SS370-03,646709370039,5,29.15
SS370-07,646709370077,18,17.49
SS370-09,646709370091,29,17.49
SS370-10,646709370107,22,17.49
XRAH387-Red,848518054432,18,19.45
XRAH387-Pink,848518054425,12,19.45
BL25430,810138370803,18,28.623
UMBM-HM6-CC,5060140201243,3,56
FE-LL-7255-02,810119283924,25,14
UMBM-HX6-CC,5060140201250,2,98
EN-RD-6381,844477026381,3,114.99
EN-RD-6398,844477026398,15,114.99
TPCW1004PK,762983300392,2,15
TPCW5005PK,762983300644,0,2.5
TPCW5010B,762983300699,0,15
TPCW5006B,762983300651,0,15
TPC1011,762983302600,13,49.99
C25101-BK-S0,883124187907,8,24.75
C25101-BK-M0,883124187914,6,24.75
C25101-BK-L0,883124187921,8,24.75
C25101-BK-X0,883124187938,8,24.75
C25101-BK-2X,883124187945,6,24.75
C25101-BK-4X,883124187952,9,24.75
C25102-BK-S0,883124187969,1,27.5
C25102-BK-M0,883124187976,2,27.5
C25102-BK-L0,883124187983,2,27.5
C25102-BK-X0,883124187990,4,27.5
C25102-BK-2X,883124188003,5,27.5
C25102-BK-4X,883124188010,2,27.5
C25105-MA-S0,883124187747,4,24.2
C25105-MA-M0,883124187754,1,24.2
C25105-MA-L0,883124187761,5,24.2
C25105-MA-X0,883124187778,4,24.2
C25105-MA-2X,883124187785,7,24.2
C25105-MA-4X,883124187792,2,24.2
C25106-MA-OS,883124187860,1,22
C25107-MA-S0,883124187877,1,27.5
C25107-MA-M0,883124187884,3,27.5
C25107-MA-L0,883124187891,11,27.5
C25123-BL-S0,883124188164,4,24.75
C25123-BL-M0,883124188171,0,24.75
C25123-BL-L0,883124188188,0,24.75
C25123-BL-X0,883124188195,1,24.75
C25123-BL-2X,883124188201,0,24.75
C25123-BL-4X,883124188218,0,24.75
TPCB2018PK,762983301191,11,39.99
C25124-BL-S0,883124188225,0,27.5
C25124-BL-M0,883124188232,8,27.5
C25124-BL-L0,883124188249,8,27.5
TPCB2014PK,762983301115,14,44.95
C25132-BK-L0,883124188270,2,5.5
C25132-RD-X0,883124188324,7,5.5
C25132-RD-L0,883124188317,6,5.5
C25132-RD-M0,883124188300,2,5.5
C25132-RD-S0,883124188294,1,5.5
C25133-BK-S0,883124188331,5,5.5
C25133-BK-M0,883124188348,6,5.5
C25133-BK-L0,883124188355,1,5.5
C25133-BK-X0,883124188362,8,5.5
TPCB2021PR,762983300507,11,45
C25133-RD-X0,883124188409,9,5.5
C25133-RD-L0,883124188393,6,5.5
C25133-RD-M0,883124188386,5,5.5
C25133-RD-S0,883124188379,7,5.5
TPCW2002B,762983300590,19,35
TPCW2001K,762983300149,3,25
TPCW1008B,762983300736,5,18
TPCW1009PR,762983300750,2,15
WS90734,713079907346,68,9.95
WS90724,713079907247,80,9.25
BM-DLS-10,817483018060,0,4.67
BM-DLS-44,817483018077,3,11.5
BM-DLWB-10,817483018022,7,3.73
BM-DWDW04-18,817483018602,12,15.84
BM-DWDW04-36,817483018619,42,31.68
CG-74095,647581674949,26,10
BV-055-MOC,4890808283493,33,77.5
BV-056-MOC,4890808283523,20,82.5
BV-060-MOC,4890808283646,38,82.5
BV-058-MOC,4890808283585,32,92.5
BV-062-MOC,4890808283707,36,92.5
CG-017,4890808297155,3,175
CG-018,4890808297162,3,62.5
BV-089,4890808293003,14,45
BV-090,4890808293010,18,45
LW-058,4890808297476,46,50
LW-059,4890808297483,27,50
LW-060,4890808297490,59,50
LW-061,4890808297506,64,50
SSY2605-00,638258905855,16,13.95
BL24520,810138371022,21,32.844
BL24502,810138371039,18,10.402
SSY4103-10,638258905886,17,9.75
SSY4102-10,638258905879,23,10.95
SSY4101-10,638258905862,11,9.75
SSY4104-10,638258905893,13,9.75
SSY4105-10,638258905909,28,10.95
SSY3101-03,638258905916,30,8.75
SSY3102-03,638258905923,3,8.75
SSY3103-03,638258905930,18,8.75
SSY3104-03,638258905947,13,8.75
SSY3105-03,638258905954,9,8.75
TPC1013,762983302624,12,49.5
TPCB2002PR,762983300934,11,49.5
NSN-0555-64,657447111556,37,24.6
NSN-0555-66,657447111563,38,24.6
LP6033395,3700436033395,36,6.5
LP6033401,3700436033401,3,9
BM-DLWB-44,817483018039,13,7.08
BM-DWDW04-6,817483018596,15,5.28
BM-DWIW-15,817483018626,32,7.5
BM-DWIW-30,817483018633,36,15
LP6033418,3700436033418,22,11.49
LP6033449,3700436033449,8,22.99
SEN320-ML,810002660856,41,0.85
HPB-990BL,710022365178,41,69.9
HPB-990RW,710022365260,37,69.9
HPB-994RE,710022365239,8,44.9
HPB-994BLU,710022365277,23,44.9
MEP180-MT-OS,671241128046,4,12.95
MEP181-MT-OS,671241128077,5,9.95
MEP182-MT-OS,671241128107,0,8.95
MEP181-TQ-OS,671241128060,3,7.95
MEP182-TQ-OS,671241128091,5,7.95
MEP183-TQ-OS,671241128121,0,8.95
MEP176-BK-OS,671241127902,7,10.95
MEP177-BK-OS,671241127933,0,8.95
MEP178-BK-OS,671241127964,0,8.95
MEP179-BK-OS,671241127995,0,11.95
SS370-08,646709370084,11,17.49
AL2003-BK-S0,883045922922,10,25
AL2003-BK-M0,883045922939,9,25
AL2003-BK-L0,883045922946,3,25
AL2003-BK-X0,883045922953,6,25
AL2004-BK-S0,883045923004,0,25
AL2004-BK-M0,883045923011,5,25
AL2004-BK-L0,883045923028,9,25
AL2004-BK-X0,883045923035,3,25
AL2005-BK-S0,883045923530,6,17
AL2005-BK-M0,883045923547,2,17
AL2005-BK-L0,883045923554,13,17
AL2005-BK-X0,883045923561,13,17
AL2007-BK-S0,883045923080,3,22
AL2007-BK-M0,883045923097,6,22
AL2007-BK-L0,883045923103,5,22
AL2007-BK-X0,883045923110,5,22
AL2011-BK-S0,883045923240,14,20
AL2011-BK-M0,883045923257,12,20
AL2011-BK-L0,883045923264,8,20
AL2011-BK-X0,883045923271,12,20
AL2010-BK-M0,883045923219,5,18
AL2010-BK-S0,883045923202,5,18
AL2010-BK-L0,883045923226,5,18
AL2010-BK-X0,883045923233,9,18
HPB-984BLU,710022365215,8,46.5
BL55404,810138370391,23,3.143
BL55419,810138370421,28,3.255
BL55600,810138370407,0,3.255
BL22602,810138370780,10,14.35
BL12308,810138371053,53,17.192
BL55808,810138370919,12,16.625
BL12402,810138371060,62,17.801
BL15095,810138371152,17,27.818
BL50120,810138371459,13,15.169
BL25620,810138371442,25,20.062
XRAH586-8oz,848518057198,12,14.88
BL32203,810138370841,19,41.867
BL41520,810138370995,50,28.77
BL55800,810138370902,10,16.625
XRAH738,848518059949,5,16.038
BL57800,810138370889,14,16.625
BL57808,810138370896,11,16.625
XRAH706-Small,848518059284,15,10
BL84015,810138371077,19,83.006
TPC-SM101,762983302822,1,475
TPC-SM102,762983302792,1,475
MEP180-NGR-OS,671241128022,0,9.95
MEP182-NGR-OS,671241128084,0,7.95
MEP183-NGR-OS,671241128114,2,8.95
TPC-SMT108,762983305137,0,14.99
TPC-SMT109,762983305144,0,14.99
TPC-SMT112,762983305175,0,24.99
TPC-SMT113,762983305182,11,39.99
TPC-SMT115,762983305229,0,37.49
CX76NTK-TQ-S0,9342504043406,12,15
CX76NTK-TQ-M0,9342504043413,10,15
CX76NTK-TQ-L0,9342504043420,9,15
CX76NTK-TQ-X0,9342504043437,12,15
CX76NTK-OR-S0,9342504043444,10,15
CX76NTK-OR-M0,9342504043451,8,15
CX76NTK-OR-L0,9342504043468,7,15
CX76NTK-OR-X0,9342504043475,8,15
CX76NTK-MT-S0,9342504043482,6,17.5
CX76NTK-MT-L0,9342504043505,0,17.5
CX76NTK-MT-X0,9342504043512,4,17.5
CX01TK-GR-S0,9342504042805,6,13.25
CX01TK-GR-M0,9342504042812,0,13.25
CX01TK-GR-L0,9342504042829,5,13.25
CX01TK-GR-X0,9342504042836,7,13.25
CX01TK-TQ-S0,9342504042881,4,13.25
CX01TK-TQ-M0,9342504042898,0,13.25
CX01TK-TQ-L0,9342504042904,11,13.25
CX01TK-OR-S0,9342504042928,2,13.25
CX01TK-OR-M0,9342504042935,0,13.25
CX01TK-OR-L0,9342504042942,3,13.25
CX01TK-OR-X0,9342504042959,4,13.25
CX05TK-FH-S0,9342504043048,13,12.5
CX05TK-FH-M0,9342504043055,1,12.5
CX05TK-FH-L0,9342504043062,8,12.5
CX05TK-FH-X0,9342504043079,8,12.5
CX05TK-GR-S0,9342504043000,6,12.5
CX05TK-GR-M0,9342504043017,0,12.5
CX05TK-GR-L0,9342504043024,4,12.5
CX14TK-FH-S0,9342504043567,7,10
CX14TK-FH-M0,9342504043574,4,10
CX14TK-FH-L0,9342504043581,0,10
CX14TK-FH-X0,9342504043598,8,10
CX14TK-GR-S0,9342504043529,8,10
CX14TK-GR-M0,9342504043536,9,10
CX14TK-GR-L0,9342504043543,8,10
CX14TK-GR-X0,9342504043550,9,10
CX14TK-TQ-S0,9342504043604,2,10
CX14TK-TQ-M0,9342504043611,6,10
CX14TK-TQ-L0,9342504043628,2,10
CX14TK-TQ-X0,9342504043635,5,10
BSPR-140,669729004081,3,3.955
BSPR-145,669729004104,11,3.955
BSPR-146,669729004111,1,4.13
BSPR-150,669729004128,3,4.13
BSPR-160,669729004135,9,4.375
BSPR-161,669729004142,6,5.775
NT3249,782631324907,5,33.1
NT3246,782631324600,4,19.3
XRAH638,848518058140,3,35.63
XRAH686,848518058799,27,32.376
XRAH717-BLUE,848518059499,16,13.89
XRAH718-PINK,848518059505,59,15
XRAH718-PURPLE,848518059512,17,15
XRAH640-XL,848518058188,13,25.026
PRWL-DRAG,5056341213208,6,7.25
PRWL-QUEEN,5056341213185,9,7.25
PRWL-PRIDE,4890808276938,19,7.25
PRWL-PR003BK-S0,4890808273937,11,15
PRWL-PR003BK-M0,4890808273944,12,15
PRWL-PR003BK-L0,4890808273951,13,15
PRWL-PR003BK-X0,4890808273968,9,15
PRWL-PR004BK-S0,4890808273999,7,13
PRWL-PR004BK-M0,4890808274002,6,13
PRWL-PR004BK-L0,4890808274019,10,13
PRWL-PR004BK-X0,4890808274026,13,13
XRAH673-GREEN,848518058591,17,11.67
PRWL-PR002BK-S0,4890808270288,6,13.3
PRWL-PR002BK-M0,4890808270295,0,13.3
PRWL-PR002BK-L0,4890808270301,1,13.3
PRWL-PR002BK-X0,4890808270318,14,13.3
XRAH673-RED,848518058607,8,11.67
PRWL-PR002PK-S0,4890808281321,6,13.3
PRWL-PR002PK-M0,4890808281338,5,13.3
PRWL-PR002PK-L0,4890808281345,9,13.3
PRWL-PR002PK-X0,4890808281352,8,13.3
PRWL-PR002BL-S0,5056341212607,6,13.3
PRWL-PR002BL-M0,5056341212591,6,13.3
PRWL-PR002BL-L0,5056341212584,7,13.3
PRWL-PR002BL-X0,5056341212614,10,13.3
PRWL-PRSBK-S0,5056341213284,4,18
PRWL-PRSBK-M0,5056341213291,0,18
PRWL-PRSBK-L0,5056341213307,8,18
PRWL-PRSBK-X0,5056341213314,10,18
PRWL-FISHTRNKBK-S0,4890808276457,12,14.9
PRWL-FISHTRNKBK-M0,4890808276464,2,14.9
PRWL-FISHTRNKBK-L0,4890808276471,12,14.9
PRWL-FISHTRNKBK-X0,4890808276488,14,14.9
PRWL-PRSPK1,5056341213338,0,6.65
PRWL-PRSPK2,5056341213345,9,6.65
HPB-995O,710022365253,23,45.9
NT3251-1,782631325119,9,13.8
NT3251-2,782631325126,12,13.8
CN1021-DARK,653078945195,15,16.03
CN1021-LIGHT,653078945171,39,16.03
CN1021-MEDIUM,653078945188,25,16.03
PRWL-PRFISHJOCK-S0,4890808276518,0,13.6
PRWL-PRFISHJOCK-M0,4890808276525,0,13.6
PRWL-PRFISHJOCK-L0,4890808276532,3,13.6
PRWL-PRFISHJOCK-X0,4890808276549,11,13.6
8374-HALNDMFLC-L,792264880664,15,9
8374-HALNDMFLC-S,792264880657,15,9
8374-HALNPKGLW-L,792264880688,10,9
8374-HALNPKGLW-S,792264880671,13,9
8284-GLF,792264879903,6,5.4
EH44507-BK-S0,763036335477,9,24.95
EH44507-BK-M0,763036335484,10,24.95
EH44507-BK-L0,763036335491,6,24.95
EH44507-BK-X0,763036335507,8,24.95
EH74213-BK-S0,763036335538,2,24.95
EH74213-BK-M0,763036335545,2,24.95
EH74213-BK-L0,763036335552,8,24.95
EH40709-BG-S0,763036335231,5,18.95
EH40709-BG-M0,763036335248,7,18.95
EH40709-BG-L0,763036335255,10,18.95
NSN-0244-04,657447110962,14,22.55
NSN-0244-16,657447110979,19,24.95
NSN-0244-28,657447110986,17,20.45
NSN-0244-37,657447110993,10,22.7
NSN-0244-45,657447111006,23,24.2
NSN-0287-79,657447111013,19,23.8
NSN-0287-85,657447111037,13,18.3
NSN-0402-54,657447111075,15,36.75
NSN-0402-55,657447111082,11,36.75
NSN-0402-57,657447111099,12,36.75
NSN-0515-04,657447111105,31,25.65
NSN-0515-07,657447111112,23,25.65
NSN-0515-09,657447111136,20,25.65
NSN-0515-14,657447111143,18,13.3
NSN-0515-17,657447111150,24,13.3
NSN-0515-19,657447111167,157,13.3
NSN-0515-24,657447111174,26,14.45
NSN-0515-27,657447111181,12,14.45
NSN-0515-29,657447111198,158,14.45
NSN-0560-38,657447111204,16,26.15
NSN-0560-48,657447111211,19,30.25
NSN-0560-59,657447111235,21,27.05
NSN-0960-06,657447111266,17,23.2
NSN-0960-07,657447111273,2,23.2
NSN-0968-06,657447111280,21,6.1
NSN-0968-07,657447111297,6,6.1
NSN-0968-16,657447111303,11,7.95
NSN-0968-17,657447111310,4,7.95
NSN-0969-03,657447111334,4,15
NSN-0969-04,657447111341,9,15
NSN-0969-09,657447111358,8,15
NSN-0969-13,657447111365,13,7.6
NSN-0969-14,657447111372,23,7.6
NSN-0969-19,657447111389,5,7.6
NSN-0969-23,657447111396,12,8.5
NSN-0969-24,657447111402,11,8.5
NSN-0969-29,657447111419,15,8.5
NSN-1020-01,657447111600,18,7.5
NSN-1020-02,657447111617,7,7.5
NSN-1020-03,657447111624,5,7.5
NSN-1020-11,657447111631,13,7.5
NSN-1020-12,657447111648,0,7.5
NSN-1020-13,657447111655,1,7.5
NSN-1020-21,657447111662,19,7.5
NSN-1020-22,657447111679,17,7.5
NSN-1020-23,657447111693,10,7.5
CYB-BK-WARRIOR,6950190110185,12,54
NSN-1119-53,657447111686,11,27.55
NSN-1121-03,657447111440,22,35
NSN-1124-53,657447111464,10,50
NSN-1165-23,657447111471,6,11.45
NSN-1350-01,657447111488,0,14.1
NSN-1350-12,657447111495,9,14.1
NSN-1350-23,657447111501,11,14.1
NSN-1350-32,657447111518,5,14.1
CYB-BK-WING,6950190110208,17,81.2
CYB-BK-TITAN,6950190110192,30,81.8
CYB-BK-GALAXY,6950190110215,13,84
EH74281-BK-SM,763036335637,16,12.95
EH74281-BK-ML,763036335644,14,12.95
EH74229-GR-S0,763036335569,3,21.95
EH74229-GR-M0,763036335576,12,21.95
EH74229-GR-L0,763036335583,9,21.95
EH43581-GR-S0,763036335330,0,19.95
EH43581-GR-M0,763036335347,0,19.95
EH43581-GR-L0,763036335354,5,19.95
EH43581-GR-X0,763036335361,3,19.95
EH2399-RD-OS,763036335842,10,3.95
EH74349-BB-S0,763036335743,3,17.95
EH74349-BB-M0,763036335750,0,17.95
EH74349-BB-L0,763036335767,5,17.95
EH74332-BB-M0,763036335729,7,16.95
EH43594-BK-SM,763036335415,18,18.95
EH43594-BK-ML,763036335422,21,18.95
EH37446-BK-SM,763036335002,18,16.95
EH37446-BK-ML,763036335019,17,16.95
EH40710-RL-S0,763036335262,11,18.95
EH40710-RL-M0,763036335279,12,18.95
EH40710-RL-L0,763036335286,12,18.95
EH74299-RL-SM,763036335699,3,12.95
EH74299-RL-ML,763036335705,17,12.95
WVSNSZ7SG8,4251460631495,0,89.5
NN-BFOHRTSSWP,810121173701,14,5.5
NN-PBRHRTBM,810121173725,6,5.5
EN-RS-6008-2,844477026008,15,58.99
EN-RS-6541-2,844477026541,2,26.593
ZE-RS-5605-2,844477025605,5,52.99
ZE-MS-6077-2,844477026077,20,22.99
ZE-MS-6091-2,844477026091,11,22.99
ZE-MS-6084-2,844477026084,16,22.99
ZE-MS-6107-2,844477026107,6,22.99
GX-RS-6343-2,844477026343,12,35.99
PB-RS-5650-2,844477025650,11,74.99
PB-RS-6367-2,844477026367,12,52.99
PB-RS-4509-2,844477024509,9,54.99
SL-SO-6329-2,844477026329,9,10.99
SL-SO-6244-2,844477026244,14,10.99
SL-RS-4554-2,844477024554,13,19.99
SL-RS-4493-2,844477024493,21,19.99
XRAG966-Small,848518047526,9,43.71
EH40706-RD-S0,763036335200,0,16.95
EH40706-RD-M0,763036335217,0,16.95
EH40706-RD-L0,763036335224,0,16.95
EH37481-RD-SM,763036335101,2,14.95
EH37481-RD-ML,763036335118,8,14.95
EH75109-BK-OS,763036335804,11,5.95
EH75109-RD-OS,763036335811,10,5.95
EH37447-PK-S0,763036335026,0,18.95
EH37447-PK-M0,763036335033,0,18.95
EH37447-PK-L0,763036335040,0,18.95
EH75139-BR-S0,763036336436,6,24.95
EH75139-BR-M0,763036336443,11,24.95
EH75139-BR-L0,763036336450,11,24.95
EH75139-BR-X0,763036336467,7,24.95
EH44516-BR-S0,763036336313,4,19.95
EH44516-BR-M0,763036336320,8,19.95
EH44516-BR-L0,763036336337,6,19.95
EH44516-BR-X0,763036336344,10,19.95
NVB942-13,850058394213,0,19.5
NVB942-20,850058394220,4,19.5
NVB944-04,850058394404,1,9.9
NVB944-28,850058394428,10,9.9
NVB944-35,850058394435,0,9.9
NVB944-42,850058394442,15,9.9
NVB944-59,850058394459,13,9.9
EVA-1968,813686021968,26,39.5
DTAN282EA,850031138285,6,10
DTAV305EA,850031138308,15,12.5
DTAK350EA,850031138353,5,16.5
DTAS299EA,850031138292,8,16.5
VHIT360,896909001046,290,97.85
CTZ-1012K,7707674734936,15,20
CTZ-1013D,7707674734165,8,38
CTZ-1009A,7707674734462,3,22
CTZ-1026BMB,7707755395735,10,23
CTZ-1055L,7707755391980,26,44
CTZ-1056A,7707755397470,22,50
CTZ-1057O,7707755393915,16,50
CTZ-159PIG,7707674731348,6,16
CTZ-158LAR,7707674736589,13,22
CTZ-154LEY,7707674731973,6,28.5
CTZ-153TIF,7707674731591,3,25
CTZ-110COD,7707674737371,31,38
CTZ-086SOL,7707674734059,0,6
CTZ-085MIK,7707674733991,0,6
CTZ-083LUC,7707674731553,0,6
PRWL-PR003WH-S0,4890808273692,8,15
PRWL-PR003WH-M0,4890808273708,11,15
PRWL-PR003WH-L0,4890808273715,6,15
PRWL-PR003WH-X0,4890808273722,4,15
PRWL-PR004WH-S0,4890808273753,7,13
PRWL-PR004WH-M0,4890808273760,9,13
PRWL-PR004WH-L0,4890808273777,9,13
PRWL-PR004WH-X0,4890808273784,6,13
BV-055-CRM,4890808283486,47,77.5
BV-055-BRN,4890808283509,14,77.5
BV-056-CRM,4890808283516,49,82.5
BV-056-BRN,4890808283530,20,82.5
BV-057-CRM,4890808283547,12,92.5
BV-057-BRN,4890808283561,10,92.5
BV-058-CRM,4890808283578,19,92.5
BV-058-BRN,4890808283592,19,92.5
BV-059-CRM,4890808283608,38,77.5
BV-059-MOC,4890808283615,40,82.5
BV-059-BRN,4890808283622,17,82.5
BV-060-CRM,4890808283639,39,82.5
BV-060-BRN,4890808283653,15,82.5
BV-061-CRM,4890808283660,47,90
BV-061-MOC,4890808283677,16,90
BV-061-BRN,4890808283684,21,90
BV-062-CRM,4890808283691,18,92.5
BV-062-BRN,4890808283714,17,92.5
BV-057-MOC,4890808283554,11,92.5
RGNC1183,5056400305394,8,12.84
RGFP009-BK,5060363868391,12,12.5
RGFP003-BK,5060363868506,5,15.5
RGRPPS108,5056400305509,9,65.33
RGRTWG109,5056400305516,9,9.92
RGRSHS104,5056400305172,0,12.92
RGR3RS091-BK,5056400305097,7,11
BL22801,819835029106,8,28.483
BL22922,819835029090,0,24.892
BL22900,819835028666,12,24.892
BL22902,819835029083,15,24.885
OR559989,4024144261710,1,99
XRAH597,848518057341,27,26.724
CN1016,653078945089,11,10.68
CN1017-Dark,653078945119,8,35.63
CN1017-LIGHT,653078945096,5,35.63
WR-FAN-012,785571087871,15,12.5
WR-FAN-013,785571087888,14,12.5
CN1017-MED,653078945102,15,35.63
XRAH759,848518060457,39,8.538
XRAH740,848518060112,45,8.538
XRAH643,848518058294,3,30.03
XRAH761,848518060471,39,60.078
XRAH710,848518059352,23,44.49
XRAH656-BLACK,848518058355,23,27.8
XRAH656-PINK,848518058362,13,16.68
XRAH672,848518058577,9,13.338
CN1018,653078945126,19,34.56
LOV0500,6972677430500,191,64
6762-34,827160114992,15,10.5
HPB-997W,710022365291,154,25.9
HPB-997L,710022365284,137,25.9
HOD03105-PK-S0,198680001384,7,22
HOD03105-PK-M0,198680001391,5,22
HOD03105-PK-L0,198680001407,1,22
HOD03105-PK-X0,198680001414,4,22
HOD03105-PK-2X,198680001421,8,22
HOD03105-PK-4X,198680001438,2,22
HOD03102-PK-S0,198680001209,11,28
HOD03102-PK-M0,198680001216,12,28
HOD03102-PK-L0,198680001223,16,28
HOD03102-PK-X0,198680001230,16,28
HOD03102-PK-2X,198680001247,10,28
HOD03102-PK-4X,198680001254,10,28
HOD03109-PK-L0,198680001643,3,6.5
HOD03109-PK-X0,198680001650,8,6.5
HOD03109-PK-2X,198680001667,6,6.5
HOD06309-PK-M0,840312839949,3,6
HOD06309-PK-X0,840312839963,1,6
HOD06309-PK-2X,840312840150,8,6
HOD06309-PK-4X,840312840167,12,6
HOD07209-RD-S0,198680008512,0,2.5
HOD07209-RD-M0,198680008529,0,2.5
HOD07209-RD-L0,198680008536,10,2.5
HOD07209-RD-X0,198680008543,6,2.5
HOD07209-RD-2X,198680008550,5,2.5
HOD07209-RD-4X,198680008567,1,2.5
HOD07209-BK-S0,198680007942,0,2.5
HOD07209-BK-M0,198680007959,10,2.5
HOD07209-BK-L0,198680007966,10,2.5
HOD07209-BK-X0,198680007973,10,2.5
HOD07209-BK-2X,198680007980,6,2.5
HOD07209-BK-4X,198680008383,0,2.5
HOD02209-RD-S0,840312847692,0,3.5
HOD02209-RD-M0,840312847708,1,3.5
HOD02209-RD-L0,840312847715,2,3.5
HOD02209-RD-X0,840312847722,6,3.5
HOD02209-RD-2X,840312847739,5,3.5
HOD02209-RD-4X,840312847746,6,3.5
HOD02209-BK-S0,840312847630,0,3.5
HOD02209-BK-M0,840312847647,8,3.5
HOD02209-BK-L0,840312847654,0,3.5
HOD02209-BK-X0,840312847661,0,3.5
HOD02209-BK-2X,840312847678,2,3.5
HOD02209-BK-4X,840312847685,3,3.5
HOD01701-LP-S0,840312893293,0,22
HOD01701-LP-M0,840312893309,5,22
HOD01701-LP-L0,840312893316,1,22
HOD01701-LP-X0,840312893323,2,22
HOD01701-LP-2X,840312893330,5,22
HOD01701-LP-4X,840312893347,1,22
HOD05009-BK-SM,198680013196,2,5
HOD05009-BK-LX,198680013202,0,5
HOD05009-PK-SM,198680013233,0,5
HOD05009-PK-LX,198680013240,2,5
HOD05009F-PK-SM,198680013318,0,7.5
HOD05009F-PK-LX,198680013325,3,7.5
HOD03602-LP-S0,840312839819,9,17
HOD03602-LP-M0,840312839826,8,17
HOD03602-LP-L0,840312839833,9,17
HOD03602-LP-X0,840312839840,15,17
HOD03602-LP-2X,840312839857,5,17
HOD03602-LP-4X,840312839864,5,17
HOD03605-LP-S0,840312863883,0,16.5
HOD03605-LP-M0,840312863890,4,16.5
HOD03605-LP-L0,840312863906,1,16.5
HOD03605-LP-4X,840312863937,1,16.5
HOD01709-LP-S0,840312893538,3,4
HOD01709-LP-M0,840312893545,0,4
HOD01709-LP-L0,840312893552,4,4
HOD01709-LP-X0,840312893569,1,4
HOD01709-LP-2X,840312893576,0,4
HOD01709-LP-4X,840312893583,0,4
OLL5112047-PK-S0,840392211208,4,16
OLL5112047-PK-L0,840392211185,0,16
OLL5112047-PK-X0,840392211215,3,16
OLL4012047-PK-M0,840392211239,8,15
OLL4012047-PK-L0,840392211222,11,15
OLL4012047-PK-X0,840392211253,10,15
OLL7412055-PR-S0,840392209687,7,20
OLL7412055-PR-M0,840392209670,13,20
OLL7412055-PR-L0,840392209663,8,20
OLL7412055-PR-X0,840392209694,0,20
OLL5212055-PR-S0,840392209748,8,18
OLL5212055-PR-M0,840392209731,2,18
OLL5212055-PR-L0,840392209724,3,18
OLL5212055-PR-X0,840392209755,8,18
OLL5212055-PR-1X,840392209700,7,20
OLL2139-GR-S0,840392211550,3,16
OLL2139-GR-M0,840392211543,7,16
OLL2139-GR-L0,840392211536,3,16
OLL6112054-BP-L0,840392209564,4,20
OLL6112054-BP-X0,840392209595,5,20
OLL7512054-BP-X0,840392209656,5,25
OLL7512054-BP-1X,840392209601,3,27
OLL7512054-BP-2X,840392209618,4,27
OLL7512063-BG-SM,840392210287,17,22
OLL7512063-BG-LX,840392210270,6,22
OLL4012063-BG-SM,840392210263,12,19
OLL4012063-BG-LX,840392210256,19,19
OLL4012032-PK-LX,840392211611,1,16
OLL6112108-PK-L0,840392211338,9,24
OLL6112108-PK-X0,840392211369,9,24
OLL6112108-PK-1X,840392211314,6,26
OLL6112108-PK-2X,840392211321,3,26
OLL7012094-PK-SM,840392211406,12,22
OLL7012094-PK-LX,840392211390,7,22
OLL5212068-NV-L0,840392210416,3,22
OLL5212068-NV-X0,840392210447,3,22
OLL7012068-NV-L0,840392210454,1,23
OLL5112070-BG-L0,840392210690,7,23
OLL5112070-BG-X0,840392210720,3,23
OLL5112070-BG-1X,840392210676,9,25
OLL5112070-BG-2X,840392210683,2,25
OLL4112070-BG-L0,840392210737,6,26
OLL4112070-BG-X0,840392210768,11,26
SS101-01,646709101015,16,15.9
SS101-00,646709101008,34,12.19
SS101-02,646709101022,20,21.2
SS101-03,646709101039,34,15.9
MX-STRON01,793072182544,9,35
SS101-04,646709101046,26,15.9
SS101-07,646709101077,32,13.25
SS101-08,646709101084,29,15.9
SS101-12,646709101121,14,15.9
PM0995-74,302340995740,39,4.23
PM0995-75,302340995757,41,10.83
PM0995-76,302340995764,20,19.91
PB-FWDP9,184755000314,12,16.2
BWX805,848416016051,6,53.5
BWX804,848416016044,10,47
BWX806,848416016068,9,69
LP6033531,3700436033531,13,68.99
NXSIM80,5060274222046,3,42.5
FE-SH-800A-05,810119283979,17,37.5
FE-SH-806N-05,810119283986,10,44
FE-SH-809C-05,810119284006,7,44
FE-SH-811J-05,810119284037,27,28
FE-SH-819-05,810119284051,26,44
FE-SH-820-05,810119284044,14,48
FTGL2541-BK-ML,657447325243,4,16.5
FTGL2541-BK-LX,657447325250,1,16.5
FTGL2541-BK-OQ,657447325267,1,17.5
FPL2515-BR-SM,657447324086,0,19.5
FPL2515-BR-ML,657447324093,0,19.5
FPL2515-BR-LX,657447324109,3,19.5
FTGL2542-BK-ML,657447325281,2,17
FTGL2543-BK-SM,657447325311,2,16
FTGL2543-BK-ML,657447325328,3,16
FTGL2543-BK-LX,657447325335,4,16
FTGL2543-BK-OQ,657447325342,6,17
FPL2515-BR-2X,657447324116,0,21
FPL2515-BR-4X,657447324123,4,21
FTGL2545-WH-SM,657447325397,6,16.5
FTGL2545-WH-ML,657447325403,7,16.5
FTGL2545-WH-LX,657447325410,6,16.5
FPL2517-MT-LX,657447324208,4,21.5
FPL2517-MT-2X,657447324215,2,22.5
FPL2517-MT-4X,657447324222,7,22.5
FPL2520-RD-2X,657447324369,4,19.5
FTGL2544-WH-SM,657447325359,10,19.5
FTGL2544-WH-ML,657447325366,8,19.5
FTGL2544-WH-LX,657447325373,8,19.5
FPL2522-BW-SM,657447324437,8,21.5
FPL2522-BW-ML,657447324444,3,21.5
FPL2522-BW-LX,657447324451,6,21.5
FPL2522-BW-2X,657447324468,4,23
FPL2522-BW-4X,657447324475,2,23
FTGL2547-NGR-ML,657447325465,3,16.5
FTGL2547-NGR-LX,657447325472,7,16.5
FTGL2550-WH-OS,657447325526,0,10.25
FTGL2550-WH-OQ,657447325533,0,10.75
FTGL2551-NGR-OS,657447325540,0,9.75
FTGL2551-NGR-OQ,657447325557,6,10.25
FTGL2552-NGR-OQ,657447325571,1,9.5
FPL2524-BR-SM,657447324536,7,16
FPL2524-BR-ML,657447324543,10,16
FPL2524-BR-LX,657447324550,10,16
FPL2524-BR-2X,657447324567,4,17
FPL2524-BR-4X,657447324574,5,17
BL36622,810138371602,20,20.86
BL00121,810138371466,22,21.77
BL24519,810138371367,19,11.865
BL24501,810138371503,15,21.812
BL46321,810138371343,45,33.88
XRAH541-Green,848518056603,12,25.81
SS101-10,646709101107,37,18.02
SS101-13,646709101138,32,18.02
EN-RS-6152,844477026152,29,85.99
SENVL101-ML,810002661273,12,5.98
SENVL102-ML,810002661303,25,5.98
CRC-CLA-01,5061076320268,19,15
HP3757,818631037575,20,3
CRC-CLA-03,5061076320275,15,15
CRC-CLA-04,5061076320282,7,15
CRC-CLA-06,5061076320305,6,15
HP3758,818631037582,20,3.85
CRC-CLA-07,5061076320312,12,15
CRC-CLA-10,5061076320343,11,15
HP3759,818631037599,25,5
CRC-CLA-12,5061076320367,6,12.5
CRC-CLA-13,5061076320374,11,20
HP3760,818631037605,30,10
CRC-CLA-14,5061076320381,13,15
CRC-CLA-15,5061076320398,10,17.5
HP3761,818631037612,40,18
CRC-CLA-18,5061076320428,3,12.5
CRC-CLA-20,5061076320435,7,15
HP3762,818631037629,27,18
CRC-CLA-21,5061076320442,18,15
CRC-CLA-23,5061076320466,15,15
CRC-CLA-24,5061076320473,19,20
HP3763,818631037636,24,10.5
HP3764,818631037643,6,14
CRC-CLA-28,5061076320503,6,12.5
CRC-CLA-29,5061076320510,13,15
HP3765,818631037650,14,11.75
PD4796-23,603912777253,17,50
OX3209-BLK,840215128577,2,12.5
OX3209-BLF,840215128614,14,12.5
PD4797-23,603912777604,12,50
OX3209-CHL,840215128591,15,12.5
PD5968-23,603912777727,12,37.5
PD5969-23,603912777734,20,32.5
PD5970-23,603912777741,30,32.5
PD5971-23,603912777758,7,27.5
OX3210-BKM,840215128621,16,12.5
OX3210-BLF,840215128645,13,12.5
PD4165-21,603912777789,3,25
OX3210-CHL,840215128638,13,12.5
PD4165-29,603912777796,9,25
OX3203-VP-BK,840215128300,11,9.5
PD4161-21,603912777765,0,38.5
PD4161-29,603912777772,11,38.5
OX3203-GC-BK,840215128331,8,9.5
OX3207-BKM,840215128492,7,7
OX3207-BLF,840215128515,9,7
OX3204-BLK,840215128348,9,4.75
OX3204-CLR,840215128355,7,4.75
PD4471-23,603912775372,7,45
OX3205-BLK,840215128393,5,5.5
OX3205-CLR,840215128409,12,5.5
PD4472-23,603912776072,7,22.5
OX3206-BLK,840215128447,18,11.5
OX3206-CLR,840215128454,15,11.5
PDRD557-20,603912777666,12,27.5
PDRD558-20,603912777673,16,40
OX3202-BLK,840215128225,11,2.5
PDRD560-20,603912777697,10,45
OX3202-GCR,840215128270,14,2.5
PDRD448-21,603912777703,9,45
OX3208-BLK,840215128522,11,12
OX3208-BLF,840215128553,14,12
OX3208-CHL,840215128560,7,12
PDRD448-29,603912777956,7,45
OX3212-STO,840215128843,10,37
OX3212-SZP,840215128850,19,37
PDRD434-21,603912774276,9,80
PDRD434-29,603912775518,20,80
OX3211-BLK,840215128652,15,19.5
OX3211-CLR,840215128669,20,19.5
PDRD435-21,603912777949,17,50
PDRD435-29,603912775525,10,50
KR11070-W,8720938956591,37,75.81
KR11071-W,8720938956607,38,7.95
KR11072-W,8720938956614,45,7.95
SE0913-65,716770113511,6,93.25
VI-P2713,850052871437,8,29.25
SE0913-66,716770113528,6,93.25
VI-S1008,850052871475,47,34.4
SE0915-10,716770113832,11,20.95
VI-P2808,850052871468,54,29.25
VI-P2813,850052871451,77,29.25
SE0915-11,716770113849,14,20.95
SE0275-20,716770113801,13,29.6
SE0275-23,716770113818,7,32.35
SE0275-25,716770113825,15,32.35
SE1235-05,716770114242,24,25.1
SE1235-10,716770114259,20,25.1
SE1235-15,716770114266,23,25.1
SE0605-14,716770113351,14,18.85
SE0605-17,716770113368,3,20.7
SE0605-19,716770113375,13,20.7
SE0309-01,716770113054,18,16.2
SE0309-03,716770112965,15,16.2
SE2801-14,716770112941,6,19.85
SE2801-17,716770112958,22,19.85
SE0374-10,716770112972,26,5.45
SE0374-11,716770112989,18,5.45
SE5545-10,716770114341,4,74.7
SE5545-15,716770114358,12,74.7
SE1492-28,716770113061,25,6.6
SE1492-29,716770113078,29,6.6
SE1492-31,716770114112,0,7.45
SE1492-32,716770114129,0,7.45
SE1491-17,716770113047,19,5.25
SE1491-18,716770114426,28,6.25
SE1491-19,716770114433,21,6.25
BLM5025-BLK,4890808296660,11,35
BLM5025-WHT,4890808296677,5,35
BLM5030,4890808296721,13,40
BLM5029,4890808296714,3,40
BLM5032,4890808296745,0,45
BLM5034,4890808296806,9,12
BLM5033,4890808296752,38,12
BLM5035,4890808296813,7,26
BLM5036,4890808296820,12,28
GLAS-170,4890808297216,4,22
GLAS-172,4890808297230,5,24
GLAS-171,4890808297223,12,24
GLAS-173,4890808297247,12,21
GLAS-174,4890808297254,10,24
GLAS-176,4890808297278,9,25
GLAS-175,4890808297261,26,24
GLAS-177,4890808297285,11,20
ELD-LF1000GLD,4890808298411,16,42
ELD-LF1002,4890808298367,13,22
ELD-LF1805PUR,4890808298404,14,20
ELD-LF1827,4890808298428,9,27
ELD-LF1830,4890808298459,15,25
DJ0682-42,782421098605,15,20.1
DJ0682-43,782421098612,16,20.1
DJ1361-54,782421098629,46,9.32
DJ1361-55,782421098636,55,9.32
DJ1361-56,782421098698,24,9.32
DJ1361-57,782421098704,17,9.32
DJ1361-58,782421098711,10,9.32
DJ1361-59,782421098728,22,9.32
DJ1363-64,782421098735,31,6.62
DJ1363-65,782421098759,42,6.62
DJ1363-66,782421098766,37,6.62
DJ1363-67,782421098773,33,6.62
DJ1363-68,782421098780,39,6.62
DJ1363-69,782421098797,21,6.62
DJ1365-01,782421097677,38,4.13
DJ1365-02,782421097684,54,4.13
DJ1365-03,782421097691,53,4.13
WR-CRA-005,795847085241,14,6
WR-CRA-007,748252293695,15,6
WR-PEN-001,643375898683,27,7.5
WR-PEN-003,649910948936,3,7.5
DJ3703-01,782421098377,13,8.32
DJ3703-02,782421098384,12,8.32
DJ3703-03,782421098391,11,8.32
DJ3703-04,782421098254,15,8.32
DJ3703-05,782421098261,13,8.32
DJ3703-06,782421098278,9,8.32
DJ3703-07,782421098285,13,8.32
DJ3703-08,782421098292,23,8.32
DJ3703-09,782421098599,19,8.32
DJ3703-10,782421098315,10,8.32
DJ7017-15,782421100117,13,8.84
DJ7017-16,782421100124,8,10.46
DJ7017-17,782421100131,18,12.92
DJ7017-18,782421100148,13,8.84
DJ7017-19,782421100155,19,10.46
DJ7017-20,782421100575,14,12.92
DJ8160-41,782421102746,5,49.56
HOD0660-BG-S0,198680005368,1,18
HOD0660-BG-M0,198680005375,1,18
HOD0660-BG-L0,198680005382,2,18
HOD0660-BG-X0,198680005399,8,18
HOD0660-BG-2X,198680005405,7,18
HOD0660-BG-4X,198680005412,5,18
HOD06605-BG-S0,198680005122,1,16
HOD06606-BG-L0,198680005269,4,19
HOD06606-BG-X0,198680005276,8,19
HOD06606-BG-2X,198680005283,1,19
HOD06402-GR-S0,198680006266,0,26
HOD06402-GR-L0,198680006242,1,26
HOD06402-GR-X0,198680006273,8,26
HOD06402-GR-2X,198680006228,0,26
HOD06402-GR-4X,198680006235,5,26
HOD06005-PK-2X,198680011543,4,24.5
HOD06005-PK-4X,198680011550,3,24.5
HOD02804-RSE-S0,198680007515,13,19
HOD02804-RSE-M0,198680007522,10,19
HOD02804-RSE-L0,198680007539,13,19
HOD02804-RSE-X0,198680007546,14,19
HOD02804-RSE-2X,198680007553,6,19
HOD02804-RSE-4X,198680007560,6,19
HOD04902-BK-S0,840312885939,14,19
HOD04902-BK-M0,840312885946,14,19
HOD04902-BK-L0,840312885953,14,19
HOD04902-BK-X0,840312885960,16,19
HOD04902-BK-2X,840312885977,8,19
HOD04902-BK-4X,840312885984,11,19
HOD04906-BK-S0,840312885816,6,20
HOD04906-BK-M0,840312885823,11,20
HOD04906-BK-L0,840312885830,11,20
HOD04906-BK-X0,840312885847,11,20
HOD04906-BK-2X,840312885854,3,20
HOD04906-BK-4X,840312885861,6,20
DJ1312-55,782421100773,177,9.8
DJ1312-65,782421100803,100,9.8
DJ1314-10,782421097561,54,9.5
DJ1314-11,782421097578,25,9.5
DJ1314-12,782421097585,84,9.5
OX3207-STO,840215128508,13,7
DJ4549-01,782421099596,8,10
DJ4549-02,782421099602,23,10
DJ4549-03,782421099619,19,10
DJ4549-04,782421099701,23,10
DJ4549-25,782421099626,17,7.26
DJ4549-26,782421099633,17,7.26
DJ4549-27,782421099640,37,7.26
DJ4549-28,782421099657,17,7.26
7757-L125,3701411600588,39,9.5
7757-L124,3701411600571,40,9.5
SS102-01,646709102012,23,7.95
SS102-02,646709102029,30,9.01
SS102-04,646709102043,32,10.6
SS102-05,646709102050,30,12.19
SS102-06,646709102067,20,4.52
SS102-07,646709102074,21,4.51
SS102-08,646709102081,38,4.51
SS102-10,646709102104,23,16.96
SS102-11,646709102111,21,9.01
SS102-13,646709102135,29,15.9
SS102-14,646709102142,30,13.25
WVSNDT4SG4,4251460631419,25,69.5
WVSNDT4SG5,4251460631402,26,69.5
VI-P2709,850052871444,29,29.25
SEN202-ML,855559003527,15,10
SEN203-ML,855559003534,13,10
SEN204-ML,855559003541,13,10
SEN891-OPK,810002661556,11,12.5
SEN892-OPK,810002661563,22,12.5
SEN840,810002661587,18,12.5
SEN841,810002661648,8,12.5
CP25501-BK-OS,883124188492,23,26.5
CP25501-BK-OQ,883124188508,24,26.5
CP25502-BK-OS,883124188515,1,30
CP25502-BK-OQ,883124188522,17,30
CP25503-BK-OS,883124188539,6,25
CP25503-BK-OQ,883124188546,14,25
CP25504-BK-OS,883124188553,11,24
CP25504-BK-OQ,883124188560,19,24
CP25508-GY-S0,883124188607,5,27.5
CP25508-GY-M0,883124188614,5,27.5
CP25508-GY-L0,883124188621,6,27.5
CP25508-GY-X0,883124188638,3,27.5
CP25601,883124188683,5,19.5
CP25605,883124188713,8,20
CP25606,883124188720,10,25
CP25607,883124188737,5,15
CG-SHMO-006,669423999478,23,35
CG-SHMO0994,669423999430,34,15
CP25610,883124188768,0,18.5
CG-SHMO-005,669423999461,30,24.99
BL88712,810138371534,14,17.486
BL25622,810138371091,16,33.25
BL24511,810138371794,22,37.268
BL24622,810138371107,29,14.42
KS12013,739122120135,102,21
KS12015,739122120159,139,21
MPE8945-BL-SM,190602294638,6,18.95
MPE8945-BL-LX,190602294645,8,18.95
MPE8944-BL-SM,190602294614,8,15.95
MPE8944-BL-LX,190602294621,14,15.95
MPE8938-BB-LX,190602294447,6,18.95
BL16609,810138371398,40,10.101
MPE8939-BB-SM,190602294454,10,16.95
MPE8939-BB-LX,190602294461,11,16.95
BL16409,810138371374,30,4.669
BL16509,810138371381,28,6.44
BL40830,810138371626,52,23.884
BL25012,810138371961,32,32.13
BL25042,810138372241,48,34.986
BL25032,810138372067,17,40.95
MPE8940-BB-SM,190602294478,10,13.95
MPE8940-BB-LX,190602294485,12,13.95
BL37211,810138371640,18,19.586
MPE8942-BL-S0,190602294515,6,18
MPE8942-BL-M0,190602294522,9,18
MPE8942-BL-L0,190602294539,10,18
MPE8942-BL-X0,190602294546,13,18
BL37212,810138371657,4,15.386
BL37210,810138371633,25,19.586
BL88935,810138371909,40,6.65
BL25402,810138371350,22,28
MPE7612-BL-SM,190602294577,5,19.95
MPE7612-BL-LX,190602294584,9,19.95
MPE7612-BL-2X,190602294591,1,24.55
MPE7612-BL-4X,190602294607,3,24.55
JO10127,796494101278,24,8.07
JO40006,796494400067,21,12.12
JO40005,796494400050,0,18.17
JO40004,796494400043,28,27.24
JO40031,796494400319,20,40.88
JO40077,796494400777,15,12.12
JO10231,796494102312,23,8.07
JO40189,796494401897,16,12.12
JO40134,796494401347,25,15.57
JO40102,796494401026,36,12.12
JO40103,796494401033,22,18.17
JO40105,796494401057,12,12.12
JO40208,796494402085,23,12.12
JO10641,796494106419,20,7.54
JO20001,796494200018,16,11.33
JO40484,796494404843,5,16.98
JO10128,796494101285,90,4.67
JO40034,796494400340,37,6.24
JO40035,796494400357,56,9.34
JO40036,796494400364,29,14.01
JO40037,796494400371,28,21.02
JO41064,796494410646,18,4.67
JO40080,796494400807,43,6.24
JO40079,796494400791,27,9.34
JO40078,796494400784,23,14.01
JO10232,796494102329,42,4.67
JO40206,796494402061,57,6.24
JO40207,796494402078,30,9.34
JO41041,796494410417,42,6.24
JO42008,796494420089,50,9.34
JO44049,796494440490,20,14.01
JO40832,796494408322,5,21.02
JO42009,796494420096,40,9.34
JO42026,796494420263,22,9.34
JO42025,796494420256,21,9.34
JO40144,796494401446,28,14.02
JO40828,796494408285,9,21.02
JO40661,796494406618,22,9.34
JO40662,796494406625,22,14.01
JO40686,796494406861,20,14.01
JO40111,796494401118,25,6.24
JO40107,796494401071,39,9.34
JO40108,796494401088,20,14.01
JO40109,796494401095,25,6.24
JO40110,796494401101,2,9.34
JO40210,796494402108,7,6.24
JO40211,796494402115,14,9.34
JO40112,796494401125,38,6.23
JO40113,796494401132,23,9.35
JO40114,796494401149,12,14.02
JO41020,796494410202,21,4.67
JO41022,796494410226,24,4.67
JO41023,796494410233,24,4.67
JO10589,796494105894,31,4.67
JO10590,796494105900,28,4.67
JO10116,796494101162,26,4.67
JO10117,796494101179,41,4.67
JO10118,796494101186,38,4.67
JO10119,796494101193,25,4.67
JO10121,796494101216,44,4.67
JO10122,796494101223,35,4.67
JO10126,796494101261,25,4.67
JO10384,796494103845,27,4.67
JO10385,796494103852,38,4.67
JO10630,796494106303,8,6.34
JO10631,796494106310,32,6.34
JO10632,796494106327,7,6.34
JO21000,796494210000,32,6.34
JO21001,796494210017,31,6.34
JO21002,796494210024,38,6.34
JO42010,796494420102,20,6.34
JO42014,796494420140,32,6.34
JO40116,796494401163,21,10.28
JO40117,796494401170,21,10.28
JO40118,796494401187,30,10.28
JO40119,796494401194,29,10.28
JO40121,796494401217,19,10.28
JO40172,796494401729,32,10.28
JO40176,796494401767,27,10.28
JO40384,796494403846,13,10.28
JO40385,796494403853,16,10.28
JO44020,796494440209,15,10.28
JO44022,796494440223,17,10.28
JO44023,796494440230,12,10.28
JO40485,796494404850,18,10.28
JO40486,796494404867,22,10.28
JO40115,796494401156,45,10
JO10178,796494101780,29,6.24
JO40201,796494402016,26,9.34
JO40202,796494402023,29,14.01
JO40203,796494402030,16,21.02
JO10554,796494105542,44,6.24
JO42045,796494420454,12,9.34
JO40656,796494406564,6,14.01
JO40833,796494408339,14,21.02
JO40560,796494405604,25,14.01
JO40555,796494405550,6,14.01
RPPA1SGZ,4251460633147,45,25
JO40216,796494402160,20,13.29
JO42031,796494420317,20,13.31
FSG86913,5061018991754,4,45.5
JO42032,796494420324,26,13.31
FSG86910,5061018991723,19,34.5
JO40481,796494404812,12,8.41
FSG86862,5061018991716,15,48
JO40388,796494403884,27,10.42
JO41216,796494412169,14,12.26
JO40124,796494401248,12,13.63
JO40179,796494401798,12,13.63
FSG86911,5061018991730,19,53
JO40215,796494402153,15,13.63
JO41217,796494412176,26,12.26
JO40132,796494401323,12,10.86
JO41028,796494410288,24,13.78
JO44073,796494440735,33,13.31
JO40200,796494402009,65,7.82
JO40376,796494403761,29,4.2
JO40011,796494400111,45,5.93
JO42038,796494420386,32,5.23
JO48005,796494480052,0,12.26
JO40125,796494401255,20,7.11
JO40126,796494401262,19,7.11
JO40127,796494401279,20,7.11
JO40128,796494401286,23,7.11
JO40129,796494401293,22,7.11
JO40130,796494401309,37,7.11
JO10145,796494101452,0,4.75
JO10146,796494101469,0,4.75
JO10148,796494101483,3,4.75
JO40023,796494400234,15,17.88
JO40024,796494400241,12,17.88
JO40062,796494400623,13,17.88
JO10058,796494100585,14,12.48
JO10059,796494100592,0,11.23
JO10060,796494100608,29,11.23
MPE8946-BL-S0,190602294652,2,15.95
MPE8946-BL-M0,190602294669,2,15.95
MPE8946-BL-L0,190602294676,3,15.95
MPE8946-BL-X0,190602294683,9,15.95
MPE8952-PK-SM,190602294973,5,13.95
MPE8952-PK-LX,190602294980,4,13.95
MPE8959-BK-SM,190602295192,3,14.95
MPE8959-BK-LX,190602295208,11,14.95
MPE7616-BK-SM,190602295239,9,24.95
MPE7616-BK-LX,190602295246,10,24.95
MPE8962-BR-SM,190602295376,12,15.95
MPE8962-BR-LX,190602295383,12,15.95
MPE7619-BR-S0,190602295390,3,19.95
MPE7619-BR-M0,190602295406,8,19.95
MPE7619-BR-L0,190602295413,7,19.95
MPE7619-BR-X0,190602295420,12,19.95
MPE8964-RD-SM,190602295703,7,19.95
MPE8964-RD-LX,190602295710,6,19.95
MPE8965-RD-SM,190602295727,16,14.95
MPE8965-RD-LX,190602295734,9,14.95
MPE7620-RD-SM,190602295741,1,12.95
MPE7620-RD-LX,190602295758,9,12.95
MPE7620-RD-2X,190602295765,9,14.55
MPE7622-RD-SM,190602295987,6,12.95
MPE7622-RD-LX,190602295994,11,12.95
MPE8968-RD-SM,190602295826,8,13.95
MPE8968-RD-LX,190602295833,6,13.95
MPE8948-PK-SM,190602294713,7,13.95
MPE8948-PK-LX,190602294720,12,13.95
MPE8969-RD-SM,190602295840,10,17.95
MPE8969-RD-LX,190602295857,5,17.95
DJ1360-15,782421007805,39,9.5
DJ1360-16,782421007812,23,9.5
DJ1360-17,782421007829,100,9.5
DJ1360-18,782421008680,56,9.5
DJ1360-31,782421026639,14,7.25
DJ1360-32,782421026646,15,7.25
DJ1360-33,782421026653,78,7.25
DJ1360-38,782421070007,101,9.5
DJ1360-39,782421070021,83,9.5
DJ1360-40,782421069247,51,7.25
DJ1360-41,782421069254,105,7.25
EN-RS-6770,844477026770,11,32.99
EN-RS-6961,844477026961,10,35.99
EN-RS-4516,844477024516,12,59.99
EN-RS-6510,844477026510,14,54.99
GX-RS-6039,844477026039,21,40.99
SS102-09,646709102098,19,11.66
GX-RS-6350,844477026350,15,44.99
PB-RS-2482,844477022482,20,114.99
PB-RS-6824,844477026824,12,49.99
PB-RS-6657,844477026657,33,54.99
PB-RS-6695,844477026695,7,74.99
PB-RS-6466,844477026466,17,59.99
SS102-12,646709102128,34,9.54
SL-RS-6862,844477026862,17,17.99
SL-RS-6916,844477026916,11,22.99
ZE-RS-6633,844477026633,30,49.99
ZE-RS-6602,844477026602,20,49.99
ZE-RS-4547,844477024547,18,35.99
VI-F2001,850052871505,43,12.5
VI-F2009,850052871482,0,12.5
VI-F2013,850052871499,27,12.5
VI-A0308,850052871512,37,8.5
VI-A0313,850052871529,42,8.5
PJ140-75,827160116910,82,9
PJ140-68,827160116842,48,12.5
AWKN2SG9,4251460631112,9,89.5
PJ140-70,827160116866,111,10.5
PJ140-76,827160116934,71,16
AWSM1SG9,4251460612944,9,74.5
WZXY2SG9,4251460631600,50,154.5
XRAH734,848518059864,36,56.15
XRAH743,848518060105,28,41.71
XRAH750-L,848518060280,17,19.97
XRAH750-XL,848518060297,13,24.93
XRAH754,848518060372,11,69.53
XRAH815-L,848518061607,7,19.24
XRAH815-M,848518061591,10,13.89
XRAH833,848518061850,15,32.08
XRAH664-BLACK,848518058454,19,34.18
XRAH664-RED,848518058461,19,34.18
XRAH763,848518060600,1760,3.198
XRAH747,848518060181,3,10.68
XRAH777,848518060921,114,17.66
XRAH843-BLACK,848518061911,24,10.68
XRAH843-PINK,848518061928,20,10.68
XRAH843-PURPLE,848518061935,16,10.68
XRAH843-WHITE,848518061942,9,10.68
XRAH568,848518056955,13,58.83
XRAH676-L,848518058690,9,16.884
XRAH676-M,848518058683,4,16.884
XRAH676-S,848518058676,12,16.884
XRAH674-L,848518058638,20,26.724
XRAH674-M,848518058621,17,26.724
XRAH674-S,848518058614,19,26.724
WVSNHS1SGA,4251460632782,55,64.5
WVSNHS1SGE,4251460632775,22,64.5
WR-STK-001,785571088113,0,2
WR-STK-002,785571088120,5,2
WR-STK-004,785571088267,19,2
WR-STK-005,785571088212,18,2.5
WR-STK-006,785571088106,0,2
WR-STK-007,785571088182,15,2
LITBG-133,685634103879,27,6.6
LITCP-1248,817717012482,11,15
LITBG-134,685634103886,33,16.5
LITCP-1250,817717012505,75,5.5
LITCP-1251,817717012512,0,5.5
LITBT-470,685634112147,37,6.6
LITBT-472,685634112161,35,6.6
LITBT-474,685634112185,47,6.6
LITCP-1256,817717012567,33,3.3
KR11077,8720938956720,4,137
KS12082,739122120821,13,7.5
KS12078,739122120784,17,12.5
KS12083,739122120838,18,7.5
KS12079,739122120791,19,12.5
KS12084,739122120845,9,7.5
KS12077,739122120777,24,14.5
KS12076,739122120760,22,25
KS12085,739122120852,14,12.5
LW-054WHT,4890808295731,25,27.5
LW-055WHT,4890808295748,18,42.5
LW-056WHT,4890808295755,7,45
LW-057WHT,4890808295762,9,70
LW-069S,4890808298626 ,0,5
LW-069L,4890808298633 ,35,7.5
LW-070,4890808298640,7,12.5
BV-001-CAM,4890808297902,17,50
BV-004-LEO,4890808297896,16,50
BV-091,4890808293041,32,12.5
BV-101,4890808297803,35,15
BV-102,4890808297810,18,20
BV-103,4890808297827,14,25
BV-110,4890808297919,11,20
BV-112,4890808297933,10,12.5
BV-113,4890808297940,12,30
BV-114,4890808297957,19,25
BV-115,4890808297964,6,35
LW-062BLK,4890808297971,22,14.5
LW-062WHT,4890808297988,27,14.5
LW-062RG,4890808297995,0,14.5
LW-062VT,4890808298008,33,14.5
MY46540,4260152465409,29,56.8
MY46005,4260152460053,21,94
MY46287,4260152462873,20,56.8
MY46460,4260152464600,12,45.8
MY46575,4260152465751,17,22.8
MY46581,4260152465812,27,24.8
MY46190,4260152461906,5,47.8
MY46110,4260152461104,38,57.8
MY46125,4260152461258,47,57.8
MY46610,4260152466109,10,35.8
WVSNSP1SG3,4251460634205,38,109.5
WVSNSP1SG9,4251460634182,47,109.5
WVSNSP1SG5,4251460634199,15,109.5
WVWZ142SGD,4251460632287,15,114.5
WVWZ142SG3,4251460632294,16,114.5
WVWZ142SGZ,4251460632270,19,114.5
NOBT-W94BL,9342851003832,2,40
NOBT-W94PK,9342851003849,0,40
NOBT-W95MG,9342851003856,6,40
NOBT-W95TBL,9342851003863,19,40
XRAH166,848518051691,10,46.35
XRAF102,848518024633,10,20.994
XRVF287,848518041791,4,10.24
XRAE237,848518017352,9,75.75
XRTF3910,848518019103,20,26.484
XRAC710,848518002082,7,14.016
XRAH541-RED,848518056610,18,25.81
XRAH516,848518056696,9,51.28
XRAH666,848518058492,2,53.48
XRAH699-GREEN,848518059130,12,11.73
XRAH699-RED,848518059147,5,11.73
XRAH725-RED,848518059611,11,47.48
XRAH725-SILVER,848518060648,13,58.83
XRAH726-GREEN,848518059628,6,58.83
XRAH726-PURPLE,848518061737,9,58.83
XRAH798-4OZ,848518061249,17,9.15
XRAH798-8OZ,848518061256,28,13.98
XRAG799-4OZ,848518061263,10,9.15
XRAH799-8OZ,848518061270,6,13.98
XRAH728-GR-L0,848518059673,30,22.45
XRAH728-GR-M0,848518059666,32,22.45
XRAH728-GR-S0,848518059659,34,22.45
XRAH728-GR-X0,848518059680,35,22.45
XRAH729-MT-L0,848518059710,37,22.45
XRAH729-MT-M0,848518059703,39,22.45
XRAH729-MT-S0,848518059697,39,22.45
XRAH729-MT-X0,848518059727,41,22.45
XRAH730-GR-L0,848518059758,34,22.45
XRAH730-GR-M0,848518059741,30,22.45
XRAH730-GR-S0,848518059734,36,22.45
XRAH730-GR-X0,848518059765,39,22.45
XRAH731-RBK-L0,848518059796,30,22.45
XRAH731-RBK-M0,848518059789,32,22.45
XRAH731-RBK-S0,848518059772,34,22.45
XRAH731-RBK-X0,848518059802,37,22.45
XRAH762,848518060587,6,32.088
XRAH768,848518060730,12,49.37
XRAH778,848518061003,5,58.83
XRAH809,848518061492,15,39.03
XRAH779,848518061010,13,48.13
XRAH642,848518058287,12,101.68
XRAH732,848518059819,16,17.63
XRAH765,848518060617,24,29.4
XRAH821-PURPLE,848518061676,17,24.05
XRAH821-RBW,848518061690,18,24.05
XRAH821-RED,848518061683,28,24.05
XRAH800,848518061287,12,18.7
XRAH801,848518061294,9,28.33
XRAH805,848518061409,35,64.18
LP6017463,3700436017463,8,46
LP6018743,3700436018743,10,40.5
LP6033524,3700436033524,22,68.99
LP6073360,3700436073360,13,86.5
LP6018729,3700436018729,20,57.49
LP6018705,3700436018705,15,45.99
NT3277,782631327700,2,35.85
NT3248,782631324808,23,40.45
NT3287,782631328707,16,20.25
NT3288-1,782631328813,205,11.05
NT3295-1,782631329513,52,16.55
NT3295-2,782631329520,55,16.55
NT3297-1,782631329711,26,22.05
NT3297-2,782631329728,16,22.05
NT3299-1,782631329919,14,20.25
NT3299-2,782631329926,12,20.25
NT3300-1,782631330014,27,29.9
NT3300-2,782631330021,28,29.9
XRAH620,848518057945,5,249.99
NT3166,782631316605,9,36.75
NT3227,782631322705,22,13.65
NT3225-1,782631322514,32,25.75
LOV0487,6972677430487,13,99
LITBT-440PDEA,685634112352,291,0.5
LITBT-441PDEA,685634112369,275,0.5
LITBT-444PDEA,685634112390,309,0.5
NT3262,782631326208,5,17.55
NT3263,782631326307,13,17.55
NT3264,782631326406,12,17.55
NT3265,782631326505,22,17.55
NT3266,782631326604,29,17.55
OEJSG-TZA415,850017269019,18,27.99
OEJSG-TZE063,850017269682,15,29.99
OEJSG-TZE064,850017269699,19,29.99
OEJSG-TZQ909,850017269422,14,44.99
CGC2204-02,638258907163,16,8.5
CGC2205-02,638258907170,16,8.5
PIN3006-03,638258907149,116,9.95
PIN3007-03,638258907279,31,9.95
PIN3008-03,638258907293,9,9.95
PIN3009-03,638258907316,7,9.95
SSY3201-03,638258907026,35,11.95
SSY3202-03,638258907040,23,11.95
SSY3203-03,638258907064,16,11.95
SSY3204-03,638258907088,25,11.95
SSY3205-03,638258907101,43,11.95
SHU6441,697309064415,12,10.25
SHU3802,697309038027,13,7.5
SHU3805,697309038058,9,7.5
SHU3808,697309038089,10,7.5
CN1020,653078945164,7,75
SOHSS1720-PR-S0,760299495399,0,13.95
SE1738-30,716770113412,14,18.95
SE1738-40,716770113429,21,19.5
SE1765-30,716770113450,15,21.45
SE1765-40,716770113467,17,22.6
SE1769-20,716770113474,23,14.7
SE1769-25,716770113481,11,14.7
SE0648-50,716770113856,11,35.5
SE0648-53,716770113863,16,35.5
SE0648-55,716770113870,13,35.5
SE2678-04,716770114167,15,10.95
SE2678-06,716770114198,9,10.95
SE2678-24,716770113900,18,34.75
SE5544-13,716770114228,0,15.95
SE5544-15,716770114235,0,15.95
GW2557-PK-OS,703674869934,13,15.95
GW2553-LP-OS,703674869897,11,14.95
GW2555-RD-OS,703674870084,14,15.95
GW2553-PK-OS,703674869880,10,14.95
GW2564-RD-OS,703674870022,11,15.95
GW2552-BL-OS,703674869996,10,14.95
GW2556-MA-OS,703674869910,10,13.95
GW2560-RD-OS,703674869965,15,16.5
GW2560-PR-OS,703674869958,11,16.5
GW2562-TL-OS,703674870039,24,15.95
GW2550-LP-OS,703674869866,3,15.95
GW2562-TL-OQ,703674870138,14,16.95
CG-019,4890808297179,5,72.5
MPE8941-BL-SM,190602294492,17,23.95
MPE8941-BL-LX,190602294508,22,23.95
MPE8947-PK-SM,190602294690,11,12.95
MPE8947-PK-LX,190602294706,17,12.95
MPE8971-RD-SM,190602295901,8,11.95
MPE8971-RD-LX,190602295918,5,11.95
MPE8971-PK-SM,190602295925,2,11.95
MPE8971-PK-LX,190602295932,14,11.95
MPE8975-PK-SM,190602296083,6,16.95
MPE8975-PK-LX,190602296090,2,16.95
ROLI889-BND-XS,194685111127,3,15.5
ROLI889-BND-S0,194685111103,0,15.5
ROLI889-BND-M0,194685111097,0,15.5
ROLI889-BND-L0,194685111080,0,15.5
ROLI889-BND-X0,194685111110,1,15.5
ROLI889-BND-1X,194685111134,0,16.5
ROLI889-BND-2X,194685111141,6,16.5
ROLI890-BND-XS,194685111196,5,15.5
ROLI890-BND-S0,194685111172,5,15.5
ROLI890-BND-M0,194685111165,0,15.5
ROLI890-BND-L0,194685111158,5,15.5
ROLI890-BND-X0,194685111189,5,15.5
ROLI838-GR-SM,194685109339,0,14.5
ROLI838-GR-LX,194685109322,0,14.5
ROLI838-GR-2X,194685109391,0,15.5
ROLI752-GR-XS,194685108394,0,15
ROLI752-GR-S0,194685108370,0,15
ROLI752-GR-M0,194685108363,0,15
ROLI752-GR-L0,194685108356,0,15
ROLI752-GR-X0,194685108387,0,15
ROLI892-BK-SM,194685111219,6,12
ROLI892-BK-LX,194685111202,7,12
ROLI1016-BK-SM,194685108141,0,16.5
ROLI1016-BK-LX,194685108134,7,16.5
ROLI1016-BK-2X,194685108158,4,17.5
ROLI829-NV-XS,194685108745,0,21
ROLI829-NV-S0,194685108721,0,21
ROLI829-NV-M0,194685108714,0,21
ROLI829-NV-L0,194685108707,5,21
ROLI829-NV-X0,194685108738,1,21
ROLI829-NV-1X,194685108752,2,22
ROLI829-NV-2X,194685108769,1,22
ROLI828-NV-XS,194685108691,9,22.5
ROLI828-NV-S0,194685108677,1,22.5
ROLI828-NV-M0,194685108660,4,22.5
ROLI828-NV-L0,194685108653,6,22.5
ROLI828-NV-X0,194685108684,1,22.5
ROLI832-BGD-XS,194685108950,9,18.75
ROLI832-BGD-S0,194685108936,0,18.75
ROLI832-BGD-M0,194685108929,0,18.75
ROLI832-BGD-L0,194685108912,0,18.75
ROLI832-BGD-X0,194685108943,3,18.75
ROLI832-BGD-1X,194685108967,3,19.75
ROLI832-BGD-2X,194685108974,9,19.75
ROLI833-BGD-S0,194685109001,0,17.25
ROLI833-BGD-M0,194685108998,0,17.25
ROLI833-BGD-L0,194685108981,6,17.25
ROLI833-BGD-X0,194685109018,0,17.25
ROLI833-BGD-1X,194685109025,0,18.25
ROLI834-RD-S0,194685109063,5,15.5
JO40166,796494401668,18,9.35
JO40844,796494408445,5,14.02
ROLI835-RD-X0,194685109148,7,23.5
ROLI835-RD-1X,194685109162,3,24.5
ROLI886-RD-OS,194685111028,0,6.5
ROLI886F-RD-OS,194685111035,0,6
ROLI886W-BK-OS,194685111059,9,6.5
JO49046,796494490464,23,12.46
KHE-BGD27,825156111802,17,8.5
KHE-BGA06,825156111864,32,8.5
KHE-XM039,825156111826,9,4
NXDP002,5060274221735,10,42.5
NXBE002,5060274222039,17,49.5
NXPGPL002,5060274221025,14,25.5
NXPGPM002,5060274220981,0,20
NXBPT001,5060274221261,0,32.5
7705-2002C,726893111981,25,11
PM014-21047,070907293188,68,10.75
7606-80010,022600800101,75,2.83
ROLI1018-PR-SM,194685108196,7,16
ROLI1018-PR-LX,194685108189,12,16
7606-98799,022600987994,41,9.2
ROLI863-PR-SM,194685110472,7,16.5
ROLI863-PR-LX,194685110465,12,16.5
ROLI863-PR-2X,194685110489,5,17.5
ROLI864-PR-SM,194685110502,12,19
ROLI864-PR-LX,194685110496,13,19
ROLI864-PR-2X,194685110519,7,20
ROLI842-BR-S0,194685109711,0,15.5
ROLI842-BR-M0,194685109704,0,15.5
ROLI842-BR-L0,194685109698,0,15.5
ROLI842-BR-X0,194685109728,0,15.5
ROLI842-BR-2X,194685109759,0,16.5
ROLI841-BR-XS,194685109667,9,23.5
ROLI841-BR-S0,194685109643,0,23.5
ROLI841-BR-M0,194685109636,0,23.5
ROLI841-BR-L0,194685109629,9,23.5
ROLI841-BR-X0,194685109650,0,23.5
ROLI841-BR-1X,194685109674,3,24.5
ROLI841-BR-2X,194685109681,2,24.5
ROLI874-LP-SM,194685110731,0,13
ROLI874-LP-LX,194685110724,3,13
ROLI874-LP-2X,194685110748,1,14
ROLI1017-LP-SM,194685108172,4,13
ROLI1017-LP-LX,194685108165,2,13
KX700-BK-SM,850066172582,0,14
KX700-BK-LX,850066172599,8,14
KX700-ND-LX,850066172612,10,14
KX700-ND-SM,850066172605,11,14
INT054F-3ML,850000918597,285,1.25
NSN-0365-64,657447111853,13,22.9
NSN-0365-14,657447111792,23,25.45
NSN-0365-34,657447111815,22,23.95
NSN-0365-74,657447111860,14,19.95
NSN-0401-45,657447111884,5,33.3
NSN-0401-55,657447111907,8,37.85
NSN-0552-65,657447111938,10,38.85
NSN-0556-07,657447111945,33,20.6
NSN-0559-04,657447111976,26,20.2
NSN-0559-35,657447111990,27,21.95
NSN-0559-44,657447112003,21,20
NSN-0561-44,657447112010,15,33.15
NSN-0563-05,657447112034,16,13.3
NSN-0625-04,657447112072,13,45
NSN-0625-35,657447112102,17,25.65
NSN-1100-03,657447112201,16,20.2
NSN-1130-43,657447112263,10,20
NSN-1132-89,657447112270,13,27.15
NSN-1162-13,657447112294,14,28.15
NSN-1162-23,657447112300,19,31.9
NSN-1165-33,657447112348,21,24.7
NSN-1166-03,657447112355,9,13.3
NSN-1105-90,657447111433,21,21.65
MEP412-LB-SM,671241129296,0,16.95
MEP412-LB-LX,671241129302,0,16.95
MEP412-LB-OQ,671241129319,0,18.95
MEP413-LB-SM,671241129326,0,23.95
MEP413-LB-LX,671241129333,3,23.95
MEP413-LB-OQ,671241129340,0,25.95
MEP415-LB-SM,671241129388,1,22.95
MEP415-LB-LX,671241129395,3,22.95
MEP415-LB-OQ,671241129401,0,24.95
MEP417-BK-SM,671241129470,0,17.95
MEP417-BK-LX,671241129487,0,17.95
MEP417-BK-OQ,671241129494,0,19.95
MEP418-BK-SM,671241129531,0,16.95
MEP418-BK-LX,671241129548,0,16.95
MEP418-BK-OQ,671241129555,0,18.95
MEP419-BK-SM,671241129593,2,19.95
MEP419-BK-LX,671241129609,2,19.95
MEP419-BK-OQ,671241129616,1,21.95
MEP417-RD-SM,671241129500,0,17.95
MEP417-RD-LX,671241129517,0,17.95
MEP417-RD-OQ,671241129524,0,19.95
MEP418-RD-SM,671241129562,0,16.95
MEP418-RD-LX,671241129579,0,16.95
MEP418-RD-OQ,671241129586,0,18.95
MEP419-RD-SM,671241129623,0,19.95
MEP419-RD-LX,671241129630,5,19.95
MEP419-RD-OQ,671241129647,0,21.95
EN-RD-6404,844477026404,8,57.99
EN-RD-6411,844477026411,13,56.99
EN-RS-6787,844477026787,16,25.99
EN-RS-7234,844477027234,8,59.99
EN-RS-7180,844477027180,25,54.99
EN-RS-6169,844477026169,18,49.99
EN-RS-7616,844477027616,15,69.99
EN-RS-6947,844477026947,29,69.99
EN-RS-7159,844477027159,9,69.9
EN-RS-7272,844477027272,18,27.99
EN-RS-7289,844477027289,11,39.99
EN-RS-7241,844477027241,6,59.99
EN-RS-4523,844477024523,6,59.99
EN-RS-6527,844477026527,7,49.99
ZE-MS-6053,844477026053,13,14.99
ZE-MS-6886,844477026886,6,14.99
ZE-RS-6138,844477026138,11,64.99
ZE-RS-5902,844477025902,18,79.99
ZE-RS-5926,844477025926,9,79.99
ZE-RS-6817,844477026817,12,99.99
ZE-RS-6978,844477026978,18,59.99
GX-RS-6190,844477026190,13,45.99
GX-RS-6558,844477026558,30,59.99
GX-RS-7357,844477027357,30,39.99
PB-RS-5889,844477025889,6,24.99
PB-RS-4486,844477024486,8,25.99
PB-RS-7005,844477027005,52,59.99
PB-RS-5872,844477025872,6,54.99
PB-RS-5797,844477025797,11,47.99
PB-RS-6893,844477026893,13,55.99
PB-RS-7302,844477027302,11,99.99
PB-RS-6671,844477026671,10,49.99
PB-RS-6664,844477026664,13,49.99
PB-RS-6688,844477026688,14,29.99
PB-RS-5865,844477025865,6,64.99
SL-RS-6619,844477026619,11,24.99
SL-RS-6640,844477026640,6,24.99
SL-RS-6879,844477026879,8,15.99
SL-RS-6145,844477026145,11,12.99
FE-FF-1053-01,810119283399,12,35
FE-FF-1053-2D,810119283382,46,35
FE-FF-1052-08,810119283368,29,55
FE-FF-1054-08,810119283504,29,60
FE-LL-7263-01,810119284334,35,22.5
FE-LL-7265-02,810119284358,20,22.5
FE-LL-7262-01,810119284327,16,30
FE-LL-7244-12,810119283702,12,27.5
FE-LL-7245-12,810119283719,6,27.5
FE-LL-7261-06,810119284112,18,25
FTD2522-BRY-SM,657447326554,8,15.5
FTD2522-BRY-ML,657447326561,5,15.5
FTD2522-BRY-LX,657447326578,6,15.5
FTD2522-BRY-OQ,657447326585,7,16.5
FTD2524-PR-SM,657447326639,0,18.5
FTD2524-PR-ML,657447326646,2,18.5
FTD2524-PR-LX,657447326653,4,18.5
FTD2524-PR-OQ,657447326660,0,19.5
FTD2526-GR-SM,657447326714,0,16
FTD2526-GR-ML,657447326721,0,16
FTD2526-GR-LX,657447326738,2,16
FTD2526-GR-OQ,657447326745,2,17
FTD2527-GR-SM,657447326752,2,17
FTD2527-GR-ML,657447326769,8,17
FTD2527-GR-LX,657447326776,6,17
FTD2527-GR-OQ,657447326783,5,18
FRD2545-RD-LX,657447326035,7,17.5
FRD2545-RD-2X,657447326042,4,18.5
FRD2545-RD-4X,657447326059,6,18.5
FRD2553-GR-LX,657447326417,11,14.5
FRD2555-BK-LX,657447326493,7,15
FRD2556-BK-2X,657447326530,2,17
KS14321,739122143219,31,5
KS14322,739122143226,14,5
KS14323,739122143233,20,5
KS14324,739122143240,13,5
NN-PDB-HRT-DOM,810121173992,2,5.5
NN-DSL-HRT-DOM,810121174005,13,5.5
NN-BHM-XF-LFR,810121173978,14,5.5
NN-PLAS-FUN-02,810121173909,10,5.25
NN-PLAS-XXX-01,810121173916,13,5.25
BM-SL2-C,817483018992,13,4.78
BALL-DG16,176554006116,44,4
BALL-DG17,176554006314,55,4.5
LOV0838,6972677430838,108,59
LOV0678,6972677430678,577,69
BM-RHAR-BL,817483018763,6,13.63
BM-RHAR-BU,817483018770,11,13.63
BM-RHAR-GN,817483018787,9,13.63
BM-ROYH-BL,817483018855,0,13.63
BM-ROYH-BU,817483018862,5,13.63
BM-DLWB-F,817483018930,59,0.9
BM-DWAC,817483018732,41,4.99
BM-DW-KAN,817483018916,26,12.48
BM-DW-KDN,817483018893,26,17.48
BM-DW-KGU,817483018923,25,19.98
BM-DW-KHU,817483018909,17,9.98
WR-VAF-014,785571087642,0,3
WR-FAN-011,785571087864,13,12.5
WR-HAT-001,665752708217,5,14.5
WR-HAT-002,665752708224,5,14.5
WR-HAT-006,665752708019,4,14.5
SE4375-60,716770113382,72,54.75
SE4375-65,716770113399,68,54.75
SE4375-75,716770113405,59,54.75
CDQ25201-BL-OS,883124188775,5,18.5
CDQ25201-BL-OQ,883124188782,16,18.5
CDQ25203-BL-S0,883124188812,0,17.5
CDQ25203-BL-M0,883124188829,4,17.5
CDQ25203-BL-L0,883124188836,10,17.5
CDQ25203-BL-X0,883124188843,6,17.5
CDQ25204-BL-S0,883124188850,1,24
CDQ25204-BL-M0,883124188867,0,24
CDQ25204-BL-L0,883124188874,1,24
CDQ25202-BL-OS,883124188799,1,16.5
CDQ25202-BL-OQ,883124188805,12,16.5
WS99330,713079993301,27,18.49
WS99350,713079993509,33,17.79
BL32803,810138370704,8,16.905
FTD2525-PR-SM,657447326677,0,17
FTD2525-PR-ML,657447326684,1,17
FTD2525-PR-LX,657447326691,5,17
FTD2525-PR-OQ,657447326707,1,18
FRPL775404-RBK-S0,840202881300,1,12.75
FRPL775404-RBK-M0,840202881317,4,12.75
FRPL775404-RBK-L0,840202881324,1,12.75
FRPL775404-RBK-X0,840202881331,0,12.75
FRPL775412-BK-S0,840202881584,3,16.75
FRPL775412-BK-M0,840202881591,6,16.75
FRPL775412-BK-L0,840202881607,10,16.75
FRPL775412-BK-X0,840202881614,2,16.75
FRPL775423-PR-S0,840202882024,8,18.75
FRPL775423-PR-M0,840202882031,0,18.75
FRPL775423-PR-L0,840202882048,5,18.75
FRPL775423-PR-X0,840202882055,1,18.75
FRPL775123-LP-S0,840202880945,0,16.75
FRPL775123-LP-M0,840202880952,0,16.75
FRPL775123-LP-L0,840202880969,0,16.75
FRPL775123-LP-X0,840202880976,0,16.75
FRPL775125-PK-S0,840202880990,2,14.75
FRPL775125-PK-M0,840202881003,1,14.75
FRPL775125-PK-L0,840202881010,4,14.75
FRPL775125-PK-X0,840202881027,2,14.75
FRPL775126-LP-SM,840202881041,0,14.75
FRPL775126-LP-M0,840202881058,0,14.75
FRPL775126-LP-L0,840202881065,0,14.75
FRPL775126-LP-X0,840202881072,0,14.75
FE-LL-7264-01P,810119284341,38,23.5
FRPL775439-BK-S0,840202882383,2,14.75
FRPL775439-BK-M0,840202882390,7,14.75
FRPL775439-BK-L0,840202882406,1,14.75
FRPL775439-BK-X0,840202882413,3,14.75
FRPL775449-BK-S0,840202882420,0,13.75
FRPL775449-BK-M0,840202882437,0,13.75
FRPL775449-BK-L0,840202882444,0,13.75
FRPL775449-BK-X0,840202882451,0,13.75
FRPL775457-BK-S0,840202882468,1,13.75
FRPL775457-BK-M0,840202882475,5,13.75
FRPL775457-BK-L0,840202882482,11,13.75
FRPL775457-BK-X0,840202882499,7,13.75
FRPL775554-RD-S0,840202882307,1,14.75
FRPL775554-RD-L0,840202882321,1,14.75
FRPL775424-PR-S0,840202882062,0,13.75
FRPL775424-PR-M0,840202882079,0,13.75
FRPL775424-PR-L0,840202882086,2,13.75
FRPL775424-PR-X0,840202882093,3,13.75
WVWZNE1SG4,4251460634748,26,109.5
WVWZNE1SGZ,4251460634731,23,109.5
WVSNPV2SG6,4251460633109,21,59.5
WVSNVG2SG9,4251460633215,6,64.5
OLL4012121-BL-S0,840392214285,11,21
OLL4012121-BL-M0,840392214278,12,21
OLL4012121-BL-L0,840392214261,9,21
OLL4012121-BL-X0,840392214292,10,21
OLL5212121-BL-S0,840392214247,9,23
OLL5212121-BL-M0,840392214230,9,23
OLL5212121-BL-L0,840392214223,5,23
OLL5212121-BL-X0,840392214254,9,23
OLL5212121-BL-1X,840392214209,17,25
OLL5212121-BL-2X,840392214216,11,25
OLL4012123-CBL-S0,840392214186,11,19
OLL4012123-CBL-M0,840392214179,9,19
OLL4012123-CBL-L0,840392214162,10,19
OLL4012123-CBL-X0,840392214193,6,19
OLL4012126-WH-S0,840392214100,9,20
OLL4012126-WH-M0,840392214094,6,20
OLL4012126-WH-L0,840392214087,11,20
OLL4012126-WH-X0,840392214117,5,20
OLL4112074-WH-SM,840392214018,8,16
OLL4112074-WH-LX,840392214001,19,16
OLL2139-RSE-S0,840392212564,7,16
OLL2139-RSE-M0,840392212557,4,16
OLL2139-RSE-L0,840392212540,3,16
OLL2139-RSE-X0,840392212571,4,16
OLL2139-RSE-2X,840392212489,1,18
OLL2139-RSE-4X,840392212496,2,18
OLL5210824-RSE-S0,840392212441,10,16
OLL5210824-RSE-M0,840392212434,8,16
OLL5210824-RSE-L0,840392212427,9,16
OLL5210824-RSE-X0,840392212458,9,16
OLL5210824-RSE-2X,840392212328,3,18
OLL5210824-RSE-4X,840392212335,3,18
OLL4012131-PK-S0,840392213882,14,16
OLL4012131-PK-M0,840392213875,15,16
OLL4012131-PK-L0,840392213868,12,16
OLL4012131-PK-X0,840392213899,13,16
OLL4012072-PK-S0,840392214346,5,18
OLL4012072-PK-M0,840392214339,10,18
OLL4012072-PK-L0,840392214322,7,18
OLL4012072-PK-X0,840392214353,6,18
OLL5111551-PK-S0,840392214674,9,20
OLL5111551-PK-M0,840392214667,8,20
OLL5111551-PK-L0,840392214650,6,20
OLL5111551-PK-X0,840392214681,12,20
OLL4112144-PR-SM,840392213387,14,16
OLL4112144-PR-LX,840392213370,16,16
OLL4112132-RSE-SM,840392214506,14,19
OLL4112132-RSE-LX,840392214490,19,19
UMBM-MO100,5060140200505,15,17.5
NT3289,782631328905,21,16.05
NT3290,782631329001,13,16.05
NT3291,782631329100,27,16.05
NT3292,782631329209,25,16.05
NT3293,782631329308,44,16.05
NT3294,782631329407,14,16.05
LP6018873,3700436018873,11,35
LP6018880,3700436018880,9,35
LP6018897,3700436018897,18,35
LP6018903,3700436018903,11,35
LP6018910,3700436018910,11,35
LP6018927,3700436018927,8,35
LP6018934,3700436018934,15,35
LP6018941,3700436018941,17,35
LP6018958,3700436018958,15,35
LP6018965,3700436018965,5,35
LP6018972,3700436018972,12,35
LP6018989,3700436018989,9,35
LP6018996,3700436018996,7,35
LP6019009,3700436019009,19,35
LP6019016,3700436019016,12,35
LP6019023,3700436019023,10,55
LP6019030,3700436019030,9,55
LP6019047,3700436019047,9,55
LP6019054,3700436019054,9,55
LP6019061,3700436019061,9,55
OLL7412154-PR-SM,840392213547,9,18
OLL7412154-PR-LX,840392213530,14,18
OLL7412154-PR-2X,840392213523,6,20
OLL5212146-GR-SM,840392213103,19,18
OLL5212146-GR-LX,840392213097,17,18
OLL5212146-GR-2X,840392213080,10,20
OLL6112141-PR-2X,840392213493,4,20
OLL5112150-TQ-SM,840392212977,12,19
OLL5112150-TQ-LX,840392212960,2,19
OLL5112150-TQ-2X,840392212953,1,21
OLL4112149-BL-S0,840392213004,9,23
OLL4112149-BL-M0,840392212991,10,23
OLL4112149-BL-L0,840392212984,9,23
OLL4112149-BL-X0,840392213011,11,23
OLL7412149-BL-S0,840392212892,11,24
OLL7412149-BL-M0,840392212885,11,24
OLL7412149-BL-L0,840392212878,12,24
OLL7412149-BL-X0,840392212908,12,24
OLL2139-PR-S0,840392212526,3,16
OLL2139-PR-M0,840392212519,6,16
OLL2139-PR-X0,840392212533,3,16
OLL2139-PR-2X,840392212465,11,18
OLL2139-PR-4X,840392212472,10,18
OLL5210824-PR-S0,840392212403,7,16
OLL5210824-PR-M0,840392212397,6,16
OLL5210824-PR-L0,840392212380,3,16
OLL5210824-PR-X0,840392212410,5,16
OLL5210824-PR-2X,840392212304,7,18
OLL5210824-PR-4X,840392212311,5,18
OLL4012145-NGR-S0,840392213257,15,19
OLL4012145-NGR-M0,840392213240,9,19
OLL4012145-NGR-L0,840392213233,8,19
OLL4012145-NGR-X0,840392213264,14,19
OLL7211986-RD-SM,840392210898,11,18
OLL7211986-RD-LX,840392210881,14,18
OLL7211986-RD-2X,840392210874,6,20
OLL5212142-GR-SM,840392213325,3,14
OLL5212142-GR-LX,840392213318,3,14
OLL4012143-GR-S0,840392213295,0,15
OLL4012143-GR-M0,840392213288,5,15
OLL4012143-GR-L0,840392213271,9,15
OLL4012143-GR-X0,840392213301,4,15
SW25077,763475331672,27,34.17
MPE1134-BK-OS,190602298933,10,11.95
MPE1137-BK-OS,190602298964,13,10.95
MPE1139-BK-OS,190602298988,13,7.95
MPE1140-BL-OS,190602299039,15,8.95
MPE1142-LP-OS,190602299053,13,8.95
MPE1147-BK-OS,190602299114,10,7.95
MPE1149-BK-OS,190602299138,10,7.95
MPE1152-BK-OS,190602299169,6,8.95
MPE1157-BK-OS,190602299237,8,6.95
MPE1159-PK-OS,190602299251,3,5.95
MPE1163-RD-OS,190602299299,6,8.95
MPE1163-RD-OQ,190602299305,8,9.55
MPE1166-PK-OS,190602299350,13,6.95
XRAH832,848518061812,21,34.98
XRAH832-PURPLE,848518061843,18,34.98
XRAH831,848518061805,23,39.98
XRAH712-LIGHT,848518059406,11,34.98
XRAH712-MED,848518059413,7,34.98
XRAH852,848518062048,29,37.48
XRAH853,848518062055,6,37.48
PWX8064-BLN,848416017317,8,29.5
PWX8066-BN,848416017331,11,29.5
PWX8067-BK,848416017348,8,29.5
PWX8013613-BLN,626633136130,11,29.5
VI-F2008,850052871543,25,12.5
C26101-OR-S0,883124189604,8,18.5
C26101-OR-M0,883124189611,4,18.5
C26101-OR-L0,883124189628,7,18.5
C26101-OR-X0,883124189635,9,18.5
C26102-OR-OS,883124189642,16,24.5
C26102-OR-OQ,883124189659,11,24.5
C26103-OR-OS,883124189666,8,22
C26103-OR-OQ,883124189673,0,22
C26105-NV-S0,883124189680,0,22.5
C26105-NV-M0,883124189697,3,22.5
C26105-NV-L0,883124189703,0,22.5
C26105-NV-X0,883124189710,0,22.5
C26105-NV-2X,883124189727,0,22.5
C26105-NV-4X,883124189734,2,22.5
C26106-NV-S0,883124189741,6,22.5
C26106-NV-M0,883124189758,3,22.5
C26106-NV-L0,883124189765,8,22.5
C26106-NV-X0,883124189772,10,22.5
C26106-NV-2X,883124189789,6,22.5
C26106-NV-4X,883124189796,1,22.5
C26107-NV-S0,883124189802,7,17.5
C26107-NV-M0,883124189819,8,17.5
C26107-NV-L0,883124189826,7,17.5
C26112-PK-S0,883124189888,0,22.5
C26112-PK-M0,883124189895,3,22.5
C26112-PK-L0,883124189901,6,22.5
C26112-PK-X0,883124189918,0,22.5
C26112-PK-2X,883124189925,0,22.5
C26112-PK-4X,883124189932,0,22.5
C26124-BL-S0,883124190396,0,24
C26124-BL-M0,883124190402,0,24
C26124-BL-L0,883124190419,0,24
C26124-BL-X0,883124190426,0,24
C26124-BL-2X,883124190433,0,24
C26124-BL-4X,883124190440,0,24
C26125-BL-S0,883124190457,0,26.5
C26125-BL-M0,883124190464,8,26.5
C26125-BL-L0,883124190471,4,26.5
SS102-15,646709102159,32,13.25
SS102-18,646709102180,47,10.07
SS102-21,646709102210,35,13.25
SS102-23,646709102234,43,9.01
SS102-24,646709102241,24,18.02
SS102-25,646709102258,27,11.66
SS102-26,646709102265,35,10.07
WXD943-74,850058394374,0,20
WXD943-81,850058394381,0,20
WXD943-98,850058394398,0,20
WXD946-64,850058394664,11,12
WXD946-88,850058394688,10,12
WXD946-57,850058394657,16,12
WXD947-01,850058394701,10,14
WXD947-25,850058394725,7,14
WXD946-95,850058394695,13,14
WXD947-49,850058394749,10,15.5
WXD947-63,850058394763,13,15.5
WXD947-32,850058394732,22,15.5
WXD947-70,850058394770,1,17.5
WXD947-87,850058394787,16,20
XGSK-1047,884472036022,19,30.5
WR-VBR-001,850065114156,12,6.5
WR-VBR-002,850065114149,16,6.5
WR-VBR-003,850065114132,15,7.5
WR-VBR-004,850065114163,20,9
KHE-IG002,669165027347,41,17.5
KHE-IG003,669165028474,41,17.5
BEA6911,843445060402,16,20.58
BEA6892,843445059550,0,20.58
BEA6891,843445059451,14,20.41
BEA6893,843445059604,10,29.17
BEA6838,843445055200,0,20.35
BEA6774N,843445042200,2,43.33
BEA6726CN,843445032409,10,30.15
BEA6790,843445046802,0,20.42
INT063-100IE,850000918856,46,9.45
INT063-200IE,850000918863,27,13.93
INT064-125IE,850000918870,34,9.92
EH39404-BL-S0,763036336931,8,19.95
EH39404-BL-M0,763036336948,8,19.95
EH39404-BL-L0,763036336955,13,19.95
EH39404-BL-X0,763036336962,8,19.95
EH40718-BL-S0,New,0,24.95
EH40718-BL-M0,763036337020,6,24.95
EH40718-BL-L0,New,0,24.95
EH40718-BL-X0,New,0,24.95
EH44522-WH-S0,763036336856,3,22.95
EH44522-WH-M0,763036336863,2,22.95
EH44522-WH-L0,763036336870,4,22.95
EH44522-WH-X0,763036336887,6,22.95
EH44526-BL-S0,763036339482,3,15.95
EH44526-BL-M0,763036339499,5,15.95
EH44526-BL-L0,763036339505,9,15.95
EH44526-BL-X0,763036339512,6,15.95
EH39458-PK-S0,763036339048,13,15.95
EH39458-PK-M0,763036339055,11,15.95
EH39458-PK-L0,763036339062,8,15.95
EH39458-PK-X0,763036339079,9,15.95
EH75265-PK-M0,763036340747,5,16.95
EH75265-PK-L0,763036340754,7,16.95
EH44543-BK-SM,763036339741,8,13.95
EH44543-BK-ML,763036339758,13,13.95
EH75169-BK-S0,763036337457,4,6.95
EH75169-BK-M0,763036337464,2,6.95
EH75169-BK-L0,763036337471,8,6.95
EH75169-BK-X0,763036337488,1,6.95
EH75169-BK-2X,763036337570,0,7.95
EH75169-WH-S0,763036337532,0,6.95
EH75169-WH-M0,763036337549,7,6.95
EH75169-WH-L0,763036337556,6,6.95
EH75169-WH-X0,763036337563,2,6.95
EH75169-WH-2X,763036337594,5,7.95
EH75167-BK-S0,763036337396,9,4.5
EH75167-BK-M0,763036337402,7,4.5
EH75167-BK-L0,763036337419,7,4.5
EH75167-BK-X0,763036337426,9,4.5
EH75167-BK-2X,763036337693,7,5.25
EH75167-WH-S0,763036337624,14,4.5
EH75167-WH-M0,763036337631,6,4.5
EH75167-WH-L0,763036337648,8,4.5
EH75167-WH-X0,763036337655,9,4.5
EH75167-WH-2X,763036337716,11,5.25
EH39421-BG-S0,763036338577,8,11.95
EH39421-BG-M0,763036338584,8,11.95
EH39421-BG-L0,763036338591,11,11.95
EH39421-BG-X0,763036338607,7,11.95
EH75273-BK-S0,763036340853,11,15.95
EH75273-BK-M0,763036340860,12,15.95
EH75273-BK-L0,763036340877,13,15.95
EH75273-BK-X0,763036340884,13,15.95
EH75209-BK-SM,763036340402,15,11.95
EH75209-BK-ML,763036340419,17,11.95
EH44556-BGD-S0,763036340044,4,18.95
EH44556-BGD-M0,763036340051,8,18.95
EH44556-BGD-L0,763036340068,10,18.95
EH44556-BGD-X0,763036340075,9,18.95
EH75279-BGD-SM,763036340921,18,15.95
EH75279-BGD-ML,763036340938,20,15.95
EH39465-BGD-S0,763036339109,9,14.95
EH39465-BGD-M0,763036339116,15,14.95
EH39465-BGD-L0,763036339123,16,14.95
EH39465-BGD-X0,763036339130,9,14.95
EH2420-LP-OS,763036337907,8,10.95
EH2461-LP-OS,763036338362,5,12.95
EH44549-BL-S0,763036339888,0,23.95
EH44549-BL-M0,763036339895,0,23.95
EH44549-BL-L0,763036339901,9,23.95
EH44549-BL-X0,763036339918,11,23.95
EH40728-BL-S0,763036339253,11,19.95
EH40728-BL-M0,763036339260,11,19.95
EH40728-BL-L0,763036339277,9,19.95
EH40728-BL-X0,763036339284,9,19.95
EH44529-PR-S0,763036339529,1,13.95
EH44529-PR-M0,763036339536,0,13.95
EH44529-PR-L0,763036339543,4,13.95
EH44529-PR-X0,763036339550,8,13.95
EH75192-PR-S0,763036340204,10,13.95
EH75192-PR-M0,763036340211,7,13.95
EH75192-PR-L0,763036340228,10,13.95
EEC2421-HP-OS,763036337914,4,13.95
EEC75210-BK-OS,763036340426,20,14.95
EEC2426-BK-OS,763036337952,10,11.95
XGSK-1050,884472036213,18,28
XGSK-1048,884472036039,17,41.95
XGSU100,848416010448,8,14
XGSU102,848416010462,18,18
XGSU104,848416010486,6,13
XGSU106,848416014347,17,23.95
XGSU109,848416014378,7,39.5
XGSU108,848416014361,6,23.95
SLQ-069,894147000692,133,12
SLQ-078,894147000784,198,12
SLQ-079,894147000791,197,12
OEJSG-PC-F740,850017269736,14,18.99
OEJSG-PC-F741,850017269743,19,18.99
OEJSG-PC-F730,850017269750,16,23.99
OEJSG-PC-F731,850017269767,26,23.99
OEJSG-PC-F780,850017269798,16,33.99
OEJSG-CT-J103,850068969180,13,29.99
OEJSG-CT-J101,850068969166,18,27.99
OEJSG-CT-J105,850068969203,12,24
ILP00544,813356005441,154,35
ILP00543,813356005434,476,45
ILP00545,813356005458,667,65
ILP00542,813356005427,271,65
CTZ-107Z,7707674734646,0,22
CTZ-014R,7707674730754,0,6
CTZ-084L,7707674731065,0,6
SS102-17,646709102173,53,4.5
FTOP2636-HP-SM,657447327476,12,16.5
FTOP2636-HP-ML,657447327483,12,16.5
FTOP2636-HP-LX,657447327490,10,16.5
FTOP2636-HP-OQ,657447327506,4,17.5
FTOP2640-LB-SM,657447327629,7,16.5
FTOP2640-LB-ML,657447327636,10,16.5
FTOP2640-LB-LX,657447327643,14,16.5
FTOP2640-LB-OQ,657447327650,8,17.5
FTOP2641-BL-SM,657447327667,14,16
FTOP2641-BL-ML,657447327674,9,16
FTOP2641-BL-LX,657447327681,12,16
FTV820-PK-OS,657447328558,6,8.5
FTV821-HP-OS,657447328565,0,8.25
FTV821-HP-OQ,657447328572,0,8.75
FTV824-PR-OS,657447328619,1,9.5
FTV824-PR-OQ,657447328626,6,10.25
FTV822-RD-OS,657447328589,1,8
FTV822-RD-OQ,657447328596,0,8.5
FTV825-BPR-OS,657447328633,9,8.75
FTV823-MG-OS,657447328602,0,8.5
FTV827-BL-OS,657447328657,0,10.5
FTV827-BL-OQ,657447328664,0,11
FTS1009-PK-OS,657447328336,0,8.25
FTS1009-PK-OQ,657447328343,0,9
FTS1010-HP-OS,657447328350,1,8.75
FTS1011-RD-OS,657447328367,0,8.5
FTS1011-RD-OQ,657447328374,0,9
FTS1013-PR-OS,657447328404,6,8.5
FTS1013-PR-OQ,657447328411,13,9
FTS1017-TL-OS,657447328480,0,8.25
FTS1014-BPR-OS,657447328428,2,8.75
FTS1014-BPR-OQ,657447328435,7,9.25
XRAH760,848518060464,15,32.08
XRAH816,848518061614,1,49.98
XRAH823,848518061713,19,37.43
XRAH824,848518061720,12,37.43
SS102-16,646709102166,40,14.83
PD4170-21,603912777802,12,50
PD4170-29,603912777819,21,50
PD4171-21,603912777826,9,55
PD4171-29,603912777833,20,55
PD4172-21,603912777932,16,60
PD4172-29,603912777857,25,60
SS980-33,646709980337,32,25
SS980-51,646709980511,32,20
SS980-53,646709980535,41,20
SS980-54,646709980542,33,27.5
SS980-55,646709980559,27,27.5
SS980-56,646709980566,35,25
SS980-57,646709980573,26,27.5
SS980-60,646709980603,29,22.5
SS980-61,646709980610,28,24
SS980-63,646709980634,25,30
SS980-64,646709980641,54,22.5
SS980-65,646709980658,30,22.5
SS980-66,646709980665,20,20
SS980-67,646709980672,29,37.5
SS980-68,646709980689,27,20
NX321804,5060274221780,9,110
NX321805,5060274222183,14,10.88
NX321809,5060274222190,2,58
NX321811,5060274222169,1,42.5
NT3304-1,782631330410,17,39.25
NT3304-2,782631330427,15,39.25
NT3308,782631330809,27,16.7
NT3309,782631330908,21,16.7
NT3316-2,782631331622,6,25.05
MPE80001-PK-SM,190602302678,15,13.95
MPE80001-PK-LX,190602302685,11,13.95
MPE80002-YL-SM,190602302692,16,16.95
MPE80002-YL-LX,190602302708,16,16.95
MPE80007-BL-SM,190602302814,9,17.95
MPE80007-BL-LX,190602302821,9,17.95
BL27916,855215007609,14,18.417
BL36493,702730682234,46,11.865
BL36416,855215007661,31,11.508
BL36463,702730682210,43,15.036
BL36467,702730682227,38,15.036
BL93013,735380930134,25,13.3
BL36496,819835027294,22,12.25
BL13613,819835020288,64,4.319
BL10076,819835022268,11,9.793
BL10126,819835022244,27,9.443
BL10127,819835022251,16,9.443
BL18613,819835023470,35,17.794
BL14903,819835025351,31,10.983
BL13601,819835020257,53,4.55
BL13610,819835020271,39,4.55
BL13611,819835020264,43,4.55
BL54309,819835021360,31,7.875
MPE80006-BL-SM,190602302791,12,14.95
MPE80006-BL-LX,190602302807,11,14.95
8468-237,9781797237237,0,9.97
8468-507,9781797226507,65,11.4
MPE80008-PK-SM,190602302852,9,18.95
MPE80008-PK-LX,190602302869,11,18.95
MPE7626-PK-SM,190602302890,13,16.95
MPE7626-PK-LX,190602302906,14,16.95
MPE80015-WH-SM,190602303095,4,18.95
MPE80015-WH-LX,190602303101,7,18.95
MPE80016-WH-SM,190602303118,15,18.95
MPE80016-WH-LX,190602303125,10,18.95
MPE80018-WH-SM,190602303156,9,16.95
MPE80018-WH-LX,190602303163,7,16.95
MPE7626-WH-SM,190602303194,8,16.95
MPE7626-WH-LX,190602303200,13,16.95
MPE80020-BK-SM,190602303255,2,26.95
MPE80020-BK-LX,190602303262,8,26.95
MPE80021-LP-SM,190602303279,10,14.95
MPE80021-LP-LX,190602303286,7,14.95
MPE80022-LP-SM,190602303293,7,15.95
MPE80022-LP-LX,190602303309,6,15.95
MPE7632-BK-SM,190602303316,2,16.95
MPE7632-BK-LX,190602303323,3,16.95
MPE80024-BND-SM,190602303354,11,18.95
MPE80024-BND-LX,190602303361,13,18.95
MPE7633-BND-SM,190602303378,9,16.95
MPE7633-BND-LX,190602303385,14,16.95
MPE80026-BND-SM,190602303439,0,16.95
MPE80026-BND-LX,190602303446,2,16.95
MPE7635-BK-SM,190602303538,5,15.95
MPE7635-BK-LX,190602303545,5,15.95
MPE2821-BK-SM,190602303699,13,13.95
MPE2821-BK-LX,190602303705,7,13.95
MPE2818-BK-SM,190602303590,8,15.95
MPE2818-BK-LX,190602303606,6,15.95
MPE2824-BK-SM,190602303750,2,15.95
MPE2824-BK-LX,190602303767,1,15.95
MPE80027-BK-SM,190602303774,12,18.95
MPE80027-BK-LX,190602303781,8,18.95
MPE60073-BW-SM,190602303958,20,16.95
MPE60073-BW-LX,190602303965,12,16.95
MPE60070-RW-SM,190602303897,11,17.95
MPE60070-RW-LX,190602303903,8,17.95
MPE60071-RW-SM,190602303910,10,20.95
MPE60071-RW-LX,190602303927,11,20.95
PJ140-66,827160116828,46,15
SE0004-58,716770114631,25,9.6
SE0004-59,716770114648,25,13.1
SE0004-76,716770114655,21,9.6
SE1986-90,716770114938,32,14.35
SE5550-05,716770114174,10,49.45
SE4299-18,716770115003,15,35.85
SE1232-05,716770114839,21,16.2
SE1232-07,716770114846,11,17
SE1232-10,716770114853,17,18.2
SE0649-60,716770114884,11,47.5
SE0649-65,716770114891,21,47.5
SE5505-70,716770115034,36,7.35
SE5505-75,716770115041,15,7.35
SE0257-10,716770114785,21,36.95
SE0257-12,716770114792,17,36.95
SE0257-20,716770114808,12,44.6
SE0257-22,716770114815,15,44.6
SE0382-16,716770114761,21,24.2
SE0382-22,716770114778,18,24.2
SE4340-10,716770115065,18,42.35
SE4340-20,716770115072,30,45.95
SE4340-23,716770115089,21,45.95
SE0914-20,716770114860,5,187.8
SE5505-15,716770115010,24,20.25
SE5505-25,716770115027,15,22
SE0650-75,716770114969,16,60.45
SE0650-80,716770114976,19,60.45
SE0001-11,716770114716,17,32.75
SE0001-13,716770114723,18,38.2
SE0001-41,716770114730,20,34.75
SE5504-01,716770115096,16,14.35
SE5504-11,716770114907,17,16.7
SE5504-12,716770114914,18,20.7
SE1986-25,716770114952,22,20.7
SE5550-40,716770114983,9,81.25
SE4445-80,716770108685,16,67.7
IBIC1329,847841013291,38,17.5
IBIC1330-1,847841013307,34,17.5
IBIC1331-1,847841013314,28,17.5
NOBT-NU16BL,9342851004020,9,25
NOBT-NU16CO,9342851004037,20,25
NOBT-W96DPU,9342851004013,21,40
NOBT-W96DTQ,9342851004006,35,40
NOBT-W97BK,9342851003962,20,40
NOBT-W97HPK,9342851003979,16,40
NOBT-W98BL,9342851003986,25,35
NOBT-W98PK,9342851003993,14,35
VI-R1308,850052871550,47,25
VI-R1313,850052871567,36,25
VI-P2908,850052871581,27,22.5
VI-P2913,850052871598,53,22.5
VI-P3009,850052871611,51,25
VI-P3013,850052871628,35,25
WS91321,713079913217,83,14.97
CG-KS-005,669423998693,17,99.99
CG-KS-006,669423998686,33,99.99
CG-MMONROE-001,647581674987,13,15
CG-RCAVALLI-001,647581674956,16,15
CG-SS-ALADAMS-001,647581675007,27,25
CG-SS-KVALENT-001,647581674970,19,25
CG-SS-MEMONROE-001,647581674994,14,25
GW2603-PK-OS,703674870190,8,15.95
GW2603-PR-OS,703674870183,8,15.95
GW2609-BG-OS,703674870275,6,16.95
GW2611-RP-OS,703674870312,11,17.95
GW2604-MG-OS,703674870213,11,16.95
GW2610-PK-OS,703674870305,11,15.95
GW2601-RSE-OS,703674870145,15,17.95
GW2607-LA-OS,703674870244,0,17.95
GW2605-GR-OS,703674870220,12,16.95
GW2605-YL-OS,703674870237,9,16.95
GW2612-WH-OS,703674870336,15,17.95
GW2612-RSE-OS,703674870343,12,17.95
GW2608-LP-OS,703674870268,9,15.95
BV-107,4890808297865,15,52
BV-108,4890808297872,11,49
BV-117,4890808301791,15,50
BV-118,4890808301807,7,45
BV-119,4890808301814,10,65
BV-106,4890808297858,26,15
BV-WEB144,4890808295878,31,10
8468-220,9781797237220,60,8.55
BI-026285Z,6959532340259,17,16.44
BI-300147-1,6959532364798,59,11.33
BW-500115,6959532364712,35,31.11
BW-500093,6959532363746,27,31.11
BW-500112,6959532364651,34,32.22
BW-500107,6959532364620,19,32.22
BW-500111,6959532364743,25,32.68
EN-RS-6985,844477026985,18,54.99
EN-RS-7715,844477027715,23,54.99
EN-RS-6923,844477026923,9,59.99
EN-RS-6954,844477026954,9,39.99
EN-RS-6534,844477026534,8,65.99
EN-RS-7210,844477027210,26,59.99
GX-RS-6206,844477026206,19,15.99
SL-RS-7463,844477027463,31,22.99
ZE-MS-7548,844477027548,12,9.99
ZE-MS-7531,844477027531,12,9.99
ZE-MS-7524,844477027524,17,9.99
ZE-RS-7326,844477027326,39,39.99
BL92015,850002870633,29,13.986
BL92002,850002870626,20,8.386
BL92035,850002870664,22,11.886
BL92322,850002870695,8,13.286
BL92022,850002870671,18,8.386
BL92045,850002870701,12,4.97
BL92008,850002870640,13,4.55
BL92005,850002870619,19,13.286
BL92025,850002870657,13,11.886
HOD05612-BG-S0,840312888992,2,29
HOD05612-BG-M0,840312889005,2,29
HOD05612-BG-L0,840312889012,0,29
HOD05612-BG-X0,840312889029,3,29
HOD05612-BG-2X,840312889036,3,29
HOD05612-BG-4X,840312889043,4,29
HOD01904-RP-S0,198680015398,6,19
HOD01904-RP-M0,198680015404,7,19
HOD01904-RP-L0,198680015411,9,19
HOD01904-RP-X0,198680015428,6,19
HOD01904-RP-2X,198680015435,6,19
HOD01904-RP-4X,198680015442,3,19
HOD01905-RP-S0,198680011222,10,22
HOD01905-RP-M0,198680011239,12,22
HOD01905-RP-L0,198680011246,12,22
HOD01905-RP-X0,198680011253,12,22
HOD01905-RP-2X,198680011260,3,22
HOD01905-RP-4X,198680011277,3,22
HOD05702-CBL-S0,840312889357,16,26
HOD05702-CBL-M0,840312889364,16,26
HOD05702-CBL-L0,840312889371,17,26
HOD05702-CBL-X0,840312889388,11,26
HOD05702-CBL-2X,840312889395,4,26
HOD05702-CBL-4X,840312889401,4,26
HOD05704-CBL-S0,840312889111,5,22
HOD05704-CBL-M0,840312889128,8,22
HOD05704-CBL-L0,840312889135,11,22
HOD05704-CBL-X0,840312889142,6,22
HOD05704-CBL-2X,840312889159,1,22
HOD05704-CBL-4X,840312889166,0,22
HOD03502-RD-S0,840312839512,8,17
HOD03502-RD-M0,840312839529,5,17
HOD03502-RD-L0,840312839536,9,17
HOD03502-RD-X0,840312839543,11,17
HOD03502-RD-2X,840312839550,3,17
HOD03502-RD-4X,840312839567,5,17
EH39404-BK-S0,763036336894,9,19.95
EH39404-BK-M0,763036336900,12,19.95
EH39404-BK-L0,763036336917,11,19.95
EH39404-BK-X0,763036336924,14,19.95
UMBM-SS,5060140200253,4,10.5
HOD03503-RD-S0,840312839635,4,17
HOD03503-RD-M0,840312839642,7,17
HOD03503-RD-L0,840312839659,10,17
HOD03503-RD-X0,840312839666,11,17
HOD03503-RD-2X,840312839673,6,17
HOD03503-RD-4X,840312839680,3,17
HOD04503-RD-S0,840312840518,4,20.5
HOD04503-RD-M0,840312840525,7,20.5
HOD04503-RD-L0,840312899400,9,20.5
HOD04503-RD-X0,840312899417,6,20.5
HOD04503-RD-2X,840312899424,6,20.5
HOD04503-RD-4X,840312899431,4,20.5
HOD02805-RD-S0,198680007577,17,22
HOD02805-RD-M0,198680007584,16,22
HOD02805-RD-L0,198680007591,16,22
HOD02805-RD-X0,198680007607,9,22
HOD02805-RD-2X,198680007614,2,22
HOD02805-RD-4X,198680007621,5,22
HOD03805-CR-S0,840312893835,0,24
HOD03805-CR-M0,840312893842,1,24
HOD03805-CR-L0,840312893859,2,24
HOD03805-CR-X0,840312893866,4,24
HOD03805-CR-2X,840312893873,2,24
HOD03805-CR-4X,840312893880,2,24
HOD03804-CR-S0,198680008758,0,23
HOD03804-CR-M0,198680008765,8,23
HOD03804-CR-L0,198680008772,4,23
HOD03804-CR-X0,198680008789,7,23
HOD03804-CR-2X,198680008796,6,23
HOD03804-CR-4X,198680008802,6,23
HOD02209-PR-S0,840312895273,0,3.5
HOD02209-PR-M0,840312895280,0,3.5
HOD02209-PR-L0,840312895297,0,3.5
HOD02209-PR-X0,840312895303,0,3.5
HOD02209-CR-S0,840312899622,2,3.5
HOD02209-CR-M0,840312899639,3,3.5
HOD02209-CR-L0,840312899646,0,3.5
HOD02209-CR-X0,840312899653,0,3.5
HOD02209-CR-2X,840312899660,0,3.5
HOD02209-CR-4X,840312899677,1,3.5
PIN2506-00,638258906685,14,13.95
CG-ALADAMS-001,647581675014,19,15
CG-PPVR-06,669423999232,0,25
CG-PPVR-07,669423999249,0,25
CG-PPVR-08,669423999256,0,30
CG-PPVR-11,669423999287,0,25
CG-PPBS,669423999324,17,16
CG-PPFS,669423999331,15,16
CG-PPGD,669423999348,12,19
CG-PPRS,669423999355,26,16
LP6019535,PAUOFD,10,45.99
SUG-9PEA,860008882738,16,4.5
SUG-DEEPEA,860013989521,173,3.75
SUG-TCT2CT,860008882790,289,4.75
ELINT-16OZWB,713079400458,26,1.25
ELINT-4OZTC,713079400496,29,1.25
INT059-60MB,850000918733,46,10.95
INT059-120MB,850000918740,38,16.45
INT060-60MB,850000918764,21,8.5
INT060-120MB,850000918771,48,11
INT060-240MB,850000918788,41,16
INT061-60MB,850000918801,36,8
INT061-120MB,850000918818,25,10.5
INT061-240MB,850000918825,26,14
INT062MB,850000918849,52,13.5
BW-500099,6959532364101,13,17.56
BW-500076,6959532362404,19,21.33
BI-300104,6959532362565,27,21.11
BW-055022,6959532363319,26,24.44
BM-00900T98Q,6959532363722,6,28.89
BI-040198HP,6959532339260,0,20
BI-300106HP,6959532363210,17,18.67
BI-300057W,6959532361377,1,42.35
BI-014758-1-MR,6959532337990,16,16
EH40718-BK-S0,763036336979,17,24.95
EH40718-BK-M0,763036336986,17,24.95
EH40718-BK-L0,763036336993,14,24.95
EH40718-BK-X0,763036337006,11,24.95
LP6018804,3700436018804,20,31.5
LP6019511,3700436019511,20,86.5
CG-KS-04,647581674932,0,74.99
CG-KS-02,647581674918,0,69.99
CG-KS-03,647581674925,0,69.99
BV-WEB063,4890808293027,13,30
BV-111,4890808297926,1,20
BV-120TL,4890808302255,6,15
BV-WEB149,4890808295922,5,10
BV-WEB114,4890808294987,4,17.5
BV-WEB112,4890808294963,17,17.5
BV-WEB111,4890808294956,11,20
BW-500059-2,6959532365443,11,21.8
BI-014911HP-1,6959532335613,0,20.4
BI-014848-2,6959532328653,70,34
BM-00900T105,6959532339512,0,30.74
BI-300077HP,6959532360912,0,22.4
BW-500084-2,6959532365436,21,23.4
BI-210324,6959532361155,0,14.4
XRAH868,848518062239,28,17.48
XRAH869,848518062246,23,17.48
XRAH870,848518062253,18,17.48
XRAH871,848518062260,9,17.48
XRAH822,848518061706,7,37.43
KIN4022,9781969524028,1,7.14
KIN5L48,9798339774617,20,8.86
KIN4006,9781969524004,11,8.86
KIN98J3,9798345001066,16,8.86
KINR6M9,9798282634266,18,8.86
KINS7H1,9798329984798,18,8.86
KINLPN3,9798332560538,24,8.86
ROLI1035-GR-XS,194685118317,0,24
ROLI1035-GR-S0,194685118294,10,24
ROLI1035-GR-M0,194685118287,0,24
ROLI1035-GR-L0,194685118270,0,24
ROLI1035-GR-X0,194685118300,0,24
ROLI1035-GR-1X,194685118324,10,25
ROLI1035-GR-2X,194685118331,0,25
CG-KS-07,647581675120,0,119.99
CG-KS-08,649226870518,0,119.99
BV-WEB110,4890808294949,0,20
ROLI1031-YL-2X,194685118218,6,16
ROLI1033-GR-XS,194685118263,0,15
ROLI1033-GR-S0,194685118249,0,15
ROLI1033-GR-M0,194685118232,1,15
ROLI1033-GR-L0,194685118225,6,15
ROLI1033-GR-X0,194685118256,5,15
ROLI1073-LP-SM,194685119642,0,14
ROLI1073-LP-LX,194685119635,0,14
ROLI1073-LP-2X,194685119659,0,15
ROLI1072-LP-LX,194685119604,11,14
ROLI1072-LP-2X,194685119628,1,15
ROLI1062-TL-S0,194685119321,2,22.5
ROLI1027-TQ-SM,194685118119,7,14
ROLI1027-TQ-LX,194685118102,8,14
ROLI1027-TQ-2X,194685118126,5,15
ROLI868-LB-SM,194685120624,1,15
ROLI868-LB-LX,194685120617,6,15
ROLI868-LB-2X,194685120600,6,16
ROLI752-LB-XS,194685120068,4,15
ROLI752-LB-S0,194685120044,0,15
ROLI752-LB-M0,194685120037,0,15
ROLI752-LB-L0,194685120020,0,15
ROLI752-LB-X0,194685120051,0,15
ROLI752-LB-1X,194685120075,0,16
ROLI752-LB-2X,194685120082,0,16
ROLI1037-BB-L0,194685118393,4,19
ROLI1037-BB-X0,194685118423,4,19
ROLI1038-BB-XS,194685118485,4,22.5
ROLI1038-BB-S0,194685118461,8,22.5
ROLI1038-BB-1X,194685118492,1,23.5
ROLI1079-CBL-SM,194685119895,5,15
ROLI1079-CBL-LX,194685119888,6,15
ROLI1079-CBL-2X,194685119925,0,16
ROLI1045-VT-XS,194685118850,0,24
ROLI1045-VT-S0,194685118836,6,24
ROLI1045-VT-M0,194685118829,0,24
ROLI1045-VT-L0,194685118812,0,24
ROLI1045-VT-X0,194685118843,0,24
ROLI1045-VT-1X,194685118867,0,25
ROLI1045-VT-2X,194685118874,0,25
ROLI1043-VT-XS,194685118737,0,18.5
ROLI1043-VT-S0,194685118713,9,18.5
ROLI1043-VT-M0,194685118706,6,18.5
ROLI1043-VT-L0,194685118690,0,18.5
ROLI1043-VT-X0,194685118720,0,18.5
ROLI1081-PR-SM,194685119987,6,17
ROLI1081-PR-LX,194685119970,6,17
ROLI1078-FH-XS,194685119871,3,16.5
ROLI1078-FH-S0,194685119857,5,16.5
ROLI1078-FH-M0,194685119840,2,16.5
ROLI1078-FH-L0,194685119833,10,16.5
ROLI1078-FH-X0,194685119864,3,16.5
ROLI1075-FH-SM,194685119703,4,13.5
ROLI1075-FH-LX,194685119697,9,13.5
ROLI1075-FH-2X,194685119727,6,14.5
ROLI1041-BHP-XS,194685118621,2,25
ROLI1041-BHP-S0,194685118607,1,25
ROLI1041-BHP-L0,194685118584,2,25
ROLI1041-BHP-X0,194685118614,3,25
ROLI1042-BHP-S0,194685118652,9,18
ROLI1042-BHP-M0,194685118645,0,18
ROLI1042-BHP-L0,194685118638,0,18
ROLI1042-BHP-X0,194685118669,8,18
ROLI1042-BHP-1X,194685118676,0,19
ROLI1042-BHP-2X,194685118683,0,19
RCRS-001,852799008220,36,18.25
RCMNS-001,852799008237,54,17.24
RCVGS-001,810084808344,31,17.24
RCBSS-001,810084808368,46,17.24
RCDLS-001,810084808351,20,17.24
RCRRO-001,810084808399,112,11.44
RCMRO-001,810084808429,92,11.44
RCVRO-001,810084808436,123,11.44
RCBRO-001,810084808405,110,11.44
RCDRO-001,810084808412,85,11.44
MEP436-PK-SM,671241135532,7,16.95
MEP436-PK-LX,671241135549,9,16.95
MEP438-PK-SM,671241135655,8,16.95
MEP438-PK-LX,671241135662,10,16.95
MEP437-PK-SM,671241135594,0,16.95
MEP437-PK-LX,671241135600,2,16.95
MEP441-YL-SM,671241135778,1,17.95
MEP441-YL-LX,671241135785,2,17.95
MEP439-YL-SM,671241135716,2,16.95
MEP439-YL-LX,671241135723,1,16.95
MEP440-YL-SM,671241135747,2,16.95
MEP440-YL-LX,671241135754,8,16.95
MEP433-RD-SM,671241135839,7,16.95
MEP433-RD-LX,671241135846,9,16.95
MEP435-RD-SM,671241135952,11,15.95
MEP435-RD-LX,671241135969,12,15.95
MEP434-RD-SM,671241135891,2,16.95
MEP434-RD-LX,671241135907,1,16.95
MEP433-BK-SM,671241135808,7,16.95
MEP433-BK-LX,671241135815,9,16.95
MEP435-BK-SM,671241135921,11,15.95
MEP435-BK-LX,671241135938,12,15.95
MEP434-BK-SM,671241135860,1,16.95
MEP434-BK-LX,671241135877,1,16.95
MEP432-BK-SM,671241136072,6,17.95
MEP432-BK-LX,671241136089,8,17.95
MEP429-BK-SM,671241135983,6,17.95
MEP429-BK-LX,671241135990,9,17.95
ANE5721-79,850040572179,44,10
KS12054,739122120548,16,7.5
KS12055,739122120555,17,7.5
KS12056,739122120562,21,7.5
JO42049,796494420492,9,9.6
MX-RINREM01,793072183077,15,35
MX-SMARIN01,793072183053,5,17.5
MX-PERING01,793072183060,1,7.5
JO42050,796494420508,25,9.6
FEL2657-BL-SM,657447329142,17,16
FEL2657-BL-ML,657447329159,18,16
FEL2657-BL-LX,657447329166,12,16
FEL2658-BL-SM,657447329173,15,16.5
FEL2658-BL-ML,657447329180,16,16.5
FEL2658-BL-LX,657447329197,12,16.5
FEL2659-RD-SM,657447329203,17,17
FEL2659-RD-ML,657447329210,18,17
FEL2659-RD-LX,657447329227,12,17
FEL2659-RD-2X,657447329234,12,18
FEL2659-RD-4X,657447329241,6,18
FEL2660-RD-SM,657447329258,15,18
FEL2660-RD-ML,657447329265,16,18
FEL2660-RD-LX,657447329272,12,18
FEL2661-TL-SM,657447329289,17,16
FEL2661-TL-ML,657447329296,18,16
FEL2661-TL-LX,657447329302,12,16
FEL2661-TL-2X,657447329319,6,17
FEL2661-TL-4X,657447329326,6,17
FEL2662-TL-SM,657447329333,17,17.5
FEL2662-TL-ML,657447329340,18,17.5
FEL2662-TL-LX,657447329357,12,17.5
FEL2662-TL-2X,657447329364,6,18.5
FEL2662-TL-4X,657447329371,6,18.5
FTGL2657-LB-SM,657447329685,7,16.5
FTGL2657-LB-ML,657447329692,11,16.5
FTGL2657-LB-LX,657447329708,7,16.5
FTGL2662-NGR-OS,657447329784,3,9.5
FTGL2662-NGR-OQ,657447329791,0,10
FTGL2660-NGR-OS,657447329746,4,10
FTGL2660-NGR-OQ,657447329753,0,10.5
FTGL2664-WH-OS,657447329821,3,10
FTGL2664-WH-OQ,657447329838,2,10.5
FTGL2659-NP-OS,657447329722,0,8.25
FTGL2659-NP-OQ,657447329739,0,8.75
HPB-999PI,710022365345,34,59.9
SE0914-21,716770114877,5,187.8
HO31,5065018680083,3,55
NT3310,782631331004,17,27.55
NT3313,782631331301,13,27.55
NT3317-1,782631331714,16,27.55
NT3317-2,782631331721,21,27.55
NT3318-1,782631331813,12,27.55
NT3318-2,782631331820,21,27.55
NT3319-1,782631331912,14,27.55
NT3319-2,782631331929,21,27.55
NT3321,782631332100,1,25.9
NT3322,782631332209,9,27.55
NT3326,782631332605,11,20.05
NT3327,782631332704,13,17.55
NT3332,782631333206,10,23.4
NT3333,782631333305,13,25.05
NT3334,782631333404,9,25.9
NT3311,782631331103,16,27.55
NT3312,782631331202,5,27.55
NT3328,782631332803,14,17.55
NT3331,782631333107,15,24.25
WS91404,713079914047,64,8.95
PD4983-12,603912778243,50,55
PD4984-12,603912778328,34,55
PD4985-12,603912778335,31,55
PD4986-12,603912778342,25,55
PD4987-12,603912778359,45,25
PD4990-12,603912778588,18,55
PDRD633-20,603912778397,17,90
PDRD634-20,603912778403,19,100
PDRD635,603912778458,23,45
PDRD636,603912778465,10,85
PDRD422-20,603912778427,39,6
PDRD440-20,603912778434,18,30
PDRD446-20,603912778441,21,36
PD4798-23,603912777277,14,55
PD4800-23,603912778496,13,50
DJ1000-05,782421101978,15,38.5
DJ1000-06,782421101985,8,38.5
DJ1000-07,782421101992,13,38.5
DJ1000-08,782421102005,16,25
DJ1000-30,782421101855,15,30
DJ1000-31,782421101862,15,40
DJ1000-32,782421101879,20,40
DJ1000-33,782421101886,19,30
DJ1000-34,782421101893,19,35
DJ1000-80,782421101923,22,4.99
DJ1000-81,782421101930,22,4.99
DJ1000-82,782421101947,22,4.99
DJ1000-83,782421101954,21,4.99
DJ1000-84,782421101961,24,4.99
DJ1017-01,782421100520,9,27.92
DJ1017-02,782421100537,19,31.83
DJ0283-15,782421098070,9,7.85
DJ0287-08,782421098117,10,22.8
DJ0288-92,782421103156,0,16.2
DJ0288-93,782421103163,4,16.2
DJ0289-25,782421100162,14,15.28
XRAH771,848518060761,6,49.98
XRAH772,848518060778,17,49.98
XRAH819,848518061652,39,37.48
XRAH820,848518061669,14,37.48
XRAH827,848518061768,17,24.98
XRAH776,848518060914,98,39.98
XRAH847,848518061980,42,34.98
XRAH891,848518062512,23,24.98
XRAH892,848518062529,19,24.98
XRAH893,848518062536,17,24.98
XRAH924,848518062956,44,72.48
XRAH727-BLACK,848518059635,13,69.53
XRAH727-PURPLE,848518059642,12,69.53
XRAH844,848518061959,10,69.98
XRAH855-BLACK,848518062079,11,94.98
XRAH855-PURPLE,848518062086,15,94.98
XRAH902,848518062659,19,64.98
XRAH980-BLACK,848518063700,8,23.98
CN1027,653078945256,52,34.98
XRAH898,848518062611,28,19.98
SEN108-ML,810002661594,23,14.99
SEN106-ML,810002661600,32,13.17
SEN842,810002661969,13,12.5
SHU1341,697309013413,0,14.5
SEN843,810002661976,17,12.5
SEN844,PAUTEZ,21,49.98
SEN103-ML,810002661488,18,8.98
SEN104-ML,810002661501,7,8.98
DJ1017-03,782421100544,6,26.96
DJ1017-04,782421100551,9,26.08
DJ1017-05,782421100568,20,33.39
DJ1017-06, 782421100681,0,30.1
DJ1017-07,782421100698,20,29.41
XRAH895,848518062581,17,24.98
XRAH896,848518062598,34,22.98
XRAH940,848518063113,14,34.98
XRAH945,848518063199,13,32.48
XRAH946,848518063205,31,32.48
XRAH947,848518063212,22,27.48
XRAH974,848518063618,19,27.48
CN1028,653078945263,17,24.98
HP3594,818631035946,28,7
HP3595,818631035953,9,7
HP3769,818631037698,45,12
HP3770,818631037704,35,13.5
HP3771,818631037711,26,15
HP3783,818634037831,0,15
HP3784,818631037841,0,4.75
HP3785,818631037858,0,5.5
HP3786,818631037865,8,9
HP3788,818631037889,23,2.5
HP3789,818634037893,80,2.5
HP3790,818631037902,0,6
HP3791,818631037919,0,7.5
SS103-02,646709103026,31,10
SS103-13,646709103132,27,8.5
SS103-10,646709103101,14,18
SS103-04,646709103040,21,12.5
SS103-01,646709103019,23,15
SS103-00,646709103002,39,13
SS103-06,646709103064,24,13.5
SS103-12,646709103125,31,25.84
SS103-07,646709103071,33,10
SS103-05,646709103057,16,10
SS103-03,646709103033,29,10
8284-8BALNPK,792264881548,14,5.4
8284-BAMLRD,792264881395,15,5.4
8284-BONE,792264881098,12,5.4
8284-CLVCLVS,792264881333,18,5.4
8284-CROIS,792264881531,15,5.4
8284-FCOK,792264881555,14,5.4
8284-HAIRD,792264881371,27,5.4
8284-HRTPOKBKWT,792264881562,11,5.4
8284-HRTPOKPKBK,792264881579,14,5.4
8284-HRTPOKRDWT,792264881586,16,5.4
8284-HRTTASRBW,792264881036,11,6.4
8284-PFLRCEL,792264881432,14,5.4
8284-PFLRCHTRBW,792264881463,20,5.4
8284-PFLRFWN,792264881425,16,5.4
8284-PFLRHRZ,792264881524,12,5.4
8284-PFLRLUM,792264881487,11,5.4
8284-PFLRLZR,792264881401,7,5.4
8284-PFLRNCHK,792264881494,13,5.4
8284-PFLRNFLR,792264881593,14,5.4
8284-PFLRSPTBK,792264881449,14,5.4
8284-PFLRSPTNPK,792264881456,11,5.4
8284-PFLRSTPBL,792264881517,18,5.4
8284-PFLRSTPPR,792264881500,15,5.4
8284-PFLRURBW,792264881470,13,5.4
8284-PLSDCAM,792264881418,19,5.4
8284-RAVN,792264881081,15,5.4
8284-SMIGLWPK,792264881357,9,5.4
8284-TROPPK,792264881364,25,5.4
CRC-SM-048,847878004446,9,50
CRC-SM-006,847878001544,3,25
CRC-SM-050,847878004460,5,55
CRC-SM-059,847878004552,8,50
CRC-SM-049,847878004453,15,50
CRC-SM-062,847878004583,3,15
CRC-SM-041,847878002770,6,30
CRC-SM-047,847878004439,12,35
CRC-SM-058,847878004545,11,50
BLM5026,4890808296684,18,45
BLM5027,4890808296691,14,45
BLM5028,4890808296707,22,25
BLM5031,4890808296738,8,45
BLM5037,4890808304198,0,30
BLM5038,4890808304204,0,30
BLM5039,4890808304211,0,12.5
BLM5040,4890808304228,0,22
BLM5044,4890808304273,0,35
BLM5045,4890808304280,0,24
BLM5046,4890808304297,0,40
BLM5047,4890808304303,0,30
BLM5048,4890808304310,0,30
BLM5049,4890808304327,0,26
BLM5050,4890808304334,0,35
BLM5051,4890808304358,0,24
BLM5052,4890808304365,0,24
BLM5053,4890808304372,0,40
BLM5054,4890808304389,0,12.5
LITBG-136,685634103817,82,7.15
LITBG-137,685634103824,40,7.15
CTZ-JVB1139,7709663370729,14,30
CTZ-JVB1138,7707755399375,5,25
LITBT-411,685634112925,23,5.5
CTZ-JVB1136,7709239743308,27,20
LITBT-634,685634112819,49,8.25
CTZ-JAP1134,7707674739153,4,20
LITBT-637,685634112963,0,9.35
LITBT-638,685634112956,53,9.35
CTZ-JVB1141,7709135391405,12,12.5
CTZ-JVB1142,7709239743384,24,15
LITBT-1601,685634112826,56,4.5
LITBT-1602,685634112833,42,4.5
LITBT-1603,685634112840,23,4.5
LITBT-1604,685634112857,57,4.5
LITBT-1605,685634112864,18,4.5
LITCP-1282,817717012826,77,3.3
LITCP-1283,817717012833,88,3.3
LITCP-1284,817717012840,84,3.3
LITCP-1286,817717012864,92,5.5
LITCP-1287,817717012871,91,5.5
LITCP-1288,817717012888,86,5.5
CG-SHMO-001,669423998730,18,20
CG-PPVR-10,669423999270,0,30
CG-PPB-01,669423999485,17,10
CG-FINNUD-001,669423999508,0,40
CG-FINBRN-001,669423999515,0,40
CGC-J-006,669423999447,0,25
CG-J-007,669423999454,0,25
PF-LOL-20,6284305400046,35,74.9
NSN-0227-03,657447112447,0,23.2
NSN-0227-04,657447112454,0,23.2
NSN-0227-13,657447112461,0,19.95
NSN-0227-14,657447112478,0,19.95
NSN-0227-23,657447112485,0,19.95
NSN-0227-27,657447112492,0,19.95
NSN-0310-05,657447112607,8,12.35
NSN-0310-14,657447112614,23,26.15
NSN-0310-27,657447112621,22,28.65
NSN-0310-48,657447112645,19,21.45
NSN-0227-53,657447112546,0,12.95
NSN-0227-55,657447112553,0,12.95
NSN-0227-63,657447112560,0,33
NSN-0227-65,657447112577,0,33
NSN-0321-57,657447112669,18,15
NSN-0321-76,657447112683,22,19.55
NSN-0411-23,657447112690,35,12.95
NSN-0411-25,657447112713,35,12.95
NSN-0555-60,657447112720,0,26.4
NSN-0555-63,657447112737,0,24.6
NSN-0559-54,657447112744,18,26.9
NSN-0559-64,657447112751,20,41.1
NSN-0561-55,657447112775,0,21.55
WR-PCBA-001,785571088304,0,8.5
WR-PCBA-002,785571088311,0,8.5
WR-PCFA-001,785571088335,0,10
WR-PCFA-002,785571088342,0,10
WR-PCFA-003,785571088359,0,10
WR-PCSA-001,785571088366,0,7.5
WR-PCSA-003,785571088380,0,7.5
WR-PCSA-004,785571088397,0,7.5
WR-PCSA-005,785571088403,0,7.5
WR-PCSA-006,785571088410,0,7.5
BL86500,810138371527,30,9.45
BL36780,810138371886,23,16.03
BL22353,810138371565,8,21.245
BL29760,810138371879,56,11.193
BL64923,810138371558,10,18.879
BL22333,810138371572,17,20.692
BL50800,810138371169,18,18.55
BL25621,810138371473,27,17.486
BL22610,810138372289,19,20.993
BL82110,810138372043,21,13.93
BL90002,850002870718,19,13.986
BL90012,850002870725,13,15.386
BL10049,850002870800,7,6.65
NSN-1100-23,657447112782,22,26.9
WS90976,713079909760,90,8.95
NSN-1113-63,657447112799,0,6.85
WS90986,713079909869,0,8.95
NSN-1113-69,657447112805,0,6.85
NSN-1119-63,657447112812,0,17.95
WR-BAG-018,850082967445,5,2.5
FRPL726142-PR-S0,840202890180,0,17.75
FRPL726142-PR-M0,840202890197,6,17.75
FRPL726142-PR-L0,840202890203,3,17.75
FRPL726142-PR-X0,840202890210,1,17.75
FRPL726144-PR-S0,840202890227,5,19.75
FRPL726144-PR-M0,840202890234,2,19.75
FRPL726144-PR-L0,840202890241,5,19.75
FRPL726144-PR-X0,840202890258,7,19.75
FRPL726114-PK-S0,New,0,16.75
FRPL726114-PK-M0,New,0,16.75
FRPL726114-PK-L0,New,0,16.75
FRPL726114-PK-X0,New,0,16.75
FRPL726110-PK-S0,840202887500,0,13.75
FRPL726110-PK-M0,840202887517,0,13.75
FRPL726110-PK-L0,840202887524,5,13.75
FRPL726110-PK-X0,840202887531,0,13.75
FRPL726117-CRM-S0,New,0,22.75
FRPL726117-CRM-M0,New,0,22.75
FRPL726117-CRM-L0,New,0,22.75
FRPL726117-CRM-X0,New,0,22.75
FRPL726123-CRM-S0,New,0,24.75
FRPL726123-CRM-M0,New,0,24.75
FRPL726123-CRM-L0,New,0,24.75
FRPL726123-CRM-X0,New,0,24.75
NSN-1119-73,657447112829,23,41.2
NSN-1128-53,657447112836,0,14.45
NSN-1128-59,657447112843,0,14.45
NSN-1128-63,657447112850,0,10.6
NSN-1128-69,657447112867,0,10.6
NSN-1129-03,657447112874,0,6.5
BL52293,810138371121,13,21.602
BL93913,810138371138,10,20.881
BL25618,810138372593,33,33.25
NSN-1300-11,657447112881,0,12
NSN-1300-14,657447112898,0,12
NSN-1300-15,657447112904,0,12
NSN-1300-16,657447112911,0,12
NSN-1300-18,657447112928,2,12
BL26823,810138372210,19,6.65
BL26833,810138372227,9,6.993
NSN-1300-19,657447112935,0,12
BL26843,810138372234,25,7.35
NSN-1351-03,657447112942,12,31.65
BL22611,810138372562,12,20.993
NSN-1351-12,657447112959,20,31.65
NSN-1351-21,657447112966,13,13.3
NSN-1351-32,657447112973,8,20.95
NSN-1351-41,657447112980,15,13.6
NSN-1351-52,657447112997,13,31.25
BL55535,810138372463,24,9.093
BL55538,810138372487,13,9.093
BL55555,810138372432,31,10.493
BL55558,810138372456,26,10.493
BL55545,810138372104,22,13.293
BL55548,810138372128,4,10.493
BL55505,810138372494,19,11.893
BL55508,810138372500,18,11.893
BL55575,810138372531,41,5.565
BL55518,810138372517,0,14
BL55525,810138372401,5,25.2
BL55528,810138372425,7,20.3
BL88905,819835027904,9,20.993
WXD974-87,746092197487,40,18.75
WXD974-94,746092197494,16,23
WXD975-00,746092197500,10,17.5
WXD975-17,746092197517,21,12.5
WXD975-24,746092197524,39,18.75
WXD975-31,746092197531,25,23
WXD975-48,746092197548,20,13.35
WXD975-55,746092197555,19,16.75
WXD975-62,746092197562,26,6.5
CYEM220,609224032745,4,259.5
CYEM3155,609224032097,6,32.5
WXD946-71,850058394671,16,12
WXD947-18,850058394718,4,14
WXD947-56,850058394756,14,15.5
WXD145-82,052675114582,0,20
CG-74107,647581675106,27,10
CG-74096,647581675113,27,12.5
WXD146-50,052675114650,16,22
WXD147-28,052675114728,6,26
WXD079-11,052675107911,22,20
CG-77005,647581675083,29,9.25
CG-77006,647581675090,25,9.25
WXD079-28,052675107928,20,22
WXD147-66,052675114766,0,26
WXD079-35,052675107935,11,20
CG-SS-WARMER-001,647581675144,0,14.99
WXD079-42,052675107942,25,22
CG-SS-MOUNT-001,647581675137,34,14.99
WXD147-80,052675114780,6,26
WXD078-98,052675107898,0,20
WXD079-04,052675107904,25,22
WXD147-59,052675114759,6,26
WXD248-57,052675124857,0,22
WXD259-08,052675125908,12,24
NTB9028-LK,850014891060,21,69.73
WXD263-25,052675126325,6,28
WXD249-87,052675124987,16,22
WXD259-15,052675125915,14,24
WXD263-32,052675126332,7,28
WXD256-49,052675125649,4,22
WXD263-49,052675126349,7,24
WXD263-56,052675126356,6,28
WXD256-56,052675125656,7,22
WXD248-40,052675124840,9,24
WXD263-63,052675126363,0,28
NTBK1,810120341118,0,14.99
NTBK2,810120341101,12,14.99
NTBK3,810120341125,13,14.99
OEJSG-CS-J303,850068969234,11,40
OEJSG-CS-A617,850017269088,7,17
OEJSG-CS-A862,850017269026,13,20
OEJSG-CS-B218,850017269330,16,29.5
OEJSG-SL-Q505,850017269408,12,49.99
OEJSG-SL-A504,850017269262,11,33.5
OEJSG-SL-J915,850017269194,3,34.99
FPL2628-YL-SM,657447330179,17,17.5
FPL2628-YL-ML,657447330186,16,17.5
FPL2628-YL-LX,657447330193,11,17.5
FPL2628-YL-2X,657447330209,12,18.5
FPL2628-YL-4X,657447330216,6,18.5
FPL2629-BL-SM,657447330223,17,17
FPL2629-BL-ML,657447330230,18,17
FPL2629-BL-LX,657447330247,12,17
FPL2629-BL-2X,657447330254,12,18
FPL2629-BL-4X,657447330261,6,18
FPL2627-WH-SM,657447330124,23,18
FPL2627-WH-ML,657447330131,23,18
FPL2627-WH-LX,657447330148,18,18
FPL2627-WH-2X,657447330155,12,19
FPL2627-WH-4X,657447330162,12,19
FPL2633-WH-SM,657447330384,20,19
FPL2633-WH-ML,657447330391,18,19
FPL2633-WH-LX,657447330407,9,19
FPL2634-RD-SM,657447330414,23,16.5
FPL2634-RD-ML,657447330421,24,16.5
FPL2634-RD-LX,657447330438,18,16.5
FPL2634-RD-2X,657447330445,10,17.5
FPL2634-RD-4X,657447330452,12,17.5
FPL2630-BL-SM,657447330278,23,18.5
FPL2630-BL-ML,657447330285,23,18.5
FPL2630-BL-LX,657447330292,18,18.5
FPL2630-BL-2X,657447330308,12,19.5
FPL2630-BL-4X,657447330315,12,19.5
FPL2640-WH-SM,657447330698,21,20
FPL2640-WH-ML,657447330704,24,20
FPL2640-WH-LX,657447330711,18,20
FPL2640-WH-2X,657447330728,12,21
FPL2640-WH-4X,657447330735,12,21
FPL2641-BK-SM,657447330742,23,19.5
FPL2641-BK-ML,657447330759,24,19.5
FPL2641-BK-LX,657447330766,18,19.5
FPL2641-BK-2X,657447330773,12,20.5
FPL2641-BK-4X,657447330780,12,20.5
FPL2639-RD-SM,657447330643,23,18
FPL2639-RD-ML,657447330650,23,18
FPL2639-RD-LX,657447330667,17,18
FPL2639-RD-2X,657447330674,12,19
FPL2639-RD-4X,657447330681,11,19
FPL2516-GY-SM,657447324130,11,15.5
FPL2516-GY-ML,657447324147,12,15.5
FPL2516-GY-LX,657447324154,6,15.5
FPL2516-GY-2X,657447324161,6,16.5
FPL2516-GY-4X,657447324178,6,16.5
BM-DWDW07-6,817483018961,14,5.98
BM-DWDW07-18,817483018978,14,21.18
BM-DWDW07-36,817483018985,23,42.38
BM-RHARXL-BL,817483018794,5,13.63
BM-RHARXL-BU,817483018800,7,13.63
BM-RHARXL-GN,817483018817,7,13.63
7606-80014,022600800149,24,11.14
7606-80013,022600800132,20,3.74
PM0996-01,302340996013,0,9.59
PM0996-02,302340996020,21,17.81
PM01-92,070907001929,0,11.38
PM02-27,070907002278,0,13.14
8070-16,067981994162,28,17.99
BV-145PNK,4890808303238,18,35
BV-146ORG,4890808303245,19,36.5
BV-147BLK,4890808303252,16,37.5
BV-158,4890808305348,8,25
BV-159,4890808305355,5,20
BV-160,4890808305362,8,17.5
BV-161,4890808305379,9,17.5
BV-162,4890808305386,13,25
BV-164,4890808305409,19,20
BV-125BLK,4890808304396,10,6.5
BV-125ORG,4890808304402,15,6.5
BV-126BLK,4890808304419,16,6.5
BV-126GRN,4890808304426,10,6.5
BV-129,4890808304457,19,6
BV-130,4890808304464,22,8.5
BV-131,4890808304471,13,5
BV-132,4890808304488,17,7.5
BV-135,4890808304518,17,7.5
BV-136,4890808304525,15,7.5
BV-138,4890808304549,16,7.5
BV-139,4890808304556,19,7.5
BV-141,4890808304570,19,7.5
BV-142,4890808304587,19,7.5
BV-143,4890808304594,13,7.5
BV-151,4890808304679,9,7.5
BV-166,4890808305423,19,8.5
BV-167,4890808305430,15,6
BV-168,4890808305447,19,5
TOG-004,4890808278260,17,79.5
TOG-005,4890808278277,12,74.5
TOG-010,4890808290835,15,34.5
TOG-011,4890808290842,2,44.5
TOG-012,4890808290859,16,64.5
TOG-014,4890808297759,8,64.5
TOG-015,4890808297766,16,59.5
TOG-016,4890808297773,14,59.5
TOG-025,4890808303917,18,62
TOG-019LT,4890808303856,4,17
TOG-019MD,4890808303863,6,17
TOG-021LT,4890808305546,4,11
TOG-021DK,4890808305553,7,11
TOG-027MD,4890808305614,6,17
TOG-027DK,4890808305621,6,17
TOG-023MD,4890808305577,6,13
TOG-028LT,4890808305638,5,15
TOG-026LT,4890808305607,6,16
TOG-029LT,4890808305645,4,19.5
TOG-029DK,4890808305652,7,19.5
TOG-024MD,4890808305584,9,18
TOG-024DK,4890808305591,9,18
FE-FO-242-05,810119283856,16,9.5
FE-FO-243-05,810119283863,17,10
FE-FO-244-05,810119283870,27,11
FE-1055-01,810119284297,34,24
FE-FF-1055-02,810119284280,22,24
FE-SH-6004-05,810119284372,6,38
FE-SH-6003-05,810119284365,15,35
FE-SH-6002-05,810119284396,17,25
FE-SH-6001-05,810119284389,22,25
FE-LL-7246-2D,810119283726,9,25
FE-LL-7237-04,810119283580,23,15
FE-LL-7243-2D,810119283696,14,30
BL11001,702730697269,18,6.419
SHTLVL010008BLK,8714273061935,16,8.5
SHTLVL010008TEA,8714273061942,36,8.5
SHTLVL010014BLK,8714273062109,15,8.95
SHTLVL010014TEA,8714273062116,14,8.95
SHTLVL010015BLK,8714273062123,12,9.95
SHTLVL010015TEA,8714273062130,32,9.95
SHTLVL010024BLK,8714273062611,14,13.95
SHTLVL010024TEA,8714273062628,14,13.95
SHTLVL010043BLK,8714273063748,18,21.95
SHTLVL010043TEA,8714273063755,11,21.95
SHTLVL010049BLK,8714273063854,19,29.95
SHTLVL010049TEA,8714273063861,14,29.95
SHTLVL020005BLK,8714273064585,9,29.95
SHTLVL020005TEA,8714273064592,14,29.95
SHTLVL020017BLK,8714273066190,17,29.95
SHTLVL020017TEA,8714273066237,21,29.95
SHTXKN001BRN,8714273028617,3,5.95
SHTXKN001FLE,8714273028624,31,5.95
SHTXKN002BRN,8714273028648,4,5.95
SHTXKN002FLE,8714273028655,27,5.95
SHTXKN003BRN,8714273028709,18,5.95
SHTXKN003FLE,8714273028716,8,5.95
SHTXKN004BRN,8714273028679,24,9.95
SHTXKN004FLE,8714273028686,0,9.95
SHTXKN009BRN,8714273028785,8,9.95
SHTXKN009FLE,8714273028792,3,9.95
SHTXKN013FLE,8714273028853,20,12.95
SHTXKN014BRN,8714273028860,32,12.95
SHTXKN021BRN,8714273029812,17,59.95
SHTXKN021FLE,8714273029829,17,59.95
SHTXKN027BRN,8714273029973,21,79.95
SHTXKN027FLE,8714273029980,21,79.95
SHTXKN028FLE,8714273029997,22,99.95
SHTXKN028TAN,8714273030009,21,99.95
ROLI6745-OR-OS,194685122253,0,16.5
ROLI6760-LA-SM,194685122727,0,19.5
ROLI6760-LA-ML,194685122710,0,19.5
ROLI6749-HP-OS,194685122383,0,19.5
ROLI6751-PR-OS,194685122437,4,17.95
ROLI6753-TQ-OS,194685122482,0,22.5
ROLI6747-RSE-OS,194685122338,2,19.5
MD008-14,699439008147,16,18.5
MD008-15,699439008154,0,3
EH75296-MI-S0,763036341454,7,14.95
EH75296-MI-M0,763036341461,4,14.95
EH75296-MI-L0,763036341478,7,14.95
EH36448-MI-OS,763036341164,17,14.95
EH39440-GR-S0,763036338898,20,17.95
EH39440-GR-M0,763036338904,21,17.95
EH39440-GR-L0,763036338911,21,17.95
EH39440-GR-X0,763036338928,16,17.95
EH44547-GR-S0,763036339840,16,19.95
EH44547-GR-M0,763036339857,17,19.95
EH44547-GR-L0,763036339864,17,19.95
EH44547-GR-X0,763036339871,17,19.95
EH75203-GR-S0,763036340334,23,16.95
EH75203-GR-M0,763036340341,24,16.95
EH75203-GR-L0,763036340358,24,16.95
EH40735-PR-S0,763036339321,17,20.95
EH40735-PR-M0,763036339338,18,20.95
EH40735-PR-L0,763036339345,18,20.95
EH40735-PR-X0,763036339352,18,20.95
EH75278-BG-SM,763036340907,15,16.95
EH75278-BG-ML,763036340914,16,16.95
EH44544-BG-S0,763036339765,10,18.95
EH44544-BG-M0,763036339772,13,18.95
EH44544-BG-L0,763036339789,13,18.95
EH44544-BG-X0,763036339796,8,18.95
JO42052,796494420522,18,6.34
JO42051,796494420515,25,6.34
JO42053,796494420539,34,6.34
SUG-DRIP,860013989514,42,7
KHE-BGR131,825156112014,7,10
KHE-BGR132,825156111918,31,3
KHE-BGR142,825156111925,31,3
KHE-BGR401,825156112021,76,4.5
KHE-BGR402,825156112038,24,4.5
KHE-BGA14,825156111956,25,12.5
KHE-BGA34,825156111895,24,8.5
FSG87020,5061018992355,13,30
WVWZDN1SGZ,4251460634762,42,69.5
WVWZDN1SG3,4251460634779,2,69.5
WVWZDN1SG9,4251460634786,70,69.5
LOV0852,6972677430852,0,65
ELINT-8OZWB,713079400441,20,1.25
ELINT-4OZANAL,713079400489,31,1.25
ELINT-4OZWB,713079400434,0,1.25
GEGSTK-00043,810171408723,2,1.6
GEGSTK-00089,810171408730,23,1.6
GEGSTK-00092,810171408754,27,1.6
GEGSTK-00123,810171408761,21,1.6
GEGSTK-00041,810171408716,0,1.6
GEGCARMAGNET-22,810171408686,10,5.17
GEGCARMAGNET-6,810171408709,11,5.17
GEGSTK-00169,810171408785,16,1.6
GEGSTK-00155,810171408778,5,1.6
GEGSTK-00090,810171408747,16,1.6
GEGCARMAGNET-3,810171408693,6,5.17
GEGCARMAGNET-13,810171408662,10,5.17
GEGCARMAGNET-21,810171408679,9,5.17
ROLI116-BL-XS,194685121560,5,17
ROLI116-BL-S0,194685121546,1,17
ROLI116-BL-X0,194685121553,8,17
ROLI115-PR-XS,194685121515,8,22
ROLI115-PR-S0,194685121492,8,22
ROLI115-PR-M0,194685121485,7,22
ROLI115-PR-L0,194685121478,10,22
ROLI115-PR-X0,194685121508,9,22
ROLI119-BW-XS,194685121713,1,23
ROLI119-BW-M0,194685121683,9,23
ROLI119-BW-L0,194685121676,7,23
ROLI119-BW-X0,194685121706,8,23
ROLI107-BW-XS,194685107410,6,20
ROLI107-BW-S0,194685107397,8,20
ROLI107-BW-M0,194685107380,8,20
ROLI107-BW-L0,194685107373,5,20
ROLI107-BW-X0,194685107403,5,20
ROLI101-BW-X0,194685107106,6,14.5
ROLI111-BW-OS,194685107595,8,4.5
GEG0012-95,810171402950,0,12
SHU7108,697309071086,24,9
SHU7109,697309071093,12,9
AWAN1SG91,4251460634311,11,104.5
AWMD1SGZ1,4251460632836,24,74.5
EB-HSBNAC031,810040298868,30,11
EB-HSBNAC032,810040298875,13,11
EB-HSBNAC033,810040298882,9,11
EB-HSBNAC034,810040298899,14,11
EB-HSBNBF400,810040298547,31,5
OXHUJ150-BFG,840215128904,39,4.5
OXHUJ150-CST,840215128911,39,4.5
OXHUJ151-BLK,840215128935,42,6
OXHUJ151-CLBK,840215128942,41,6
OXHUJ152-CLR,840215128980,40,9
OXHUJ153-BFG,840215128997,43,11
OXHUJ153-CST,840215129000,44,11
OXHUJ154-BFG,840215129017,41,9.5
OXHUJ154-CST,840215129024,37,9.5
OXHUJ154-RDV,840215129031,37,9.5
OXHUJ155-BFG,840215129048,38,12
OXHUJ155-CST,840215129055,26,12
OXHUJ156-BLK,840215129079,34,9.5
OXHUJ156-CLR,840215129086,31,9.5
OXHUJ156-RED,840215129123,35,9.5
CG-SS-MAMUSE-001,647581675045,16,24.99
VD-VB75032,810080750326,48,33
VD-VB75033,810080750333,22,25
VD-VBGL4431,812024034431,16,20.28
UMBM-XO5CC,5060140200260,2,77
UMBM-XO6CC,5060140200277,1,84
UMBM-XO7CC,5060140200284,4,91
UMBM-MEP,5060140200321,7,35
MX-SHOWXL01,793072183084,16,30
KS14329,739122143295,13,6
KS14330,739122143301,9,6
KS14331,739122143318,4,6
KS14332,739122143325,11,6
KS14333,PAVBFK,2,96
EN-RS-7708,844477027708,28,49.99
2036-1026,848416009695,4,77
BWX809,848416016099,13,62
BWX808,848416016082,13,69
BWX807,848416016075,17,51
NT3335,782631333503,20,18.05
NT3336,782631333602,20,18.05
NT3337,782631333701,9,18.05
NT3344,782631334401,10,25.05
NT3325,782631332506,9,31.75
RR53013,017036882371,0,8
CG-SK-ANWHITE-001,649226870570,22,35
CG-BT-ADANGER-001,649226870563,2,35
MPE80038-BL-SM,190602388139,8,14.95
MPE80038-BL-LX,190602388146,13,14.95
MPE7642-BL-SM,190602388153,3,19.95
MPE7642-BL-LX,190602388160,4,19.95
MPE80042-BL-SM,190602388252,7,19.95
MPE80042-BL-LX,190602388269,11,19.95
MPE7643-BL-SM,190602388214,2,21.95
MPE7643-BL-LX,190602388221,5,21.95
MPE80040-BL-SM,190602388191,5,23.95
MPE80040-BL-LX,190602388207,8,23.95
MPE7644-FH-SM,190602388313,7,20.95
MPE7644-FH-LX,190602388320,6,20.95
MPE80043-FH-SM,190602388276,7,14.95
MPE80043-FH-LX,190602388283,11,14.95
MPE80045-VT-SM,190602388337,2,18.95
MPE80045-VT-LX,190602388344,7,18.95
MPE80049-GR-SM,190602388412,10,13.95
MPE80049-GR-LX,190602388429,15,13.95
MPE7645-GR-SM,190602388450,11,17.95
MPE7645-GR-LX,190602388467,12,17.95
MPE7646-GR-SM,190602388498,0,16.95
MPE7646-GR-LX,190602388504,0,16.95
MPE80051-GR-SM,190602388474,3,19.95
MPE80051-GR-LX,190602388481,5,19.95
MPE80032-BG-SM,190602304351,16,18.95
MPE80032-BG-LX,190602304368,18,18.95
MPE80033-BG-SM,190602304375,7,20.95
MPE80033-BG-LX,190602304382,12,20.95
MPE80030-RD-SM,190602304313,4,20.95
MPE80030-RD-LX,190602304320,8,20.95
MPE7647-RD-SM,190602388573,4,15.95
MPE7647-RD-LX,190602388580,9,15.95
MPE80052-RD-SM,190602388511,10,18.95
MPE80052-RD-LX,190602388528,12,18.95
MPE7649-RD-SM,190602388658,0,24.95
MPE7649-RD-LX,190602388665,7,24.95
MPE80036-RD-SM,190602304498,2,17.95
MPE80036-RD-LX,190602304504,6,17.95
MPE80034-BK-SM,190602304412,0,18.95
MPE80034-BK-LX,190602304429,4,18.95
MPE1917-BK-S0,190602388054,7,19.95
MPE1917-BK-M0,190602388061,11,19.95
MPE1917-BK-L0,190602388078,10,19.95
MPE1917-BK-X0,190602388085,10,19.95
MPE80056-BR-SM,190602388672,10,18.95
MPE80056-BR-LX,190602388689,13,18.95
MPE9881-BK-SM,190602389310,9,17.95
MPE9881-BK-LX,190602389327,12,17.95
MPE80034-RD-SM,190602304436,13,18.95
MPE80034-RD-LX,190602304443,16,18.95
MPE60087-BW-SM,190602389136,11,23.95
MPE60087-BW-LX,190602389143,13,23.95
MPE60089-BN-SM,190602389150,7,25.95
MPE60089-BN-LX,190602389167,7,25.95
MPE60086-BB-SM,190602389112,8,20.95
MPE60086-BB-LX,190602389129,12,20.95
8231-H226T,810040299186,0,10
EB-MASGH226,810040299230,0,10
WR-PEN-007,794969084729,12,5
WR-PEN-008,647581354452,11,5
WR-PEN-010,647581354445,12,5
COC-166,651277007140,68,15.95
COC-11A01,651277069001,0,8.95
COC-11A00,651277000691,275,0.99
COC-969011A,651277696900,31,34.7
SW25078,New,0,23.17
SW25014,743085347836,38,24.83
OLL7412140-LA-1X,840392217330,11,27
TOG-017,4890808301517,11,17
TOG-018,4890808301524,18,17
NX322283,5060274222220,10,42.5
NX322284,5060274222237,12,45
NX322285,5060274222244,12,47.5
NX322484,5060274222275,4,72.5
SL-RS-7807,844477027807,52,20.99
MPE75001-PK-SM,190602389921,10,18.95
MPE75001-PK-LX,190602389938,13,18.95
MPE75008-GY-SM,190602390088,0,13.95
MPE75008-GY-LX,190602390095,2,13.95
MPE75018-RD-SM,190602390309,1,13.95
MPE75018-RD-LX,190602390316,6,13.95
ERR0068,850081790068,0,1.85
ERR0143,850081790143,0,1.85
ERR0150,850081790150,0,1.85
ERR0051,850081790051,0,1.85
ERR0136,850081790136,0,1.85
ERR0037,850081790037,0,1.85
ERR0013,850081790013,0,1.85
ERR0112,850081790112,0,1.85
ERR0105,850081790105,0,1.85
ERR0099,850081790099,0,1.85
ERR0075,850081790075,0,1.85
PD4176-21,603912778274,34,27.5
PD4176-23,603912778281,23,27.5
PD4175-21,603912778267,23,25
LOV1231,6972677431231,170,65
ROLI1100-NV-XS,194685126138,6,24
ROLI1100-NV-S0,194685126114,17,24
ROLI1100-NV-M0,194685126107,18,24
ROLI1100-NV-L0,194685126091,18,24
ROLI1100-NV-X0,194685126121,12,24
ROLI1100-NV-1X,194685126145,6,25
ROLI1100-NV-2X,194685126152,6,25
ROLI1101-NV-SM,194685126176,23,22.5
ROLI1101-NV-LX,194685126169,24,22.5
ROLI1101-NV-2X,194685126183,18,23.5
ROL1752-NV-S0,194685108424,17,15
ROL1752-NV-M0,194685108417,18,15
ROL1752-NV-L0,194685108400,18,15
ROL1752-NV-X0,194685108431,12,15
ROL1752-NV-1X,194685108523,6,16
ROL1752-NV-2X,194685108530,6,16
LOV1170,6972677431170,262,65
JO10151,796494101513,39,9.6
JO10152,796494101520,43,9.6
JO10153,796494101537,43,9.6
JO10156,796494101568,38,9.6
JO10169,796494101698,52,9.6
NT3323-1,782631332315,18,23.75
NT3324-2,782631332421,16,36.67
NT3339,782631333909,14,34.17
NT3350-2,782631335026,15,12.5
NT3349,782631334906,23,5
KS13041,739122130417,19,10
KS13042,739122130424,21,10
KS13043,739122130431,23,10
KS13044,739122130448,19,10
KS13045,739122130455,25,10
KS13046,739122130462,11,10
KS13051,739122130516,21,7.5
KS13052,739122130523,17,7.5
KS13053,739122130530,21,7.5
KS13054,739122130547,20,7.5
KS13055,739122130554,19,7.5
KS13056,739122130561,21,7.5
SS681-01,646709681012,44,20
SS681-02,646709681029,42,20
SS681-03,646709681036,41,20
SS681-04,646709681043,44,22.5
SS681-05,646709681050,41,22.5
SS681-06,646709681067,40,22.5
SS681-07,646709681074,0,15
SS681-08,646709681081,40,15
SS681-09,646709681098,44,27.5
KS15011,739122150118,0,12.5
KS15013,739122150132,0,12.5
KS15014,739122150149,0,12.5
KS15016,739122150163,0,12.5
KS15015,739122150156,0,12.5
KS15012,739122150125,0,12.5
SS681-12,646709681128,43,12
SS681-14,646709681142,44,20
SS681-15,646709681159,43,75
SS681-18,646709681180,44,15
SS681-19,646709681197,44,15
SS681-20,646709681203,44,25
SS681-21,646709681210,42,25
SS681-22,646709681227,42,25
SS681-23,646709681234,39,15
SS681-24,646709681241,43,15
SS681-26,646709681265,41,11.5
LITCP-1299,817717012994,57,18
LITCP-1300,817717013007,61,18
LITCP-1296,817717012970,0,6
LITCP-1302,817717013021,0,16.5
LITCP-1301,817717013014,0,16.5
LITBG-140,685634104104,0,10
NT3346,782631334609,12,20.42
NT3347,782631334708,9,21.25
NT3348,782631334807,11,23.75
NT3352,782631335200,54,20
BWX237,848416019885,19,26.95
BWX238,848416019892,10,28.95
BWX239,848416019908,16,28.95
BWX240,848416019915,11,34.95
CG-GG-013,647581675021,11,30
OXHUJ151-RDBK,840215128966,25,6
OXHUJ152-BKRD,840215128973,36,9
VI-W0301,850052871697,0,25
VI-W0313,850052871703,0,25
VI-W0309,850052871710,0,25
VI-W0308,850052871727,0,25
VI-F2101,850052871673,0,25
VI-F2109,850052871666,0,25
VI-F2113,850052871680,0,25
VI-R1409,850052871659,0,25
VI-R1408,850052871642,0,25
XRAI016,848518064042,0,22.48
XRAI017,848518064059,5,22.48
XRAI018,848518064066,5,22.48
XRAH828,848518061775,19,49.98
XRAH878,848518062352,17,44.98
XRAH959,848518063458,16,44.98
XRAH994,848518063878,19,42.48
XRAH999,848518063892,9,32.48
CN1061,653078945614,19,14.48
CN1062,653078945621,17,13.48
CN1063,653078945638,22,11.48
CN1064,653078945645,23,11.48
CN1067,653078945676,23,12.48
CN1053,653078945539,10,42.48
CN1057,653078945577,14,44.98
CN1058,653078945584,17,44.98
CN1059,653078945591,19,44.98
CN1060,653078945607,20,44.98
CN1044,653078945447,13,27.48
CN1045,653078945454,11,27.48
CN1046,653078945461,15,27.48
CN1052,653078945522,19,49.98
CN1070-DARK,653078945720,21,28.98
CN1070-LIGHT,653078945706,18,28.98
CN1070-MED,653078945713,21,28.98
CN1071,653078945737,21,44.98
CN1065,653078945652,10,44.98
CN1066,653078945669,14,47.48
CN1015,653078945065,18,144.98
XRAI008,848518063960,0,14.98
XRAI009,848518063977,6,17.48
XRAI010,848518063984,0,14.98
XRAI011,848518063991,0,17.48
XRAI012,848518064004,0,17.48
XRAI013,848518064011,3,14.98
XRAH979,848518063694,18,14.98
PDRD639,603912778731,0,90
PDRD637,603912778755,0,85
PDRD638,603912778762,0,85
PDRD640,603912778786,0,90
PDRD641-21,603912779172,0,35
PDRD642-21,603912779189,0,30
PDRD644-21,603912778847,0,32.5
PDRD644-20,603912778854,0,32.5
PDRD646-21,603912779202,0,30
PDRD646-20,603912778885,0,30
PD3300-23,603912778472,16,35
PD3301-23,850076064242,0,70
PD3304-23,850076064235,0,40
PD4801-23,603912779059,0,45
PD5972-23,603912779103,0,40
PD5973-23,603912779158,0,45
PD5974-23,603912779141,0,25
PD5975-23,603912779134,0,37.5
PD4980-12,603912777291,17,50
PD4981-12,603912777307,15,55
PD4982-12,603912778229,22,65
PD4989-12,603912778373,0,25
PD4992-12,603912778946,0,30
PD4993-12,603912778977,0,60
PD4994-12,603912778991,0,50
PD4995-12,603912779011,0,50
PD4996-12,603912779035,0,50
PD5563-21,603912778687,0,14.5
PD5563-22,603912778694,5,14.5
PD5740-21,603912778236,13,65
SEN803-ML,810002662027,27,5.98
SEN801-ML,810002662058,30,5.98
SEN525,810002661631,19,9.48
SEN526,810002661617,30,9.48
SEN804-ML,810002662034,0,0.75
AN-1000,4890808302262,0,10
SE4348-05,716770115812,40,45.1
SE4348-07,716770115829,39,45.1
SE4348-10,716770115836,43,45.1
SE4376-00,716770115577,35,25.95
SE4376-05,716770115584,32,26.85
SE0619-54,716770115744,38,34.45
SE0619-59,716770115751,41,36.85
AN-1001,4890808302279,0,9.5
AN-1002,4890808302286,0,12
AN-1003,4890808302293,0,12
AN-1004,4890808302309,0,12
AN-1005,4890808302316,0,9.5
AN-1006,4890808302323,0,11.5
AN-1007,4890808302330,0,8.5
AN-1008,4890808302347,0,8
AN-1009,4890808302354,0,12.5
AN-1010,4890808302361,0,12.5
AN-1011,4890808302378,0,12.5
AN-1012,4890808302385,0,12.5
AN-1013,4890808302392,0,12.5
AN-1015,4890808302415,0,20
MD00287-9,699439002879,0,11.68
MD00407-1,699439004071,0,16.06
HV-001,4890808297063,0,40
HV-002,4890808297070,0,45
HV-003,4890808302187,9,44.5
HV-004,4890808302194,4,49.5
C0012-INSCUP2,4897127060187,17,60
MD00242-8,699439002428,46,5.61
MD00262-6,699439002626,16,8.67
MD00722-5,699439007225,2,5.61
VF-005-ORG,4890808302095,11,14
VF-005-PNK,4890808302101,0,14
VF-005-PUR,48908082302118,0,14
VF-007,4890808301999,36,5
VF-008,4890808302002,0,7
VF-009,4890808302019,47,10.5
VF-010,4890808302026,36,10.5
VF-011,4890808302033,12,15
VF-012,4890808302040,3,15
IBIC2425,847841024259,0,15
IBIC2426,847841024266,0,15
IBIC2427,847841024273,0,15
IBIC2706,847841027069,0,15
IBIC2707,847841027076,0,15
IBIC2708,847841027083,0,15
IBIC2726,847841027267,15,15
IBIC2727,847841027274,21,15
IBIC2703,New,0,6.65
IBIC2704,New,0,6.65
IBIC2200,847841022002,23,6.65
IBIC2204,847841022040,0,10
IBIC2205,847841022057,0,10
IBIC2206,847841022064,0,12.5
IBIC2201,847841022019,0,10
IBIC2202,847841022026,0,10
IBIC2203,847841022033,0,10
SE1491-07,716770116017,37,6.25
SE1491-05,716770116000,42,4.6
SE1492-63,716770115850,37,10.85
SE1492-65,716770115867,33,11
IBIC2450,847841024501,0,15
IBIC2451,847841024518,0,15
IBIC2452,847841024525,0,15
IBIC2453,847841024532,0,15
IBIC2460,847841024600,0,30
IBIC2461,847841024617,0,20
IBIC2462,847841024624,0,30
EN-RS-7203,844477027203,18,49.99
EN-RS-7562,844477027562,21,69.99
EN-RS-7425,844477027425,17,44.99
CTZ-JVB1130,7709154596294,22,30
CTZ-JVB1119,7709961950975,23,32.5
CTZ-JVB1120,7709961950920,23,50
EN-RS-7173,844477027173,17,59.99
EN-RS-7227,844477027227,7,64.99
EN-RS-6992,844477026992,17,49.99
EN-RS-7142,844477027142,14,59.99
EN-RS-7166,844477027166,17,59.99
GX-RD-7487,844477027487,11,49.99
GX-RD-7500,844477027500,20,45.99
GX-RD-7494,844477027494,21,45.99
GX-RD-7517,844477027517,18,49.99
GX-RS-7634,844477027364,22,44.99
GX-RS-7395,844477027395,9,42.99
GX-RS-7388,844477027388,22,32.99
GX-RS-7333,844477027333,15,56.99
SL-RS-7814,844477027814,29,24.99
SL-RS-7593,844477027593,12,21.99
SL-RS-7838,844477027838,30,18.99
SL-RS-7821,844477027821,33,20.99
HP3792,818631037926,0,17
HP3793,818631037933,0,17
HP3794,818631037940,0,14
HP3795,818631037957,0,13
HP3796,818631037964,0,11.5
HP3797,81863103797,0,11.5
HP3798, 818631037988,0,11.5
HP3799,818631037995,41,3
HP3800,818631038008,38,17
HP3803,818631038039,0,11
HP3804,818631038046,0,12
HP3805,818631038053,0,4.75
HP3810,818631038107,0,14.5
HP3814,818631038145,0,8.5
HP3815,818631038152,0,9.75
HP3816,818631038169,0,10.25
HP3823,818631038237,0,3.75
SE1986-08,716770115874,0,21.5
SE1986-27,716770115898,0,20.45
SE1986-50,716770115881,0,23.5
SE0882-98,716770115652,48,6.7
SE0882-99,716770115669,39,6.7
SE0885-00,716770115638,48,11.1
SE0885-05,716770115645,48,11.1
SE0275-22,716770116130,0,29.6
SE0275-29,716770116239,0,33.5
HP3825,818631038251,0,18
SE0275-30,716770116253,0,33.5
HP3826,818631038268,0,18
HP3827,818631038275,0,18
HP3828,818631038282,0,18
HP3829, 818631038299,0,18
SE5550-20,716770115843,0,56.25
SE0835-67,716770116031,0,29.6
SE0835-68,716770116048,0,29.6
SE0379-20,716770115980,0,12.95
NSN-0203-24,657447113239,0,10.3
NSN-0203-25,657447113246,0,10.3
NSN-0203-27,657447113253,0,10.3
NSN-0203-28,657447113260,0,10.3
NSN-0310-64,657447113345,0,25.1
NSN-0411-03,657447113383,0,17.15
NSN-0411-04,657447113390,0,17.15
NSN-0411-05,657447113406,0,17.15
NSN-0507-03,657447113413,0,14.45
NSN-0507-13,657447113437,0,4.95
NSN-0507-23,657447113444,0,6.25
NSN-0507-33,657447113451,0,7.7
NSN-0971-04,657447113550,0,21.9
NSN-0971-09,657447113567,0,26.85
NSN-0971-14,657447113574,0,10.2
NSN-0971-19,657447113581,0,12.95
NSN-0971-24,657447113598,0,14.55
NSN-0971-29,657447113604,0,16.75
NSN-0980-01,657447113611,0,38.4
NSN-0980-02,657447113635,0,38.4
NSN-0980-03,657447113642,0,41.75
BVE-034-SM,4890808306499,0,20
BVE-035-SM,4890808306482,0,20
NSN-0980-04,657447113659,0,38.4
NSN-0980-05,657447113666,0,40.1
NSN-0980-06,657447113673,0,38.4
NSN-1114-39,657447113710,0,25.05
NSN-1808-01AP,657447113857,0,59.45
NSN-1808-11AP,657447113864,0,70.05
NSN-1808-21AP,657447113871,0,63.8
NSN-1808-31AP,657447113888,0,57.6
NSN-1808-41AP,657447113895,0,59.3
BV-197-MBL,4890808307953,0,27.5
COO1101-10,638258907361,0,1.5
COO1103-10,638258907415,0,1.5
COO1105-10,638258907460,0,1.5
COO1106-10,638258907514,0,1.5
COO1109-10,638258907569,0,1.5
COO1110-10,638258907613,0,1.5
COO1114-10,638258907668,0,1.5
COO1111-10,638258907712,0,1.5
COO1112-10,638258907767,0,1.5
COO1101-03,New,0,6.48
COO1103-03,New,0,6.48
COO1105-03,New,0,6.48
COO1106-03,New,0,6.48
COO1109-03,New,0,6.48
COO1110-03,New ,0,6.48
COO1114-03,New ,0,6.48
COO1111-03,New ,0,6.48
COO1112-03,638258907774,0,6.48
COO1101-08,638258907378,0,9.98
COO1103-08,638258907422,0,9.98
COO1105-08,638258907477,0,9.98
COO1106-08,638258907521,0,9.98
COO1109-08,638258907576,0,9.98
COO1110-08,638258907620,0,9.98
COO1114-08,638258907675,0,9.98
COO1111-08,638258907736,0,9.98
COO1112-08,638258907781,0,9.98
COO1119-04,New ,0,9.98
COO1125-04,New ,0,9.98
COO1122-04,638258908177,0,8.48
COO1120-02,638258908184,0,7.98
SHTLOVU100PNK,8714273031983,0,49.95
SHTLOVU101PNK,8714273031990,0,39.95
SHTREA228TRA,8714273031952,0,12.95
SHTREA229TRA,8714273031969,0,14.95
SHTREA230TRA,8714273031976,0,17.95
SHTXKN032GRN,8714273031266,0,24.95
SHTXKN032MBL,8714273031303,0,24.95
LWE-068-RBW,4890808297452,0,12.5
LWE-068,4890808296844,0,12.5
SHTXKN032MRD,8714273031297,0,24.95
SHTXKN033GRN,8714273031327,0,29.95
SHTXKN033MBL,8714273031365,0,29.95
SHTXKN034BLK,8714273031372,0,39.95
SHTXKN034MRD,8714273031419,0,39.95
SHTXKN034ROS,8714273031402,0,39.95
SHTXKN034SIL,8714273031396,0,39.95
SHTXKN051BRN,8714273031679,0,24.95
SHTXKN051FLE,8714273031686,0,24.95
SHTXKN052BRN,8714273031693,0,24.95
SHTXKN052FLE,8714273031709,0,24.95
SHTXKN053FLE,8714273031716,0,24.95
SHTXKN053TAN,8714273031723,0,24.95
SHTXKN056FLE,8714273031778,0,24.95
SHTXKN056TAN,8714273031785,0,24.95
SHTXKN058FLE,8714273031822,0,24.95
PF-UB-102,628430541155,10,12.5
PF-UB-103,628430541131,10,12.5
PF-UB-104,628430541162,11,12.5
PF-UB-108,628430541735,11,12.5
PF-UB-109,628430541711,11,12.5
PF-UB-110,628430541766,11,12.5
PF-UB-113,628430541759,11,12.5
PF-UB-114,628430541780,11,13.75
PF-UB-122,628430541292,11,14.95
PF-UB-123,628430541285,11,14.95
PF-UB-124,628430541322,11,14.95
PF-UB-128,628430541377,11,14.95
PF-UB-129,628430541353,9,14.95
PF-UB-130,628430541346,7,14.95
PF-UB-133,628430541384,7,14.95
PF-UB-134,628430541407,11,14.95
PF-UB-142,628430541421,11,9.9
PF-UB-143,628430541438,11,9.9
PF-UB-144,628430541452,11,9.9
PF-UB-148,628430541490,9,9.9
PF-UB-149,628430541483,8,9.9
PF-UB-162,628430541568,11,11
PF-UB-163,628430541575,11,11
PF-UB-164,628430541612,10,11
PF-UB-168,628430541605,6,11
PF-UB-170,628430541674,6,11
PF-UB-174,628430541681,11,12.5
LW-072-DPR,4890808307564,0,42.49
LW-073-DPR,4890808307588,0,24.49
LW-073-PNK,4890808307595,0,24.49
CG-020,4890808298596,0,90
DJ7017-25,782421107048,14,20.04
DJ7017-26,782421107055,16,23.19
DJ7017-50,782421107062,14,19.99
DJ7017-51,782421107079,15,19.99
DJ0283-17,New,0,8.37
DJ0283-18,New ,0,8.34
DJ0288-35,782421106829,14,17.15
DJ0288-36,782421106836,18,17.15
DJ0288-39,782421106867,18,20
DJ0288-40,782421106874,22,20
TOG-055,4890808304174,0,22.5
TOG-056,4890808304181,0,27.5
LP6033647,3700436033647,10,32.5
LP6019399,3700436019399,17,80
LP6017265,3700436017265,10,35
SHTXKN058BRN,8714273031815,0,24.95
LP6019559,3700436019559,14,55
DJ0288-95,782421106591,20,19.14
DJ0288-96,782421106607,17,19.14
DJ0289-08,782421106676,21,12.15
DJ0289-09,782421106683,18,12.15
DJ0289-12,782421106713,23,15.32
DJ0289-13,782421106720,21,15.32
DJ0289-16,782421106751,21,19.17
DJ0289-17,782421106768,21,19.17
DJ0289-68,782421106553,22,15.25
DJ0289-69,782421106560,21,15.25
DJ0291-07,782421106638,13,8.6
DJ0291-08,782421106645,9,8.6
DJ5800-26,782421107185,15,18.38
DJ1366-05,782421106140,41,9.5
DJ1366-06,782421106157,36,9.5
DJ1366-25,782421106164,21,7.25
DJ1366-26,782421106171,33,7.25
DJ1370-01,782421107826,21,10.54
DJ1370-02,782421107833,0,10.54
DJ1370-03,782421107840,33,10.54
DJ1370-04,782421107857,22,10.54
DJ1370-05,782421107864,19,10.54
DJ1370-06,782421112028,0,10.54
DJ1001-01,782421111359,0,7.25
DJ1001-02, 782421111366,0,7.25
DJ1001-03,782421111373,0,7.25
DJ1002-01,782421110598,0,7.3
DJ1002-02,782421110611,0,7.3
DJ1002-03,782421110628,0,7.3
DJ1002-04,782421110635,0,7.92
DJ1002-05,782421110642,0,7.92
DJ1002-06,782421110659,0,7.92
DJ0684-54,782421110352,18,15.22
DJ0684-56,782421110444,15,13.82
DJ0684-57,782421110666,0,15.09
DJ0684-58,782421110697,0,14.77
DJ0684-60,782421110451,10,9.1
DJ0684-65,782421110468,11,9.1
DJ3400-25,782421107017,18,7.17
DJ3400-26,782421107024,12,9
DJ3400-27,782421107031,11,10.44
DJ3503-08,782421107109,22,6.53
DJ3503-09,782421107116,21,10
DJ3503-10,782421107123,16,14
DJ3503-11, 782421107253,0,5.5
DJ1025-01,782421107192,0,33.39
DJ1025-02,782421107208,0,41.69
DJ1025-03,782421107215,0,50.51
DJ1025-04,782421107222,0,32.14
DJ1025-05,782421107239,0,38.76
HPB-1000BL,710022365352,23,55
BALL-CG22,176554006086,0,6
BALL-CG23,176554006093,0,6
BALL-CG24,176554006109,0,6
WS90720,713079907209,288,0.49
WS90730,713079907308,463,0.49
DT476,850031138476,24,45
DT469,850031138469,31,50
DT483,850031138483,29,30
DT490,850031138490,26,35
DT506,850031138506,26,45
DT513,850031138513,26,30
DT520,850031138520,30,30
DT537,850031138537,28,35
DT544,850031138544,0,50
DT575,850031138575,32,30
DT551,850031138551,22,35
DT568,850031138568,10,25
DJ8050-01,782421786618,11,45.23
SE1632-71,716770115676,0,13.75
SE1632-72,716770115683,0,13.75
SE1632-76,716770115690,0,16.25
SE1632-77,716770115706,0,16.25
NN-XLTRBTF,810121171134,0,8
NN-XLBLUMER,810121173022,0,8
NN-XLOPLMER,810121173015,0,8
NN-RAZBTF,672975646349,0,7
NN-OWHPETBS,810121172032,0,5.5
NN-JPWEE,810121172018,0,5.5
NN-HONNUD,810121172049,0,5.5
NN-CBSWEE,810121172001,0,5.5
NN-BBSHL,45923590832,0,5
NN-BLUMER,810121173046,0,5.5
NN-BLUMERP,810121173039,0,5.5
NN-BLUMERR,810121172995,0,5.5
WS91315,113079919156,0,19.95
NN-CBSSHL,45923590870,0,5
NN-GFDFSH,45923590917,0,5
NN-GFDSHL,45923590856,0,5
NN-LLSHL,45923590863,0,5
NN-OPLMER,810121173008,0,5.5
CG-MAMUSE-001,647581675038,0,15
NN-PRFSH,45923590924,0,5
NN-PRSHL,45923590849,0,5
NN-SPPSHL,45923590825,0,5
NN-SQCHA,45923592126,0,5
NN-SQMLP,45923592157,0,5
NN-UNISHL,45923591839,0,5
NN-UPOSHL,45923592614,0,5
NN-MOPSHL,672975645656,0,5
NN-GRZWEE,672975645427,0,5
NN-GSSWEE,689855877519,0,5
NN-GSNWEE,689855877472,0,5
NN-GLOWEE,614608260966,0,5
NN-JPWEES,810121170410,0,5
NN-SSGWEE,45923592751,0,5
NN-ARIWEE,45923592744,0,5
NN-FUNWEE,45923592782,0,5
NN-CBSWEES,45923592768,0,5
NN-GLGWEE,45923592713,0,5
NN-BRSWEE,672975642815,0,5
NN-PBBPET,672975645410,0,5
NN-PINPET,614608262458,0,5
NN-SSLLWE,614608262243,0,5
NN-RSTWEE,45923592720,0,5
NN-UPOWEE,45923592799,0,5
NN-YSBPET,614608262304,0,5
NN-GLOFLA,614608260621,0,5
NN-GLORAD,672975005948,0,5.5
NN-EFLDOM,614608260645,0,5
NN-RBRFLA,614608260614,0,5
NN-REFTOX,672975005955,0,5.5
NN-SSWPEF,614608262267,0,5
NN-SQWEB,672975005429,0,5.5
NN-SQPUM,672975005436,0,5.5
NN-WGLSHA,810121173893,0,5.5
NN-SCRFAC,810121173633,0,5.5
NN-RIPGRS,810121173695,0,5.5
NN-FACHC,810121173497,0,5.5
NN-CMEHRT,810121173572,0,5.5
NN-SQUNI,689855877953,0,5.5
NN-SQSTB,689855877977,0,5.5
NN-SQMSM,672975005085,0,5.5
NN-SQMOU,689855878011,0,5.5
NN-PTMBHR,810121174654,0,7
NN-PTMXF,810121174685,0,7
NN-HPWTTH,810121174678,0,7
NN-CTBMHR,810121174647,0,7
NN-CTMBXF,810121174692,0,7
NN-CTMHRT,810121174661,0,7
NN-BTMHRT,810121174708,0,7
NN-BNFOY,810121170489,0,8
NN-BNPRI,614608261765,0,8
NN-BNBRI,614608261802,0,7
NN-BNRED,672975644949,0,7.5
NN-BNPIN,810121171004,0,8.5
NN-BNASB,672975646059,0,8
NN-BNHRT,672975645144,0,12
NN-BNWBC,672975645274,0,8
NN-BNSCR,672975645311,0,12
NN-BNPMC,672975646042,0,10
NN-BNQON,672975646035,0,12
NN-BNDMA,672975646028,0,12
NN-BNCAM,672975646011,0,12
NN-BNGGX,672975646004,0,12
NN-FAHBD,45923591310,0,5
NN-FABAM,733074136541,0,5.5
NN-FAPAN,45923591495,0,5.5
NN-GLI007,810121172322,0,7
NN-GLI006,810121172315,0,7
NN-BLUBTF,672975645168,0,5.5
NN-FAPIZ,733074136527,0,5
NN-UNCNS,733074135384,0,5.5
NN-FARAI,733074136442,0,5.5
NN-FAPC,45923590993,0,5.5
NN-FABTE,45923590733,0,5.5
NN-BLADIA,810121170519,0,5.5
NN-FAUFO,810121170526,0,5.5
NN-FACAA,45923590559,0,5.5
NN-OPOPBF,614608262045,0,5.5
NN-BSMHPY,810121171882,0,5.5
NN-BDLBRI,672975005016,0,5
NN-BDLEAF,672975005009,0,5
NN-BLKUC,614608262571,0,5.5
NN-BLK69,810121171035,0,5.5
NN-AFRTOX,810121170854,0,5.5
NN-FAACD,810121172636,0,5.5
NN-NEOTFA,810121173152,0,5.5
NN-BLAMLT,672975645038,0,5.5
NN-BLAMLTO,672975644994,0,5.5
NN-BLAMLTS,672975645250,0,5.5
NN-PSBSPI,45923592584,0,5
NN-CBSSPI,45923592638,0,5
NN-CBSSPIB,45923592546,0,5
NN-YSBSPI,45923592577,0,5
NN-BLATOD,672975644451,0,5
NN-BLATODL,672975644628,0,5
NN-BLATODA,672975644710,0,5
NN-BLATODS,672975644680,0,5
NN-WHITODR,672975644499,0,5
NN-WHITODL,672975644376,0,5
NN-CBSSHR,45923593291,0,5.5
NN-CMSHR,733074135421,0,5.5
NN-PINSHRS,45923593314,0,5.5
NN-PINSHRG,689855877328,0,5
NN-YSBSHR,45923593307,0,5.5
PWX8070,848416018499,6,29.5
PWX8071,848416018505,5,29.5
PWX8072,848416018512,4,29.5
BM-RTP-GN,817483019401,0,13.63
JO40408,796494404089,0,6.8
JO10637,796494106372,0,11.23
JO10638,796494106389,0,11.23
JO10639,796494106396,0,11.23
CG-SK-RIREID-001,649226870594,0,35
NN-GREMSH,672975645786,0,5.5
NN-BLAMAL,672975645229,0,5.5
NN-BLAMALS,672975645212,0,5.5
NN-BLAMALC,672975645236,0,5.5
NN-GLOALI,672975005658,0,5
NN-RSTALI,45923591617,0,5
NN-CBSALI,45923591358,0,5
NN-AFRALI,672975643478,0,5
NN-CBSREX,672975644529,0,5.5
NN-JPREX,810121170434,0,5.5
NN-BLABTFP,672975645793,0,5.5
NN-BLABTFB,672975645762,0,5.5
NN-BLABTFR,672975645779,0,5.5
NN-BERBTF,810121170229,0,5
NN-TRBTF,614608262441,0,5
NN-DDBTF,614608262502,0,5
NN-WHIBTFS,45923593338,0,5
NN-WHIBTFU,689855876932,0,5
NN-FRUBAN,614608262403,0,5.5
NN-FRUWAT,614608262397,0,5.5
NN-FRUSTB,614608262434,0,5.5
NN-FLOROS,689855877793,0,5.5
NN-FLOSUN,689855877823,0,5.5
NN-FLODAI,689855877816,0,5.5
NN-FADAI,810121171837,0,5.5
NN-FAKIT,810121171714,0,5.5
NN-FADNO,810121171820,0,5.5
NN-FAFOX,810121171905,0,5.5
NN-FANAR,672975646318,0,5.5
NN-FAGRI,45923593208,0,5
NN-FATIG,45923593192,0,5
NN-FACOR,689855877298,0,5
NN-FASLI,614608262878,0,5.5
NN-GREMLT,810121172421,0,5.5
NN-BLASOB,810121174593,0,5.5
NN-PFLPPP,672975643591,0,10
NN-PFLYEL,672975643607,0,10
NN-PFLRED,672975643614,0,10
NN-PFLBLU,672975643621,0,10
NN-PFLYEL3,672975643638,0,7
NN-SPFBLU,672975643683,0,10
NN-SPFYEL,672975643690,0,7
NN-SFLPPP,672975643669,0,10
NN-SPOT1,810121172810,0,5.5
NN-SPOT2,810121172872,0,5.5
NN-SPOT3,810121174012,0,5.5
NN-FAINN,45923593413,0,5
NN-FABMS,810121172193,0,5.5
NN-FAEAT,810121172186,0,5.5
NN-FGIFN,689855876765,0,5
NN-SQSTK,810121170243,0,5
CRC-SKCKEG6,5037353013864,0,25
CRC-SKCDILC5,5037353011860,0,27.5
CRC-SKCDILC3SM,5037353011877,0,16.5
CRC-SKCDILC3ML,5037353011884,0,19
CRC-UNIKKFV,5037353014243,0,16.5
CRC-UNIPPFV,5037353014267,0,16.5
CRC-UNITTFV,5037353014250,0,16.5
CRC-CLA-16,5061076320404,0,17.5
CRC-CLA-17,5061076320411,0,25
CRC-CLA-22,5061076320459,0,15
CRC-CLA-25,5061076320541,0,12.5
CRC-CLA-27,5061076320497,0,17.5
CRC-CLA-31,5061076321364,0,17.5
CRC-CLA-33,5061076321388,0,20
CRC-CLA-34,5061076321395,0,17.5
CRC-CLA-35,5061076321401,0,22.5
CRC-CLA-38,5061076321432,0,25
CRC-CLA-39,5061076321449,0,15
CRC-CLA-40,5061076321456,0,25
CRC-CLA-42,5061076321470,0,15
CRC-CLA-45,5061076321500,0,15
CRC-CLA-49,5061076321548,0,25
CRC-SKLUBBC4,5037353013857,0,8
CRC-SM-043,847878002794,0,25
CRC-SM-044,847878004323,0,17.5
CRC-SM-045,847878004330,0,15
CRC-SM-053,847878004491,0,12.5
CRC-SM-060,847878004569,0,50
CRC-SM-065,5061076321555,0,35
CRC-SM-066,5061076321562,0,35
CRC-SM-067,5061076321579,0,40
CRC-SM-069,5061076321586,0,40
CRC-SM-070,5061076321593,0,17.5
CRC-SM-072,5061076321623,0,50
CRC-SM-073,5061076321630,0,22.5
CRC-SM-074,New,0,22.5
CRC-SM-075,New,0,15
CRC-SM-078,5061076321678,0,15
CRC-SM-080,5061076321692,0,12.5
CRC-SM-081,5061076321708,0,20
KHE-NV105,825156111932,0,7.5
KHE-NV106,82515611199,0,7.5
KHE-BGA44,825156112052,0,15
